{"type":"FeatureCollection","features":[{"type":"Feature","id":"1-39216555","properties":{"line":"1","colour":"#E4002B","osmRelationId":199200,"osmWayId":39216555},"geometry":{"type":"LineString","coordinates":[[121.3830405,31.1155546],[121.3820967,31.1144454],[121.3820578,31.1144011],[121.3817692,31.1140725],[121.3815186,31.1137873],[121.3802901,31.1123564],[121.3801812,31.1122307],[121.3798454,31.1118323],[121.3783104,31.1100762]]}},{"type":"Feature","id":"1-91545513","properties":{"line":"1","colour":"#E4002B","osmRelationId":199200,"osmWayId":91545513},"geometry":{"type":"LineString","coordinates":[[121.3975369,31.132213],[121.3964038,31.1311448],[121.3960535,31.1308069],[121.3958699,31.1306211],[121.3957377,31.1304717],[121.3954019,31.1300777],[121.3950433,31.1296865]]}},{"type":"Feature","id":"1-91545514","properties":{"line":"1","colour":"#E4002B","osmRelationId":199200,"osmWayId":91545514},"geometry":{"type":"LineString","coordinates":[[121.3926065,31.1274046],[121.3924846,31.1272954]]}},{"type":"Feature","id":"1-91818423","properties":{"line":"1","colour":"#E4002B","osmRelationId":199200,"osmWayId":91818423},"geometry":{"type":"LineString","coordinates":[[121.3924846,31.1272954],[121.3903416,31.125274],[121.3893243,31.1241778],[121.3883592,31.1228133],[121.3875553,31.1216643],[121.3867716,31.120455],[121.3862933,31.1198194],[121.3858023,31.1191754],[121.3856319,31.1189482]]}},{"type":"Feature","id":"1-91819153","properties":{"line":"1","colour":"#E4002B","osmRelationId":199200,"osmWayId":91819153},"geometry":{"type":"LineString","coordinates":[[121.3856319,31.1189482],[121.3854779,31.11875]]}},{"type":"Feature","id":"1-91977745","properties":{"line":"1","colour":"#E4002B","osmRelationId":199200,"osmWayId":91977745},"geometry":{"type":"LineString","coordinates":[[121.4002808,31.134805],[121.399917,31.1344678]]}},{"type":"Feature","id":"1-93878002","properties":{"line":"1","colour":"#E4002B","osmRelationId":199200,"osmWayId":93878002},"geometry":{"type":"LineString","coordinates":[[121.4088075,31.1434119],[121.4086509,31.1432528],[121.4082795,31.1429043],[121.4056451,31.1403839],[121.4043378,31.1390111],[121.4017073,31.1361664],[121.4002808,31.134805]]}},{"type":"Feature","id":"1-376655901","properties":{"line":"1","colour":"#E4002B","osmRelationId":199200,"osmWayId":376655901},"geometry":{"type":"LineString","coordinates":[[121.4296337,31.35474],[121.4299064,31.3516682],[121.4300518,31.3501536],[121.4301347,31.3496077],[121.4302449,31.3490477],[121.4304132,31.3484159],[121.430567,31.3478658],[121.4307846,31.3472017],[121.4309848,31.3466541],[121.4312546,31.3459876],[121.4322527,31.3435517],[121.4327256,31.3423772],[121.4333835,31.3407871],[121.4341746,31.33895],[121.4345681,31.3380355]]}},{"type":"Feature","id":"1-441452859","properties":{"line":"1","colour":"#E4002B","osmRelationId":199200,"osmWayId":441452859},"geometry":{"type":"LineString","coordinates":[[121.3832523,31.11579],[121.3830405,31.1155546]]}},{"type":"Feature","id":"1-441452860","properties":{"line":"1","colour":"#E4002B","osmRelationId":199200,"osmWayId":441452860},"geometry":{"type":"LineString","coordinates":[[121.3854779,31.11875],[121.385015,31.1181581],[121.383928,31.1166886],[121.3832523,31.11579]]}},{"type":"Feature","id":"1-460289576","properties":{"line":"1","colour":"#E4002B","osmRelationId":199200,"osmWayId":460289576},"geometry":{"type":"LineString","coordinates":[[121.4345681,31.3380355],[121.4370701,31.3324328],[121.4395074,31.3271951],[121.4419944,31.3216925],[121.4422707,31.3210811],[121.4428327,31.3198455],[121.4430821,31.3192177],[121.4433033,31.3185869],[121.4434603,31.318017],[121.4435722,31.3174044],[121.4436722,31.3166972],[121.4437429,31.3159861],[121.4439818,31.3105107],[121.4439512,31.3097585],[121.4439083,31.3090206],[121.4438654,31.3082643],[121.4439,31.3074959],[121.443999,31.3058761],[121.4441172,31.3039413],[121.4443462,31.3010142],[121.4444108,31.3002776],[121.4446902,31.2984504],[121.4450314,31.2968176],[121.4454186,31.2951591]]}},{"type":"Feature","id":"1-460289577","properties":{"line":"1","colour":"#E4002B","osmRelationId":199200,"osmWayId":460289577},"geometry":{"type":"LineString","coordinates":[[121.4456973,31.2939055],[121.4457784,31.2935122],[121.4458922,31.2929898],[121.446416,31.2902436]]}},{"type":"Feature","id":"1-460289578","properties":{"line":"1","colour":"#E4002B","osmRelationId":199200,"osmWayId":460289578},"geometry":{"type":"LineString","coordinates":[[121.471928,31.2327012],[121.4732844,31.2311487],[121.4734263,31.230918],[121.4742975,31.229444],[121.4747087,31.2285795],[121.4747127,31.2284937],[121.4747198,31.2283753],[121.4746831,31.2278347],[121.4742982,31.2271329],[121.4738028,31.2266946],[121.4729933,31.2263892],[121.4701651,31.2253226],[121.4693343,31.2249557],[121.4655268,31.223333],[121.4631871,31.22224],[121.461361,31.2215697],[121.460495,31.2211864],[121.4604424,31.2211631],[121.4588954,31.2204783],[121.4552521,31.2189248],[121.4524775,31.2177204],[121.45063,31.2169183],[121.446465,31.2151926],[121.4455074,31.2148049],[121.4451696,31.2146619],[121.4449335,31.2145525],[121.4447979,31.2144642],[121.4444881,31.2142708],[121.44402,31.2138864],[121.4437471,31.2135823],[121.4435747,31.2133477],[121.443441,31.2131053],[121.4432988,31.2128163],[121.4432267,31.2126177],[121.4431705,31.2124158],[121.4431293,31.2120763],[121.4431285,31.2117327],[121.4433383,31.2097403],[121.4433409,31.2096378],[121.443336,31.2095224],[121.4433294,31.2094269],[121.4433148,31.2092861],[121.4432837,31.2090914],[121.4432654,31.2089762],[121.4432344,31.2088344],[121.4431995,31.2087147],[121.4431523,31.2085613],[121.4431001,31.2084035],[121.4429801,31.2081128],[121.4428477,31.2078283],[121.4426438,31.2075332],[121.4419144,31.2064633],[121.4394297,31.2031501],[121.4383189,31.2017135],[121.4368761,31.1998476],[121.4360694,31.1987854],[121.4354108,31.1979842],[121.435368,31.1979321],[121.4346897,31.197107],[121.434438,31.1967462],[121.4342299,31.1963514],[121.4338794,31.1950844],[121.4333857,31.1934416],[121.4324115,31.1897854],[121.4322826,31.1891468],[121.4317926,31.1845118],[121.4317243,31.1838659],[121.4315709,31.1825276],[121.4308836,31.1765312],[121.4306428,31.1743723],[121.4303848,31.1710059],[121.4303579,31.1706084],[121.4302635,31.1700701],[121.4300842,31.1689707],[121.4297924,31.1671545],[121.4297777,31.1669248],[121.4297586,31.1666269],[121.4297016,31.1657369],[121.4296464,31.1648733],[121.4296313,31.164638],[121.4295516,31.1637917],[121.4294405,31.1631324],[121.4292378,31.1618254],[121.4290984,31.1609896],[121.4289224,31.1603915],[121.4288324,31.1601274],[121.4287085,31.1598365],[121.4284291,31.1593621],[121.4281134,31.1588971],[121.4276872,31.1583597],[121.4272856,31.1579847],[121.426936,31.1576828],[121.4268906,31.1576452]]}},{"type":"Feature","id":"1-840149806","properties":{"line":"1","colour":"#E4002B","osmRelationId":199200,"osmWayId":840149806},"geometry":{"type":"LineString","coordinates":[[121.3940026,31.1287216],[121.3926065,31.1274046]]}},{"type":"Feature","id":"1-840149807","properties":{"line":"1","colour":"#E4002B","osmRelationId":199200,"osmWayId":840149807},"geometry":{"type":"LineString","coordinates":[[121.3950433,31.1296865],[121.3940026,31.1287216]]}},{"type":"Feature","id":"1-954622168","properties":{"line":"1","colour":"#E4002B","osmRelationId":199200,"osmWayId":954622168},"geometry":{"type":"LineString","coordinates":[[121.424887,31.1562468],[121.4247176,31.1561966],[121.4245976,31.1561486],[121.4238926,31.1558021],[121.4222431,31.1551338],[121.4215389,31.1548762],[121.4207175,31.1544746],[121.4197809,31.153942],[121.4191305,31.1534051],[121.4180918,31.1524932]]}},{"type":"Feature","id":"1-954622170","properties":{"line":"1","colour":"#E4002B","osmRelationId":199200,"osmWayId":954622170},"geometry":{"type":"LineString","coordinates":[[121.4268906,31.1576452],[121.4263756,31.1572186],[121.425476,31.1565972],[121.424887,31.1562468]]}},{"type":"Feature","id":"1-1074481421","properties":{"line":"1","colour":"#E4002B","osmRelationId":199200,"osmWayId":1074481421},"geometry":{"type":"LineString","coordinates":[[121.4456378,31.2941995],[121.4456973,31.2939055]]}},{"type":"Feature","id":"1-1074481422","properties":{"line":"1","colour":"#E4002B","osmRelationId":199200,"osmWayId":1074481422},"geometry":{"type":"LineString","coordinates":[[121.4454186,31.2951591],[121.4454757,31.2949146],[121.4455635,31.2944979],[121.4456378,31.2941995]]}},{"type":"Feature","id":"1-1074481425","properties":{"line":"1","colour":"#E4002B","osmRelationId":199200,"osmWayId":1074481425},"geometry":{"type":"LineString","coordinates":[[121.446416,31.2902436],[121.4465162,31.2897182],[121.446744,31.2887582],[121.4469102,31.2878302]]}},{"type":"Feature","id":"1-1086780509","properties":{"line":"1","colour":"#E4002B","osmRelationId":199200,"osmWayId":1086780509},"geometry":{"type":"LineString","coordinates":[[121.399917,31.1344678],[121.398875,31.1334851]]}},{"type":"Feature","id":"1-1086780511","properties":{"line":"1","colour":"#E4002B","osmRelationId":199200,"osmWayId":1086780511},"geometry":{"type":"LineString","coordinates":[[121.398875,31.1334851],[121.3982456,31.1328778],[121.3975369,31.132213]]}},{"type":"Feature","id":"1-1119656132","properties":{"line":"1","colour":"#E4002B","osmRelationId":199200,"osmWayId":1119656132},"geometry":{"type":"LineString","coordinates":[[121.4469102,31.2878302],[121.4469891,31.2868968],[121.4470135,31.2860791],[121.4470113,31.284384],[121.4472265,31.2818119],[121.4473026,31.280845],[121.4473817,31.2801857],[121.447539,31.279186],[121.4477406,31.2783804],[121.4479963,31.2776864],[121.4481867,31.2771715],[121.4484697,31.2765871],[121.4489431,31.2757526],[121.4494938,31.2749583],[121.4500369,31.274159],[121.4506583,31.2732712],[121.4525043,31.2707415],[121.4537835,31.2688924],[121.4542978,31.2677349],[121.4544252,31.2670958],[121.4545003,31.2664585],[121.4545291,31.2652147],[121.454326,31.2628624],[121.4543606,31.2619343],[121.4544335,31.2614875],[121.4548552,31.2600847],[121.454884,31.258975],[121.4548728,31.2573411],[121.4547409,31.2558077],[121.4545697,31.2552717],[121.4542713,31.2547105],[121.4539167,31.2540687],[121.4530458,31.2524756],[121.4512065,31.2491107]]}},{"type":"Feature","id":"1-1356811211","properties":{"line":"1","colour":"#E4002B","osmRelationId":199200,"osmWayId":1356811211},"geometry":{"type":"LineString","coordinates":[[121.4180918,31.1524932],[121.4178723,31.152293],[121.4166785,31.151184],[121.4117816,31.1465815],[121.411553,31.1463578],[121.4113498,31.1461081],[121.4107042,31.1452795],[121.4104632,31.1450132],[121.4102031,31.1447554],[121.4101876,31.1447411]]}},{"type":"Feature","id":"1-1356811212","properties":{"line":"1","colour":"#E4002B","osmRelationId":199200,"osmWayId":1356811212},"geometry":{"type":"LineString","coordinates":[[121.4101876,31.1447411],[121.4094802,31.1440955],[121.4088075,31.1434119]]}},{"type":"Feature","id":"1-1389669270","properties":{"line":"1","colour":"#E4002B","osmRelationId":199200,"osmWayId":1389669270},"geometry":{"type":"LineString","coordinates":[[121.4512065,31.2491107],[121.450424,31.2476804],[121.4503029,31.2473628],[121.4502887,31.2472875],[121.4502409,31.2469663],[121.4502693,31.2465861],[121.450271,31.2465745],[121.4502872,31.2464659],[121.45031,31.2463129],[121.450354,31.2460806],[121.4504169,31.2458102],[121.4505475,31.2454824],[121.4506727,31.2452654],[121.4508019,31.2450535],[121.4509656,31.2448729],[121.4512261,31.2446335],[121.4514209,31.2445033],[121.4515752,31.2444137],[121.4517468,31.2443263],[121.4518987,31.2442666],[121.4519775,31.2442356],[121.4519932,31.2442302],[121.4523484,31.2441081],[121.4528639,31.2439602],[121.4537124,31.2437538],[121.4553069,31.2433557],[121.4570371,31.2428624],[121.4587379,31.2423106],[121.4619278,31.2411963],[121.4636428,31.2405396],[121.4669575,31.2392467],[121.4680326,31.2383707],[121.4684831,31.2378726],[121.4688767,31.2372605],[121.4691385,31.2368369],[121.4695517,31.2361024]]}},{"type":"Feature","id":"1-1389669272","properties":{"line":"1","colour":"#E4002B","osmRelationId":199200,"osmWayId":1389669272},"geometry":{"type":"LineString","coordinates":[[121.4698175,31.23563],[121.4708951,31.2340677],[121.471146,31.2336915],[121.4713894,31.2333177],[121.471928,31.2327012]]}},{"type":"Feature","id":"1-1389669280","properties":{"line":"1","colour":"#E4002B","osmRelationId":199200,"osmWayId":1389669280},"geometry":{"type":"LineString","coordinates":[[121.4695517,31.2361024],[121.4698175,31.23563]]}},{"type":"Feature","id":"2-50176912","properties":{"line":"2","colour":"#97D700","osmRelationId":5611325,"osmWayId":50176912},"geometry":{"type":"LineString","coordinates":[[121.5695678,31.2048948],[121.5686641,31.2051864],[121.5683152,31.2052888],[121.5679974,31.2053677],[121.5677338,31.2054185],[121.5674719,31.2054553],[121.5672402,31.2054774],[121.5670041,31.2054885]]}},{"type":"Feature","id":"2-120944644","properties":{"line":"2","colour":"#97D700","osmRelationId":5611325,"osmWayId":120944644},"geometry":{"type":"LineString","coordinates":[[121.5670041,31.2054885],[121.5666751,31.2054885],[121.5663548,31.2054691],[121.5660384,31.2054356],[121.5656773,31.2053875],[121.5638238,31.205119]]}},{"type":"Feature","id":"2-376634458","properties":{"line":"2","colour":"#97D700","osmRelationId":5611325,"osmWayId":376634458},"geometry":{"type":"LineString","coordinates":[[121.5616139,31.2048007],[121.5607918,31.2047049],[121.5603166,31.2046874],[121.559944,31.2046959],[121.55959,31.2047254],[121.5592858,31.2047659],[121.5590549,31.2048121],[121.5587822,31.2048724],[121.5584598,31.204971],[121.5581349,31.2050806],[121.5578116,31.2051698],[121.557496,31.2052229],[121.5571563,31.2052633],[121.5568947,31.2052856],[121.5563332,31.2053018],[121.5562459,31.205303],[121.5561133,31.2053036],[121.5552207,31.2053074],[121.5551127,31.2053078],[121.5543717,31.2053104],[121.5542978,31.2053107],[121.5534366,31.2053139],[121.5521978,31.2053269],[121.5517309,31.205338],[121.5512944,31.2053665],[121.5509641,31.2054032],[121.550761,31.2054454],[121.5505376,31.205505],[121.5501145,31.2056385],[121.549811,31.2057642],[121.5494798,31.2059264],[121.5487511,31.2063464],[121.5483484,31.2066711],[121.5480371,31.2070542],[121.5474343,31.2083327],[121.5468012,31.2108347],[121.5465049,31.2120246],[121.5452508,31.2171047],[121.5446318,31.2181939],[121.5434907,31.2191328],[121.5395781,31.221381],[121.5394832,31.2214348],[121.5392742,31.2215534],[121.5386791,31.2219139],[121.5299446,31.2267823],[121.5231335,31.2305928],[121.5229152,31.2307149],[121.521344,31.2316068],[121.5195876,31.2323348],[121.5150249,31.2340955],[121.5111155,31.235458],[121.5084816,31.2363699],[121.5061617,31.2371646],[121.5041856,31.2378699],[121.500314,31.2393534],[121.4992703,31.2397527],[121.4981403,31.2401812],[121.4977841,31.2402932],[121.4974454,31.2403614],[121.4969151,31.2404632],[121.4961706,31.2405575],[121.4952623,31.2407136],[121.4945762,31.2408315],[121.4937153,31.2409696],[121.4927522,31.241093],[121.4921727,31.2411464],[121.4916324,31.2411766],[121.4900937,31.2412442],[121.4885304,31.241264],[121.48706,31.241144],[121.4853511,31.2409286],[121.4841989,31.2407352],[121.4838772,31.2406398],[121.4832261,31.2404488],[121.4823914,31.2401992],[121.4792191,31.239147],[121.4744478,31.2375848],[121.4722852,31.2371643],[121.4713647,31.2368696],[121.4710431,31.2367491],[121.4707378,31.2366043],[121.4692751,31.2357016],[121.4670125,31.2342621],[121.4650917,31.2332762],[121.4637795,31.2329024],[121.4625907,31.2328049],[121.4613699,31.2327654],[121.4593425,31.2326237],[121.4583049,31.2324464],[121.4574384,31.2322983],[121.456011,31.2318504],[121.4536825,31.2309012],[121.4514874,31.2303975],[121.4509917,31.2301519],[121.4508476,31.2300805],[121.4485884,31.228625],[121.4454125,31.2268334],[121.4422003,31.2253361],[121.4395938,31.2244073],[121.436741,31.2233907],[121.4329357,31.2225098],[121.429507,31.2220007],[121.4270055,31.2214635],[121.4233421,31.2208938],[121.4164183,31.2208819],[121.4161227,31.2208714],[121.4154722,31.2207555],[121.4129373,31.2202152],[121.4121313,31.2200325],[121.4117156,31.2199244],[121.4115122,31.2198543],[121.4108805,31.2196098],[121.4105203,31.2194337],[121.4099384,31.2190602],[121.4097872,31.218929],[121.4096485,31.2187751],[121.408193,31.2166927],[121.4079694,31.2163095],[121.4076296,31.2159145],[121.4071452,31.2154532],[121.406512,31.2149117],[121.4061822,31.2146218],[121.4057865,31.2143211],[121.4055064,31.2140929],[121.405163,31.2138329],[121.4048669,31.2135783],[121.4046176,31.213398],[121.404396,31.2132686],[121.4041688,31.2131603],[121.4036178,31.2129862],[121.4032948,31.212908],[121.4030544,31.2128581],[121.4026908,31.2128125],[121.4021909,31.212801],[121.4017827,31.2127974],[121.4016756,31.2127989],[121.4014777,31.2128008],[121.4011474,31.2128176],[121.4004922,31.2129179],[121.3991874,31.2131346],[121.3960984,31.2135735],[121.3957168,31.2136474],[121.3908478,31.2149821],[121.3843521,31.2164605],[121.3826814,31.216846],[121.3808762,31.21721],[121.3805665,31.2172624],[121.3802116,31.2173225],[121.3792417,31.2174407],[121.3762142,31.2176966],[121.3733168,31.2178526],[121.3719186,31.2179066],[121.3712324,31.2180026],[121.3690999,31.2184613],[121.3674845,31.2188135],[121.3667887,31.2189574],[121.3621942,31.2195266],[121.3567072,31.2199838],[121.3558333,31.2200518],[121.3538095,31.2201893],[121.3533726,31.2202349],[121.351503,31.2205902],[121.3506505,31.2207196],[121.3497257,31.2208226],[121.3487991,31.2209078],[121.3480929,31.2209621],[121.3472524,31.2209747],[121.3468695,31.2209826],[121.342645,31.2212623],[121.3412948,31.2213137],[121.340679,31.2213436],[121.3393971,31.2213618],[121.3389671,31.2213431],[121.3385387,31.2213296],[121.3378296,31.2212513],[121.3369738,31.2211594],[121.3350141,31.2207827],[121.3325451,31.2202945],[121.3310405,31.2200142],[121.330277,31.2198587],[121.3299344,31.2197781],[121.3296283,31.2196759],[121.3292494,31.219532],[121.3287644,31.2192928],[121.3283336,31.2190134],[121.3280556,31.2188182],[121.3278428,31.2186322],[121.3276715,31.2184421],[121.3275777,31.2183238],[121.3274158,31.2180958],[121.3272889,31.2178516],[121.3270517,31.2171706],[121.326895,31.2165845],[121.3266801,31.2155766],[121.3264954,31.2148171],[121.3264003,31.2143854],[121.3261388,31.213278],[121.3261311,31.2125016],[121.3261863,31.2110659],[121.3262641,31.2098178],[121.3263207,31.2089704],[121.3264474,31.2083142],[121.3266228,31.2076545],[121.3267869,31.2071466],[121.3270277,31.2065894],[121.3272816,31.2061084],[121.3275608,31.2057575],[121.3278072,31.2054266],[121.327998,31.2051917],[121.328139,31.2050018],[121.3284498,31.2046426],[121.3288025,31.2042413],[121.3292212,31.2037425],[121.3295639,31.2033698],[121.3297686,31.2030536],[121.3300657,31.20261],[121.3303673,31.201972],[121.3305192,31.2016417],[121.3306275,31.2008298],[121.330593,31.200215],[121.3304831,31.1997411],[121.3304554,31.199597],[121.330309,31.199219],[121.3302307,31.1990155],[121.3298805,31.1985225],[121.3297891,31.1984071],[121.3295133,31.1980973],[121.3293595,31.1979765],[121.3290979,31.1977528],[121.3287543,31.1975017],[121.3283797,31.1972996],[121.3277504,31.1969916],[121.32727,31.1968509],[121.3266248,31.1967497],[121.3261674,31.1967362],[121.3254183,31.1967081],[121.3224837,31.1965728],[121.3209132,31.1965093],[121.3181252,31.1963995],[121.3132156,31.1962225],[121.3122806,31.1961873],[121.3118206,31.1961752],[121.3075123,31.1960788],[121.3062183,31.1960476],[121.3058308,31.196033],[121.3055747,31.1960198],[121.3053628,31.1959916],[121.3051203,31.1959327],[121.3049317,31.1958863],[121.304743,31.1958251],[121.3044001,31.1956973],[121.3029029,31.1950117],[121.3016896,31.1942999],[121.3000442,31.1932882],[121.2997361,31.1930988],[121.2974481,31.1917362],[121.2964873,31.1912284],[121.2954574,31.1906668],[121.2948413,31.1903368],[121.2924597,31.1890727]]}},{"type":"Feature","id":"2-376634460","properties":{"line":"2","colour":"#97D700","osmRelationId":5611325,"osmWayId":376634460},"geometry":{"type":"LineString","coordinates":[[121.5638238,31.205119],[121.5616139,31.2048007]]}},{"type":"Feature","id":"2-727185846","properties":{"line":"2","colour":"#97D700","osmRelationId":5611325,"osmWayId":727185846},"geometry":{"type":"LineString","coordinates":[[121.6949353,31.1891757],[121.6936789,31.1887789],[121.684211,31.1858252],[121.6829602,31.1857874],[121.6818393,31.1859979],[121.6807803,31.1863576],[121.679894,31.186854],[121.679383,31.1873206],[121.6788304,31.1882025],[121.6783281,31.1895084],[121.6775794,31.1940423],[121.6775145,31.1944322],[121.6774277,31.1950583],[121.6772535,31.196001],[121.6771407,31.1966203],[121.6767325,31.1988609],[121.6764596,31.2001914],[121.6762233,31.2008882],[121.6759899,31.2013838],[121.6758263,31.2018357],[121.6739959,31.2124802],[121.6735861,31.2130786],[121.6724871,31.2140568],[121.6712219,31.2148892],[121.6698319,31.2155538],[121.6678448,31.2164891],[121.6651199,31.2172758],[121.6630282,31.2176148],[121.6577646,31.2173179],[121.6518611,31.2164014],[121.64166,31.2146911],[121.6334677,31.2138886],[121.6239179,31.2134745],[121.6168761,31.2131422],[121.6154603,31.2130686],[121.6143187,31.2128847],[121.6135003,31.2126638],[121.6122082,31.2122034],[121.6109183,31.2116031],[121.6091506,31.2101709],[121.6076042,31.2089788],[121.6059743,31.2081705],[121.6041941,31.2076508],[121.5978303,31.2064247],[121.5945339,31.2058758],[121.5917425,31.2054351],[121.5858595,31.2044351],[121.5833475,31.2040135],[121.5803641,31.2035471],[121.577687,31.2032719],[121.5753452,31.2031205],[121.5746522,31.2032345],[121.5716644,31.2041736],[121.5695678,31.2048948]]}},{"type":"Feature","id":"2-1025550789","properties":{"line":"2","colour":"#97D700","osmRelationId":5611325,"osmWayId":1025550789},"geometry":{"type":"LineString","coordinates":[[121.5524065,31.2053004],[121.5542447,31.2052871],[121.5542436,31.2051638],[121.5524055,31.2051759],[121.5524065,31.2053004]]}},{"type":"Feature","id":"3-39067559","properties":{"line":"3","colour":"#FFD100","osmRelationId":196738,"osmWayId":39067559},"geometry":{"type":"LineString","coordinates":[[121.4393373,31.1601307],[121.4378879,31.1596248],[121.4372646,31.1594073],[121.4357278,31.1588639],[121.4353825,31.1587519],[121.4350393,31.158663],[121.4346954,31.1585927],[121.4335512,31.1583938],[121.4330425,31.1582895],[121.4325305,31.1581568],[121.4320818,31.1580292],[121.4316499,31.1578796],[121.4312134,31.1577139],[121.428908,31.1567267],[121.4283313,31.1564742],[121.4278445,31.1562148],[121.4275092,31.1560047],[121.4271041,31.1557546],[121.4259857,31.1549627],[121.4244313,31.1538758],[121.4227442,31.1526753]]}},{"type":"Feature","id":"3-39067562","properties":{"line":"3","colour":"#FFD100","osmRelationId":196738,"osmWayId":39067562},"geometry":{"type":"LineString","coordinates":[[121.4777316,31.2819622],[121.4776624,31.2816792],[121.477579,31.2813999],[121.4772406,31.2804166],[121.4771475,31.280157],[121.4770396,31.2798945],[121.4769351,31.2796585],[121.476788,31.2793512],[121.4754705,31.2768785],[121.4753514,31.2766486],[121.4752517,31.2764381],[121.475143,31.2761832],[121.4750407,31.2759367],[121.4749471,31.2756634],[121.4748766,31.2753847],[121.4748159,31.275116],[121.4747622,31.2748464],[121.4747164,31.2745908],[121.4746911,31.2743252],[121.4746749,31.2739221]]}},{"type":"Feature","id":"3-49026399","properties":{"line":"3","colour":"#FFD100","osmRelationId":196738,"osmWayId":49026399},"geometry":{"type":"LineString","coordinates":[[121.4613763,31.2485979],[121.461083,31.2486798],[121.4607719,31.2487827],[121.4601539,31.2489871],[121.4595145,31.2491986],[121.4590892,31.249353],[121.4577625,31.2498765],[121.4573886,31.2500273],[121.4569553,31.2502],[121.4558552,31.250618],[121.4555045,31.2507755],[121.4552531,31.2509011],[121.4550101,31.2510158],[121.4547312,31.2511387],[121.4544885,31.2512427],[121.4523857,31.2520583],[121.4522823,31.252096],[121.4520508,31.2521721],[121.4517605,31.2522676],[121.4513698,31.2524019],[121.4474882,31.2539174],[121.4471223,31.2540576],[121.4461487,31.2544087],[121.4458287,31.2545286],[121.4449471,31.2548724]]}},{"type":"Feature","id":"3-49026481","properties":{"line":"3","colour":"#FFD100","osmRelationId":196738,"osmWayId":49026481},"geometry":{"type":"LineString","coordinates":[[121.4163931,31.1986555],[121.417003,31.1967957],[121.4171034,31.1965368],[121.4172326,31.1962479],[121.4173785,31.1959901],[121.4175165,31.1957754],[121.4176508,31.1955921],[121.4213741,31.1901389],[121.4215416,31.1899106],[121.4220309,31.1892492],[121.422037,31.189241],[121.4229946,31.1879465],[121.4232799,31.1875608],[121.4234872,31.1872848],[121.4237612,31.1869574],[121.4239254,31.1867651],[121.4241209,31.1865539],[121.4243307,31.1863498],[121.4245119,31.1861772],[121.4290273,31.1820684],[121.4294283,31.1817113],[121.4297349,31.1814363],[121.4300424,31.1811963],[121.4304163,31.1809183],[121.4323351,31.1795716],[121.4325732,31.1794001],[121.4328227,31.1792316],[121.4344163,31.1781746],[121.4364604,31.1768189],[121.4366937,31.1766493],[121.436934,31.1764675],[121.4371157,31.1763162],[121.4373782,31.176083],[121.4375704,31.1758877],[121.4377652,31.1756752],[121.437919,31.1754969],[121.4380957,31.175273],[121.438277,31.1750111],[121.4384283,31.1747759],[121.4385681,31.1745437],[121.4386961,31.174297],[121.4391592,31.1732971],[121.4392633,31.1730448],[121.4393551,31.1727837],[121.4399564,31.1707099],[121.440203,31.169945],[121.4402821,31.1696862],[121.4403412,31.169422],[121.4403954,31.1691532],[121.4405,31.1685428],[121.4405785,31.168085],[121.4406164,31.1678638],[121.4406732,31.1675978],[121.4407331,31.1673795],[121.4407988,31.1671608],[121.4408856,31.166931],[121.4410258,31.1666416],[121.4414343,31.1658927],[121.4418292,31.1651688],[121.441949,31.1649256],[121.4420397,31.1647007],[121.4421051,31.1644629],[121.4421523,31.1642719],[121.4422006,31.1639852],[121.442225,31.1637404],[121.4422301,31.1634649],[121.4422201,31.1631712],[121.4421881,31.1629289],[121.4421132,31.1626246],[121.4420112,31.1623679],[121.441878,31.1620968],[121.4417334,31.1618663],[121.4415879,31.1616392],[121.4414038,31.1614171],[121.441203,31.1612092],[121.4409838,31.1610063],[121.44075,31.1608187],[121.4405026,31.1606556],[121.440249,31.1605135],[121.4399783,31.1603787],[121.4396863,31.1602608],[121.4393373,31.1601307]]}},{"type":"Feature","id":"3-97546587","properties":{"line":"3","colour":"#FFD100","osmRelationId":196738,"osmWayId":97546587},"geometry":{"type":"LineString","coordinates":[[121.44322,31.2555353],[121.441217,31.2563294],[121.4409289,31.2564401],[121.4406396,31.2565449],[121.4403356,31.2566335],[121.4400762,31.2566904],[121.4398789,31.2567246],[121.4396542,31.2567583],[121.4394197,31.2567779],[121.4391907,31.256785],[121.4388209,31.256775],[121.4384253,31.2567347],[121.4381296,31.2566942],[121.4377025,31.2566378],[121.4364028,31.2564662],[121.4356266,31.2563362],[121.435503,31.25631],[121.4354171,31.2562905],[121.4351219,31.2562186],[121.4347988,31.2561282],[121.4345257,31.2560429],[121.434285,31.2559601],[121.4339947,31.2558477],[121.4337509,31.2557408],[121.4334811,31.2556177],[121.4331947,31.2554731],[121.4329307,31.2553306],[121.4326996,31.2551911],[121.4324557,31.2550373],[121.4321911,31.2548562],[121.4319441,31.2546702],[121.4316898,31.2544678],[121.431465,31.2542789],[121.4312512,31.2540802],[121.431045,31.2538749],[121.4267061,31.2494522],[121.4264608,31.2492174],[121.4262682,31.2490419],[121.426004,31.2488227],[121.4257724,31.2486395],[121.4251548,31.2482018],[121.4245142,31.2478102],[121.4223727,31.2466385],[121.4220964,31.246482],[121.4139511,31.2416858],[121.4137611,31.2415726],[121.4130517,31.2411217],[121.412465,31.2406868],[121.4124074,31.2406441],[121.4122137,31.2404822],[121.412024,31.2403124],[121.4118403,31.2401375],[121.4116224,31.2399182],[121.4114244,31.2397229],[121.4112335,31.2395074],[121.4110128,31.2392439],[121.4108304,31.2390238],[121.4106358,31.2387567],[121.410476,31.2385199],[121.4103305,31.2382861],[121.4101776,31.2380389],[121.4100363,31.2377903],[121.4099059,31.2375434],[121.4097879,31.2372925],[121.4096828,31.2370341],[121.4096053,31.2368285],[121.4083746,31.2334443],[121.4080306,31.2324985],[121.4079375,31.2322416],[121.4078498,31.2319831],[121.407767,31.2317242],[121.4076867,31.2314571],[121.4076088,31.2311956],[121.4075448,31.2309237],[121.4074936,31.230658],[121.4074539,31.2303875],[121.4074223,31.230119],[121.4073992,31.2298485],[121.4073801,31.2295738],[121.4073776,31.2292998],[121.4073857,31.2290334],[121.4073951,31.2287591],[121.4074141,31.2284445],[121.4074466,31.2282211],[121.4074936,31.2279513],[121.4075435,31.2276846],[121.4076073,31.2274155],[121.4076781,31.2271481],[121.4077572,31.2268904],[121.4078502,31.2266258],[121.4079436,31.2263679],[121.4080459,31.2261166],[121.4081607,31.2258635],[121.4082838,31.2256119],[121.4096217,31.2228904],[121.4097376,31.2226445],[121.4098562,31.222389],[121.4099623,31.2221347],[121.4104746,31.220941],[121.4105542,31.2207775],[121.41067,31.2205399],[121.4113723,31.2191136],[121.4114699,31.2189154],[121.4122071,31.2174182],[121.412313,31.2171787],[121.4124051,31.2169269],[121.4124833,31.2166785],[121.4125586,31.2164254],[121.4126201,31.2161712],[121.4126703,31.2159085],[121.4127255,31.2156543],[121.4127562,31.2153875],[121.4127881,31.2151148],[121.4128055,31.2148438],[121.4128191,31.2145819],[121.4128214,31.2143107],[121.4128076,31.2140472],[121.412779,31.2138105],[121.4123178,31.2107553],[121.4123148,31.2107355],[121.4122974,31.2104808],[121.4122815,31.2101986],[121.4122735,31.2098643],[121.412285,31.2096589],[121.4122995,31.2094392],[121.4123286,31.2091635],[121.4123739,31.2088934],[121.4124309,31.2086254],[121.4124991,31.2083592],[121.4125815,31.2080902],[121.4126724,31.2078344],[121.413809,31.2049439],[121.4144864,31.2032212],[121.4145889,31.2029663],[121.4147058,31.2027128],[121.4148223,31.2024624],[121.4151861,31.2017128],[121.415228,31.2016269],[121.4153073,31.2014645],[121.4154178,31.2012122],[121.4155223,31.200959],[121.4156224,31.2007026],[121.4156756,31.2005713],[121.4156978,31.2005165],[121.4157258,31.2004475],[121.4158251,31.2001916],[121.4163853,31.1986765],[121.4163931,31.1986555]]}},{"type":"Feature","id":"3-97550427","properties":{"line":"3","colour":"#FFD100","osmRelationId":196738,"osmWayId":97550427},"geometry":{"type":"LineString","coordinates":[[121.4696144,31.2522109],[121.4688603,31.2517866],[121.4686595,31.2516673],[121.4684682,31.2515408],[121.4682392,31.2513727],[121.4680088,31.251182],[121.4677921,31.2509855],[121.4671631,31.2503869],[121.4669466,31.2501936],[121.4667176,31.2500258],[121.466472,31.249858],[121.4662199,31.2497133],[121.4649972,31.2490998],[121.464723,31.2489631],[121.4644488,31.2488469],[121.4641577,31.2487451],[121.4638594,31.2486618],[121.4635551,31.2485919],[121.463246,31.2485466],[121.4629345,31.2485127],[121.4626219,31.2484966],[121.4623047,31.2484949],[121.461996,31.2485159],[121.4616856,31.2485485],[121.4613763,31.2485979]]}},{"type":"Feature","id":"3-97666228","properties":{"line":"3","colour":"#FFD100","osmRelationId":196738,"osmWayId":97666228},"geometry":{"type":"LineString","coordinates":[[121.4966,31.3546942],[121.4966268,31.3546357],[121.4971716,31.3534235],[121.4974285,31.3525909],[121.4975673,31.3517136],[121.4975565,31.3512394],[121.4974895,31.3505696],[121.4973634,31.349991],[121.497055,31.3491217],[121.4967828,31.3486088],[121.495606,31.3466275],[121.4955221,31.3464863],[121.4941977,31.3441515],[121.4927661,31.3416986],[121.4918246,31.3401363],[121.4914492,31.3396371],[121.4907344,31.3388204],[121.4901063,31.3380353],[121.4897959,31.3376322],[121.4882809,31.3356882],[121.4880464,31.3353655],[121.4879504,31.335239],[121.4876392,31.334829],[121.4866463,31.3335208],[121.4864868,31.3333106],[121.4862876,31.3330504],[121.4861476,31.3328563],[121.4854188,31.3317728],[121.485185,31.3314486],[121.4813629,31.3264434],[121.481187,31.3262008],[121.4810182,31.3259406],[121.4809173,31.3257612],[121.4808319,31.3256013],[121.4807527,31.3254281],[121.4806837,31.3252584],[121.4806148,31.3250624],[121.4805602,31.3248883],[121.4805098,31.3247037],[121.4804707,31.3245182],[121.4804326,31.3242413],[121.4804131,31.324025],[121.4804069,31.3238404],[121.4804198,31.3213309],[121.4804367,31.3180448],[121.4804421,31.3178421],[121.4804472,31.3176337],[121.4805634,31.3161934],[121.4805756,31.3159678],[121.4805808,31.3157343],[121.4805835,31.3155154],[121.4806214,31.3086675],[121.480615,31.3084019],[121.4805804,31.3074957],[121.4805201,31.3068183],[121.4805078,31.3066807],[121.4800873,31.3033493],[121.4800612,31.3031277],[121.4800369,31.3028585],[121.4800218,31.3025917],[121.4799141,31.300174],[121.4798919,31.2999011],[121.4798652,31.2996281],[121.4796978,31.2980648],[121.4796549,31.2977896],[121.4795818,31.2974457],[121.4793998,31.2966408],[121.4793488,31.2963732],[121.4793074,31.2961144],[121.4792772,31.2958462],[121.4791413,31.2944992],[121.4791095,31.2942362],[121.4790788,31.2939666],[121.479038,31.293702],[121.4787996,31.2923831],[121.4785908,31.2907322],[121.4785214,31.2901839],[121.4784792,31.2898649],[121.4784534,31.2896023],[121.4780713,31.2854726],[121.4780443,31.2852022],[121.4780337,31.284932],[121.4779755,31.2839783],[121.4779336,31.2831855],[121.4778472,31.2824973],[121.4778031,31.2822705],[121.4777316,31.2819622]]}},{"type":"Feature","id":"3-144554238","properties":{"line":"3","colour":"#FFD100","osmRelationId":196738,"osmWayId":144554238},"geometry":{"type":"LineString","coordinates":[[121.4755104,31.2678979],[121.4754728,31.2673598],[121.4753644,31.2658374],[121.4753397,31.2655624],[121.4753245,31.2652775],[121.4753273,31.26495],[121.475349,31.264633],[121.4753958,31.2641944],[121.475459,31.2636422],[121.4755407,31.2630954],[121.475629,31.2625727],[121.4757568,31.2612062],[121.4758317,31.2604049],[121.4758449,31.2600915],[121.4758658,31.2592497],[121.4758879,31.2589771],[121.4759577,31.2581646],[121.4759755,31.2578955],[121.4759745,31.2576248],[121.4759628,31.2573954],[121.4759214,31.2571314],[121.4758704,31.2569052],[121.4757896,31.2566435],[121.4756874,31.2563931],[121.4755587,31.2561479],[121.4754082,31.2559101],[121.4752473,31.2556818],[121.475064,31.2554675],[121.4748477,31.2552603],[121.4746187,31.2550732],[121.4743815,31.2549027],[121.4741424,31.2547566],[121.4732492,31.2542557]]}},{"type":"Feature","id":"3-841562183","properties":{"line":"3","colour":"#FFD100","osmRelationId":196738,"osmWayId":841562183},"geometry":{"type":"LineString","coordinates":[[121.4446253,31.2549974],[121.44322,31.2555353]]}},{"type":"Feature","id":"3-841562184","properties":{"line":"3","colour":"#FFD100","osmRelationId":196738,"osmWayId":841562184},"geometry":{"type":"LineString","coordinates":[[121.4449471,31.2548724],[121.4446253,31.2549974]]}},{"type":"Feature","id":"3-1294959740","properties":{"line":"3","colour":"#FFD100","osmRelationId":196738,"osmWayId":1294959740},"geometry":{"type":"LineString","coordinates":[[121.4732492,31.2542557],[121.4711594,31.25308],[121.4696144,31.2522109]]}},{"type":"Feature","id":"3-1390008582","properties":{"line":"3","colour":"#FFD100","osmRelationId":196738,"osmWayId":1390008582},"geometry":{"type":"LineString","coordinates":[[121.4748326,31.2724137],[121.4748446,31.2723473],[121.4749399,31.2719436],[121.4750129,31.2716127],[121.4750831,31.2712442],[121.475198,31.2707151],[121.4753044,31.2701657],[121.4754109,31.269628],[121.4754467,31.2693567],[121.4754612,31.2690829],[121.4755062,31.2685367],[121.4755104,31.2678979]]}},{"type":"Feature","id":"3-1390008583","properties":{"line":"3","colour":"#FFD100","osmRelationId":196738,"osmWayId":1390008583},"geometry":{"type":"LineString","coordinates":[[121.4746749,31.2739221],[121.4746759,31.2735708],[121.4746981,31.2732263],[121.4747361,31.2728856],[121.474796,31.2725646],[121.4748185,31.2724823],[121.4748326,31.2724137]]}},{"type":"Feature","id":"4-47097098","properties":{"line":"4","colour":"#5F259F","osmRelationId":196854,"osmWayId":47097098},"geometry":{"type":"LineString","coordinates":[[121.444927,31.2548311],[121.4514715,31.2522877],[121.4539952,31.2512955],[121.4544812,31.2511045],[121.4548717,31.250959],[121.4551144,31.2508716],[121.4569447,31.2501784],[121.4573734,31.2500028],[121.4577443,31.2498515],[121.4590777,31.2493264],[121.4595003,31.2491686],[121.4610743,31.2486505],[121.4613665,31.2485732]]}},{"type":"Feature","id":"4-49026394","properties":{"line":"4","colour":"#5F259F","osmRelationId":196854,"osmWayId":49026394},"geometry":{"type":"LineString","coordinates":[[121.4177299,31.1956227],[121.4175937,31.1958181],[121.4174699,31.1960279],[121.4173329,31.1962856],[121.4171968,31.1965695],[121.417102,31.1968207]]}},{"type":"Feature","id":"4-49026395","properties":{"line":"4","colour":"#5F259F","osmRelationId":196854,"osmWayId":49026395},"geometry":{"type":"LineString","coordinates":[[121.4189526,31.1938535],[121.4177299,31.1956227]]}},{"type":"Feature","id":"4-49026397","properties":{"line":"4","colour":"#5F259F","osmRelationId":196854,"osmWayId":49026397},"geometry":{"type":"LineString","coordinates":[[121.4813694,31.2590143],[121.4824549,31.2598166],[121.4826451,31.2599458],[121.4828473,31.2600776],[121.4830771,31.2602112],[121.4831717,31.2602646],[121.4837659,31.2605284],[121.4839736,31.2605958],[121.4843183,31.2606778],[121.4845536,31.2607291],[121.4853467,31.260903],[121.4864663,31.2611461],[121.4888899,31.2616624],[121.4893851,31.2617634],[121.4899289,31.2618527],[121.4921384,31.2621333],[121.4927646,31.2622221],[121.4943236,31.2625013],[121.4949324,31.2626211],[121.4962554,31.2628771],[121.4981611,31.2632237],[121.4983488,31.2632579],[121.5004885,31.2636519],[121.5008827,31.263703],[121.5012702,31.2637281],[121.5018777,31.2637589],[121.5024361,31.2637019],[121.5029499,31.2636063],[121.5048234,31.2630496],[121.5053451,31.2628484],[121.5058384,31.2626103],[121.5062561,31.2623384],[121.5066337,31.2620398],[121.5069075,31.2617896],[121.5089369,31.2594708],[121.5092488,31.2591144],[121.5099521,31.2582549],[121.5105295,31.2574437],[121.5114293,31.2560337],[121.5121877,31.2546987],[121.5127562,31.2536209],[121.5134913,31.2522065],[121.5136437,31.2518202],[121.5147563,31.244911],[121.5148166,31.2440361],[121.5148161,31.2435536],[121.5148421,31.2429334],[121.5149163,31.2424468],[121.5149954,31.2419774],[121.5150662,31.2416923],[121.515129,31.2414732],[121.515331,31.2409719],[121.5156367,31.2403854],[121.5163302,31.2393557],[121.5168521,31.2385715],[121.5174193,31.2376118],[121.5187216,31.2350653],[121.5191377,31.2342846],[121.5197454,31.2333206],[121.5201032,31.2328657],[121.5207388,31.2322779],[121.521521,31.231735],[121.5227543,31.2309778],[121.5231521,31.2307664],[121.5235405,31.2305423],[121.5249589,31.2297237],[121.5252984,31.2294875],[121.5254851,31.2293274],[121.5258122,31.2289159],[121.5260382,31.2285536],[121.5262548,31.228147],[121.5264764,31.2276459],[121.5272489,31.2259211],[121.527867,31.2243582],[121.5280567,31.2236301],[121.5280364,31.2231379],[121.5279355,31.222765],[121.5269914,31.2201226],[121.5248456,31.2158652],[121.5238557,31.2139796],[121.5225797,31.211549],[121.5218244,31.2106901],[121.5210519,31.2101395],[121.5204435,31.2100471],[121.5194211,31.2100514],[121.5172754,31.2104919],[121.5167488,31.2107201],[121.5162963,31.2109376],[121.5143251,31.2119596],[121.513501,31.2123712],[121.5131646,31.2125025],[121.5127454,31.2126485],[121.5120822,31.2128452],[121.5102595,31.2134035],[121.5095585,31.2136727],[121.5089006,31.2139882],[121.5059963,31.2153687],[121.5052554,31.2156701],[121.5045597,31.2158478],[121.5039791,31.2158709],[121.5033406,31.2157648],[121.5028641,31.2156043],[121.5024282,31.2154042],[121.5020622,31.2151795],[121.5001559,31.2135874],[121.4995031,31.2130312],[121.498979,31.2126216],[121.4984369,31.2122703],[121.4977349,31.2119086],[121.4966987,31.2113645],[121.4950777,31.2104442],[121.4942236,31.2099776],[121.4930693,31.2092036],[121.4886452,31.2060073],[121.4881551,31.2056532],[121.4878793,31.205454],[121.4856477,31.2038536],[121.4851453,31.2036532],[121.484599,31.2035085],[121.4829641,31.2030754],[121.4819355,31.2030584],[121.4803005,31.2030314],[121.4780689,31.2026937],[121.4732452,31.2016879],[121.4706402,31.2011258],[121.4684816,31.2006601],[121.4645934,31.199412],[121.4625778,31.198203],[121.4610744,31.1972829],[121.459233,31.1961262],[121.4590756,31.1960515],[121.4556671,31.1946765],[121.450173,31.1926031],[121.4470794,31.1913782],[121.4437405,31.1900562],[121.4425079,31.1896439],[121.4406982,31.1887292],[121.4391017,31.1874075],[121.4385702,31.1869679],[121.4376655,31.1865442],[121.4374587,31.18641],[121.4370031,31.186112],[121.4367802,31.1859756],[121.4365573,31.1858671],[121.4361509,31.1857087],[121.4354657,31.1854913],[121.4346103,31.1852183],[121.4338065,31.1849942],[121.4333386,31.1848626],[121.4328872,31.1847674]]}},{"type":"Feature","id":"4-49026995","properties":{"line":"4","colour":"#5F259F","osmRelationId":196854,"osmWayId":49026995},"geometry":{"type":"LineString","coordinates":[[121.4732731,31.2542279],[121.4740709,31.2545749],[121.4743373,31.2547004],[121.4745745,31.2548246],[121.4752458,31.2551988],[121.4755198,31.2553439],[121.4759002,31.2555394],[121.4762655,31.2557183],[121.4771832,31.2561593],[121.4775403,31.2563399],[121.4778831,31.2565317],[121.4781462,31.256688],[121.4783281,31.256799],[121.4784992,31.2569047],[121.4786913,31.257039],[121.4811502,31.2588596]]}},{"type":"Feature","id":"4-49027840","properties":{"line":"4","colour":"#5F259F","osmRelationId":196854,"osmWayId":49027840},"geometry":{"type":"LineString","coordinates":[[121.4613665,31.2485732],[121.4616816,31.2485205],[121.4619986,31.2484866],[121.4623092,31.248467],[121.4626273,31.2484646],[121.4629407,31.2484848],[121.4632555,31.2485201],[121.4635644,31.2485626],[121.463884,31.2486332],[121.4641693,31.2487167],[121.4644639,31.2488208],[121.464741,31.2489385],[121.4650192,31.249074],[121.4657777,31.2494542],[121.4662423,31.249687],[121.4665007,31.2498378],[121.466743,31.2499993],[121.4669727,31.2501719],[121.4671924,31.2503677],[121.467819,31.2509664],[121.4680349,31.2511614],[121.468264,31.251354],[121.4684937,31.2515208],[121.468681,31.2516407],[121.4688883,31.2517614],[121.4724778,31.2537805],[121.4732731,31.2542279]]}},{"type":"Feature","id":"4-95098484","properties":{"line":"4","colour":"#5F259F","osmRelationId":196854,"osmWayId":95098484},"geometry":{"type":"LineString","coordinates":[[121.4164289,31.198663],[121.4159345,31.1999947],[121.4158571,31.2002031],[121.4158423,31.2002419],[121.4157602,31.2004575],[121.4156575,31.2007121],[121.4155561,31.2009679],[121.4154535,31.2012222],[121.4153385,31.201474],[121.4152167,31.2017266],[121.4148504,31.2024749],[121.4147344,31.2027266],[121.4146232,31.202978],[121.4145228,31.2032332],[121.4127106,31.2078448],[121.4126132,31.2081027],[121.4125342,31.2083671],[121.412466,31.2086349],[121.412408,31.2089013],[121.412363,31.209168],[121.4123349,31.2094402],[121.4123219,31.2096589],[121.4123085,31.2098631],[121.4123153,31.2101952],[121.4123294,31.2104811],[121.4123509,31.2107318],[121.4125522,31.2120742],[121.4128082,31.2138061],[121.4128415,31.2140426],[121.4128694,31.2143174],[121.4128828,31.2145762],[121.4128921,31.2148509],[121.4128843,31.215116],[121.4128697,31.2153998],[121.4128426,31.2156631],[121.4128068,31.2159315],[121.4127504,31.2161962],[121.4126795,31.2164549],[121.4126137,31.2167063],[121.4125317,31.2169641],[121.4124435,31.2172188],[121.4123324,31.2174593],[121.4116035,31.2189657],[121.4108322,31.2205257],[121.4083128,31.2256211],[121.4081883,31.2258749],[121.4080754,31.2261253],[121.4079748,31.2263765],[121.4078815,31.2266346],[121.4077857,31.226902],[121.4077069,31.2271581],[121.4076382,31.2274198],[121.4075757,31.2276897],[121.4075224,31.2279569],[121.4074799,31.2282259],[121.4074506,31.2284507],[121.4074278,31.2287637],[121.4074147,31.2290349],[121.4074104,31.2293009],[121.4074136,31.2295745],[121.407426,31.2298458],[121.4074517,31.2301188],[121.4074844,31.2303858],[121.4075268,31.2306516],[121.4075752,31.2309191],[121.4076377,31.2311929],[121.4077121,31.2314514],[121.4077938,31.2317185],[121.4078799,31.2319721],[121.4079684,31.2322314],[121.4080628,31.2324921],[121.4088694,31.2347133],[121.4096373,31.2368276],[121.4097159,31.2370258],[121.4098216,31.2372823],[121.4099358,31.2375304],[121.4100729,31.2377801],[121.4102086,31.2380263],[121.4103603,31.2382708],[121.4105074,31.2385053],[121.4106656,31.2387412],[121.4108563,31.2390071],[121.4110358,31.2392285],[121.4112595,31.2394862],[121.411451,31.2397028],[121.4116515,31.2398991],[121.4118643,31.2401173],[121.412052,31.2402925],[121.4122381,31.2404615],[121.412432,31.2406201],[121.4130761,31.241099],[121.4137143,31.2415028],[121.4137833,31.2415464],[121.4139684,31.2416614],[121.4214648,31.2460206],[121.4221213,31.2464581],[121.4223946,31.246614],[121.424534,31.2477875],[121.4251784,31.2481804],[121.425799,31.2486167],[121.4260282,31.2487993],[121.4262933,31.2490209],[121.4264958,31.2492009],[121.4267333,31.2494303],[121.4310772,31.2538566],[121.4312813,31.2540585],[121.4314984,31.2542598],[121.4317206,31.254447],[121.4319724,31.2546476],[121.4322196,31.2548285],[121.4324814,31.2550103],[121.4327263,31.2551664],[121.4329561,31.255301],[121.4332211,31.2554471],[121.4335031,31.2555854],[121.4337738,31.2557096],[121.4340149,31.2558152],[121.4343031,31.2559272],[121.4345441,31.2560107],[121.434819,31.2560974],[121.4351333,31.2561884],[121.4354341,31.2562626],[121.4355062,31.256279],[121.4356344,31.2563044],[121.4364091,31.2564319],[121.4371998,31.2565383],[121.4373667,31.2565608],[121.4381373,31.2566646],[121.4384378,31.2567063],[121.4388236,31.2567461],[121.4391872,31.2567534],[121.4394112,31.256748],[121.4396522,31.2567246],[121.4398686,31.2566919],[121.4400649,31.2566589],[121.4403281,31.2566019],[121.4406251,31.2565134],[121.4409178,31.2564101],[121.441199,31.2563021],[121.4432055,31.255507]]}},{"type":"Feature","id":"4-97550424","properties":{"line":"4","colour":"#5F259F","osmRelationId":196854,"osmWayId":97550424},"geometry":{"type":"LineString","coordinates":[[121.4811502,31.2588596],[121.4813694,31.2590143]]}},{"type":"Feature","id":"4-513224662","properties":{"line":"4","colour":"#5F259F","osmRelationId":196854,"osmWayId":513224662},"geometry":{"type":"LineString","coordinates":[[121.417102,31.1968207],[121.4166854,31.1980741],[121.4164289,31.198663]]}},{"type":"Feature","id":"4-840440427","properties":{"line":"4","colour":"#5F259F","osmRelationId":196854,"osmWayId":840440427},"geometry":{"type":"LineString","coordinates":[[121.4445582,31.254979],[121.444927,31.2548311]]}},{"type":"Feature","id":"4-840440428","properties":{"line":"4","colour":"#5F259F","osmRelationId":196854,"osmWayId":840440428},"geometry":{"type":"LineString","coordinates":[[121.4432055,31.255507],[121.4445582,31.254979]]}},{"type":"Feature","id":"4-1303209670","properties":{"line":"4","colour":"#5F259F","osmRelationId":196854,"osmWayId":1303209670},"geometry":{"type":"LineString","coordinates":[[121.4225343,31.1891016],[121.4224137,31.1892449],[121.422327,31.1893363],[121.4222885,31.1893769],[121.4221182,31.1895644],[121.4219754,31.1897295],[121.4216811,31.1900867],[121.4213571,31.1904741],[121.4213226,31.1905179],[121.4207938,31.19119],[121.4206759,31.1913436],[121.4205748,31.1914829],[121.4199383,31.1924096],[121.4194193,31.1931699],[121.4191759,31.1935274],[121.4189526,31.1938535]]}},{"type":"Feature","id":"4-1303209671","properties":{"line":"4","colour":"#5F259F","osmRelationId":196854,"osmWayId":1303209671},"geometry":{"type":"LineString","coordinates":[[121.4328872,31.1847674],[121.4318042,31.1845786],[121.4314468,31.1845382],[121.4309774,31.1844977],[121.4304039,31.1844724],[121.4297283,31.1844718],[121.4291943,31.1845033],[121.4287963,31.1845438],[121.4283755,31.1846095],[121.4279941,31.1847051],[121.4276788,31.1848084],[121.4273692,31.1849223],[121.4270898,31.1850711],[121.4268185,31.1852431],[121.4265624,31.1854158],[121.426002,31.1858367],[121.4246266,31.1869895],[121.4240942,31.1874566],[121.4238082,31.1877167],[121.423573,31.1879491],[121.4233974,31.1881332],[121.4232778,31.1882676],[121.4225343,31.1891016]]}},{"type":"Feature","id":"5-39414140","properties":{"line":"5","colour":"#A05EB5","osmRelationId":9170632,"osmWayId":39414140},"geometry":{"type":"LineString","coordinates":[[121.382246,31.1151959],[121.3817803,31.1145364],[121.3814815,31.1141579],[121.3812829,31.1139301],[121.3811369,31.1137627],[121.3801151,31.1125906],[121.379601,31.1120009]]}},{"type":"Feature","id":"5-424525850","properties":{"line":"5","colour":"#A05EB5","osmRelationId":9170632,"osmWayId":424525850},"geometry":{"type":"LineString","coordinates":[[121.379601,31.1120009],[121.3786505,31.1109107],[121.3784789,31.1106852],[121.3783453,31.1104644],[121.3782641,31.1102965],[121.3781889,31.1101235],[121.3781173,31.1099026],[121.3780647,31.1096726],[121.3778067,31.1077199],[121.3777841,31.1074764],[121.377774,31.1072181],[121.3777801,31.1070111],[121.3778095,31.1067859],[121.3778522,31.1065485],[121.3779202,31.1063007],[121.3780081,31.1060563],[121.3781142,31.1058189],[121.3782242,31.1055972],[121.3813013,31.099816],[121.3816205,31.0992162],[121.3819645,31.0985201],[121.3830756,31.0960718],[121.3833784,31.0954383],[121.3854225,31.0916022],[121.3857873,31.0909175],[121.3858039,31.0908863],[121.3877187,31.0872926],[121.3879861,31.0867705],[121.3882335,31.0862393],[121.3884796,31.0857087],[121.3887366,31.0851922],[121.3965164,31.0704907],[121.3968747,31.0697414],[121.3973454,31.0685784],[121.3976239,31.0678902],[121.3978027,31.0674621],[121.4028875,31.0548964],[121.4030953,31.0543522],[121.4032857,31.0537988],[121.4055012,31.0466834],[121.4056171,31.0463111],[121.4058007,31.0457618],[121.4060045,31.0452145],[121.4068895,31.0430158],[121.4071249,31.0425311],[121.4074179,31.0420146],[121.4083922,31.0404025],[121.4085478,31.0401301],[121.4086692,31.0398785],[121.4087664,31.0396223],[121.4088442,31.0393321],[121.4088972,31.0390569],[121.4089223,31.0387886],[121.4089253,31.0385071],[121.4089079,31.0382439],[121.4088083,31.0371336],[121.4088056,31.0368975],[121.408819,31.0366797],[121.4088512,31.036447],[121.4088975,31.0362201],[121.4089826,31.0359322],[121.4090788,31.0356732],[121.4101641,31.0329764],[121.410314,31.0326039],[121.4104103,31.0323646],[121.4110506,31.0305917],[121.4114827,31.0295179],[121.4115544,31.0293398],[121.412061,31.0280809],[121.4146531,31.0216391]]}},{"type":"Feature","id":"6-47344411","properties":{"line":"6","colour":"#D71671","osmRelationId":6840915,"osmWayId":47344411},"geometry":{"type":"LineString","coordinates":[[121.5834521,31.2699462],[121.5833467,31.2688466],[121.5832871,31.2683792],[121.5831286,31.2676832]]}},{"type":"Feature","id":"6-321205029","properties":{"line":"6","colour":"#D71671","osmRelationId":6840915,"osmWayId":321205029},"geometry":{"type":"LineString","coordinates":[[121.5699949,31.3551102],[121.5708001,31.3551769],[121.5778619,31.3557621],[121.5781472,31.3557823],[121.5784122,31.3557961],[121.5786928,31.3557992],[121.5789485,31.3557869],[121.5792565,31.3557495],[121.5795695,31.3556838],[121.579866,31.355597],[121.5801474,31.355487],[121.5804328,31.3553437],[121.5806843,31.355187],[121.5809168,31.3550109],[121.5811328,31.3548077],[121.581314,31.354596],[121.5814705,31.354352],[121.5815954,31.3541096],[121.5816995,31.3538588],[121.5817838,31.3535966],[121.5823654,31.351016],[121.5824645,31.3506144],[121.582559,31.3502725],[121.5826757,31.3499448],[121.5828113,31.3496392],[121.5828149,31.3496311],[121.5829757,31.3492834],[121.5831501,31.3489552],[121.5899443,31.3372168],[121.5979129,31.3234475],[121.5982244,31.3229092],[121.598344,31.322657],[121.5984328,31.3224254],[121.5985022,31.3221893],[121.5985535,31.3219561],[121.5985791,31.3217113],[121.5985853,31.3214498],[121.5985565,31.3211811],[121.5985072,31.3209305],[121.5984451,31.3206981],[121.5983546,31.3204408],[121.5982409,31.3201856],[121.5980979,31.3199456],[121.5979272,31.3197162],[121.5977381,31.3195011],[121.5975186,31.3192969],[121.5972991,31.3191236],[121.5970403,31.3189559],[121.5967837,31.3188115],[121.5965065,31.3186819],[121.5962172,31.3185762],[121.5959149,31.3184871],[121.5956155,31.3184205],[121.5953121,31.3183811],[121.5950368,31.3183662],[121.5947293,31.3183612],[121.588854,31.3183384],[121.5885342,31.3183354],[121.5882234,31.3183147],[121.5879117,31.3182751],[121.5875981,31.3182082],[121.5873008,31.3181185],[121.5870185,31.3180085],[121.5867468,31.3178715],[121.5864872,31.3177158],[121.5862533,31.3175411],[121.5860385,31.3173486],[121.5858364,31.3171356],[121.5856646,31.3169073],[121.5855207,31.3166696],[121.585396,31.3164151],[121.5853056,31.3161616],[121.5852416,31.3158948],[121.5852049,31.3156307],[121.5851979,31.3153592],[121.5851967,31.3140419],[121.5851907,31.3073469],[121.5851679,31.3063624],[121.5851224,31.3052966],[121.5850829,31.30431],[121.584607,31.2924221],[121.5843829,31.2868238],[121.5843477,31.2864493],[121.5843151,31.2860832],[121.5842958,31.2857186],[121.5842764,31.2852776],[121.5841901,31.2833127],[121.5841678,31.2824845],[121.5841642,31.2823517],[121.5841599,31.2820593],[121.5841599,31.2813319],[121.5841542,31.2809907],[121.5840228,31.277771],[121.5839734,31.2769599],[121.5838917,31.2761399],[121.5837235,31.2738171],[121.5835592,31.2715477],[121.5834895,31.2707498],[121.5834521,31.2699462]]}},{"type":"Feature","id":"6-461671790","properties":{"line":"6","colour":"#D71671","osmRelationId":6840915,"osmWayId":461671790},"geometry":{"type":"LineString","coordinates":[[121.5831286,31.2676832],[121.5829623,31.2669687],[121.5826318,31.2661448],[121.5821666,31.2650441],[121.5815284,31.2639496],[121.5808158,31.2629005],[121.5798252,31.2617669],[121.5787841,31.2606495],[121.5775663,31.2593378],[121.576793,31.2585037],[121.5764738,31.2581598],[121.576103,31.2578296],[121.5757013,31.2575017],[121.5752852,31.2571897],[121.5745425,31.2566789],[121.5717756,31.254825],[121.5685577,31.2526427],[121.5677666,31.2521292],[121.5640852,31.2499561],[121.5598713,31.2475247],[121.5532289,31.2437379],[121.5512032,31.2426932],[121.5477885,31.2411834],[121.5452515,31.2400617],[121.5442871,31.2397228],[121.5421527,31.2389158],[121.5402607,31.2383199],[121.5298886,31.235053],[121.5251701,31.2334396],[121.5246865,31.2331774],[121.5243378,31.2328956],[121.5241462,31.2326948],[121.5234334,31.2317188],[121.522871,31.2309798],[121.5226822,31.2307318],[121.5226281,31.2306586],[121.5225972,31.2306169],[121.5222168,31.2301026],[121.5221144,31.2298581],[121.5220486,31.2296211],[121.5220023,31.2293768],[121.5219441,31.2290159],[121.5219586,31.2287394],[121.5220213,31.2285171],[121.5233043,31.2252855],[121.5244195,31.2226812],[121.5248902,31.2211077],[121.5250613,31.2195346],[121.5250185,31.2181808],[121.5248049,31.2168653],[121.5236517,31.2141536],[121.5218504,31.2106584],[121.5195291,31.2061542],[121.5161391,31.2001347],[121.5152746,31.198626],[121.5144249,31.1970921],[121.5136736,31.1963673],[121.5131438,31.1958135],[121.510745,31.1942013],[121.508427,31.1928794],[121.5070073,31.191849],[121.5063412,31.191258],[121.5058856,31.1905952],[121.5056313,31.1897693],[121.5055977,31.1887201],[121.5056091,31.1876768],[121.5056097,31.1876238],[121.5056104,31.1875624],[121.50566,31.1866122],[121.5057242,31.1830161],[121.5057204,31.182875],[121.5057139,31.1826078],[121.505667,31.1811168],[121.5055287,31.1785407],[121.5056113,31.1778165],[121.5057735,31.1771298],[121.5065637,31.174795],[121.5068267,31.1736212],[121.5070798,31.1723294],[121.507292,31.1711918],[121.5077302,31.1689653],[121.5079818,31.1675878],[121.508167,31.166992],[121.5083692,31.1665625],[121.5104468,31.1629262],[121.5112852,31.1614839],[121.5120738,31.1600937],[121.5124982,31.1592339],[121.5128438,31.1583739],[121.5131495,31.157456],[121.5132823,31.1566372],[121.5133057,31.1557027],[121.5132006,31.1548473],[121.5130655,31.1542661],[121.5128211,31.1536789],[121.5124656,31.1531504],[121.51212,31.1527954],[121.5116506,31.1524354],[121.5110405,31.1521639],[121.5103114,31.1520096],[121.5089795,31.151799],[121.50733,31.1515653],[121.5055244,31.1514154],[121.501993,31.1512129],[121.4993078,31.1510462],[121.4950371,31.1507623],[121.4940571,31.1507476],[121.4930977,31.1507784],[121.4919668,31.1507976],[121.491301,31.1508168],[121.4908078,31.1507912],[121.4901534,31.1507564],[121.4872649,31.1506588],[121.4866694,31.1506877],[121.48613,31.1507579],[121.4855932,31.1508859],[121.4850596,31.1510729],[121.4845138,31.1513294],[121.4839541,31.1517658],[121.481415,31.1533714],[121.4801968,31.1540796],[121.4795911,31.154403],[121.4793046,31.1545393],[121.4790425,31.1546422],[121.4786965,31.1547512],[121.4783506,31.1548489],[121.4777886,31.1549962]]}},{"type":"Feature","id":"6-1066594101","properties":{"line":"6","colour":"#D71671","osmRelationId":6840915,"osmWayId":1066594101},"geometry":{"type":"LineString","coordinates":[[121.4777886,31.1549962],[121.4766567,31.1552752],[121.4760584,31.155421]]}},{"type":"Feature","id":"7-461654540","properties":{"line":"7","colour":"#FF6900","osmRelationId":6819599,"osmWayId":461654540},"geometry":{"type":"LineString","coordinates":[[121.3496879,31.3836235],[121.3487767,31.3825399],[121.3478736,31.3809613],[121.3469285,31.3774403],[121.3468425,31.3749084],[121.3474439,31.3723408],[121.3481743,31.3701032],[121.3494637,31.3680117],[121.3503661,31.3669841],[121.3515655,31.365717],[121.3518324,31.3654514],[121.356435,31.3609887],[121.3582022,31.3592752],[121.3589064,31.3585923],[121.3596991,31.3576776],[121.3601277,31.357037],[121.3606002,31.3563585],[121.3660081,31.3494494],[121.3689853,31.3456433],[121.3692958,31.3452258],[121.3693851,31.3449928],[121.3694589,31.3446239],[121.3695391,31.3433946],[121.3693291,31.3422651],[121.3691706,31.3417023],[121.3655079,31.3354432],[121.3651562,31.3340412],[121.3650311,31.3327359],[121.3651593,31.3312399],[121.3658483,31.3297547],[121.365925,31.3295893],[121.3667519,31.3278069],[121.3676942,31.3260682],[121.3677812,31.3259077],[121.3690565,31.3235545],[121.370271,31.3215519],[121.3709418,31.3209213],[121.3716642,31.3206238],[121.3724031,31.3204213],[121.3732537,31.320368],[121.3748593,31.3205025],[121.3773382,31.3210067],[121.3814605,31.3217956],[121.3823849,31.3219872],[121.3839387,31.3223455],[121.3846558,31.3224712],[121.3847741,31.3224919],[121.385921,31.3226017],[121.3881952,31.3228034],[121.3930287,31.3235063],[121.3942271,31.3235666],[121.3944571,31.3235764],[121.3950853,31.3235521],[121.3958122,31.323494],[121.3972387,31.3233689],[121.3994413,31.3231455],[121.4004468,31.322912],[121.4011087,31.3226291],[121.401669,31.3222671],[121.4020652,31.3219024],[121.4024027,31.3214595],[121.4027188,31.3207618],[121.4031264,31.3195543],[121.4035237,31.317931],[121.4040069,31.316555],[121.4040757,31.316375],[121.4045006,31.3153172],[121.4047797,31.314675],[121.4054347,31.3133357],[121.4057892,31.3127484],[121.4068621,31.3109885],[121.4078165,31.3094401],[121.4082772,31.3084789],[121.4085066,31.3062729],[121.4086273,31.3050495],[121.4087571,31.3010643],[121.4090654,31.2997353],[121.4096886,31.2983665],[121.4112478,31.2957271],[121.4117566,31.2949031],[121.4144195,31.2901458],[121.417543,31.2852481],[121.4181926,31.2841014],[121.4185375,31.2830314],[121.418649,31.2813019],[121.4182379,31.2787064],[121.4182076,31.2783578],[121.4181851,31.2779299],[121.4181773,31.2775359],[121.4182102,31.277153],[121.4182591,31.2765473],[121.4183706,31.2756199],[121.4184614,31.2749368],[121.4185039,31.2744581],[121.418596,31.2739454],[121.4188056,31.2730514],[121.4189085,31.2723446],[121.4189119,31.2717536],[121.4188251,31.2711625],[121.4187333,31.2707426],[121.4185974,31.2703658],[121.4184914,31.2699805],[121.4184165,31.2696082],[121.4183716,31.2692274],[121.4182969,31.2677379],[121.4182896,31.2673695],[121.4182799,31.2671332],[121.4182418,31.266897],[121.4181831,31.266657],[121.4181377,31.2664865],[121.4180473,31.2661176],[121.4179458,31.2657043],[121.4176948,31.2647398],[121.4175945,31.2643578],[121.4174989,31.2638469],[121.4172556,31.2618069],[121.4171055,31.2605201],[121.4170528,31.2600087],[121.4170249,31.2594974],[121.4170251,31.2586759],[121.4172302,31.2574177],[121.4172532,31.2572552],[121.4173695,31.2562603],[121.4175215,31.2552519],[121.4176487,31.2546476],[121.4182695,31.253872],[121.4191877,31.2533796],[121.4201249,31.2531859],[121.422192,31.2530293],[121.4229557,31.2528455],[121.4236077,31.2524789],[121.4248458,31.2511463],[121.4256694,31.250246],[121.4265057,31.2493523],[121.427186,31.2483656],[121.4274636,31.2479342],[121.4277389,31.2473102],[121.4279625,31.2463594],[121.4287541,31.244778],[121.429084,31.2444067],[121.4301001,31.2438547],[121.4326276,31.2425604],[121.433661,31.2418081],[121.4343604,31.2411803],[121.4361012,31.2387828],[121.4373478,31.2366794],[121.4377624,31.2359724],[121.4380564,31.2355211],[121.4382774,31.2352362],[121.4384725,31.2350088],[121.4387185,31.2347553],[121.440515,31.2330558],[121.4416112,31.2318402],[121.4418193,31.2314343],[121.4419698,31.231008],[121.44221,31.2294818],[121.4424853,31.2287464],[121.4438124,31.2252098],[121.4449242,31.2230634],[121.4449895,31.2226924],[121.4449844,31.2223514],[121.4448867,31.2220091],[121.4442625,31.2209143],[121.4440833,31.2203779],[121.4440031,31.2200544],[121.4438966,31.2196345],[121.4437606,31.2190146],[121.4437261,31.2184277],[121.4437868,31.2178399],[121.4441711,31.2161221],[121.4447734,31.2147604],[121.4448253,31.214646],[121.4450905,31.2139481],[121.445312,31.2129853],[121.4453944,31.2125159],[121.4454023,31.2119493],[121.4454151,31.2116835],[121.4453744,31.2113809],[121.4452811,31.2109445],[121.4451216,31.2103095],[121.4444288,31.2072922],[121.4443702,31.2069592],[121.4443446,31.206623],[121.4443741,31.2061227],[121.4444105,31.2059118],[121.444461,31.2057236],[121.445579,31.2022472],[121.4457214,31.2018053],[121.4457768,31.2016142],[121.4457995,31.2014945],[121.4458118,31.2013953],[121.4458142,31.2013067],[121.4458251,31.2011427],[121.4458803,31.2000047],[121.4458994,31.1997183],[121.4459312,31.1995338],[121.4459967,31.1993014],[121.4461383,31.1989544],[121.4462186,31.1987828],[121.446309,31.1986333],[121.4464091,31.1984689],[121.4501348,31.1929394],[121.4503509,31.192613],[121.4503969,31.1925436],[121.4515227,31.1897668],[121.451996,31.1882054],[121.4524283,31.1868199],[121.4524484,31.1867553],[121.4527709,31.1856643],[121.4530592,31.1847808],[121.453248,31.1842271],[121.4534499,31.1837105],[121.4537376,31.1832285],[121.4539459,31.1829542],[121.4541983,31.1826783],[121.4544043,31.1824531],[121.4550936,31.1819542],[121.4554265,31.1817535],[121.4558488,31.1814989],[121.456375,31.1811985],[121.4572543,31.1807068],[121.4631604,31.177289],[121.4662783,31.1752554],[121.4668436,31.1749116],[121.4671596,31.1747408],[121.4674829,31.1746016],[121.4678978,31.1744552],[121.4685578,31.1742429],[121.4694803,31.1739332],[121.4701863,31.1736926],[121.470788,31.1735233],[121.4711038,31.1734546],[121.4714233,31.1734147],[121.4717401,31.1733956],[121.4720867,31.1733957],[121.4724146,31.1734182],[121.4727389,31.1734631],[121.4739049,31.1736464],[121.4761052,31.1740296],[121.476981,31.1742617],[121.4778023,31.1745925],[121.4803683,31.1759517],[121.4806638,31.1761258],[121.482409,31.1771537],[121.4828044,31.1774039],[121.4828509,31.1774334],[121.4866587,31.1798431],[121.4868182,31.1799188],[121.4871438,31.1800732],[121.4876662,31.1802244],[121.4896942,31.180509],[121.4900855,31.1805642],[121.4901471,31.1805729],[121.4902041,31.1805809],[121.4906856,31.1806489],[121.4914917,31.1807926],[121.4921301,31.1809923],[121.4927514,31.1812376],[121.4934943,31.1816771],[121.4935288,31.1816959],[121.495591,31.1838217],[121.4960919,31.1842484]]}},{"type":"Feature","id":"7-968332494","properties":{"line":"7","colour":"#FF6900","osmRelationId":6819599,"osmWayId":968332494},"geometry":{"type":"LineString","coordinates":[[121.4960919,31.1842484],[121.4967173,31.1847811],[121.4971467,31.1850654],[121.4976214,31.1852995],[121.4986733,31.1856484],[121.5014566,31.1863514],[121.5041561,31.1871707],[121.5056097,31.1876238],[121.5056513,31.1876367],[121.506069,31.1877669],[121.5093841,31.188896],[121.5110221,31.1889967],[121.5127189,31.1890611],[121.5130073,31.1891192],[121.5137977,31.1895306],[121.5157278,31.1900549],[121.5165813,31.1901005],[121.5198405,31.1896773],[121.5207941,31.1895931],[121.5217776,31.1895186],[121.5247245,31.1895383],[121.5293565,31.1896657],[121.5364372,31.1897479],[121.5403028,31.189836],[121.5431598,31.1902954],[121.5439375,31.1905172],[121.5445658,31.1909806],[121.544997,31.1916445],[121.5452985,31.1921603],[121.5457068,31.1934288],[121.5460084,31.1944237],[121.5459216,31.1949065],[121.5455599,31.1957033],[121.5448009,31.1975604],[121.5435696,31.2002886],[121.5434196,31.2009549],[121.5435596,31.2015461],[121.5437485,31.2018311],[121.5439858,31.2020998],[121.5448539,31.2026657],[121.5480675,31.2043196],[121.5492659,31.2048857],[121.5506012,31.2052785],[121.5508972,31.2053533],[121.5513297,31.205449],[121.5517068,31.2055199],[121.5520974,31.2055692],[121.5523457,31.2055876],[121.5523802,31.2055895],[121.5527356,31.2055911],[121.5536323,31.2055862],[121.5543607,31.2055845],[121.5544774,31.2055836],[121.5545725,31.2055838],[121.5549008,31.2055844],[121.5555718,31.2055879],[121.5561917,31.2055761],[121.556583,31.2055775],[121.5568963,31.2055847],[121.5571389,31.205597],[121.5573753,31.2056124],[121.5575529,31.2056296],[121.5577474,31.2056647],[121.5579351,31.2057117],[121.5581548,31.2057797],[121.5583139,31.2058403],[121.5584911,31.205919],[121.5586533,31.2060185],[121.558759,31.2060985],[121.5588605,31.206191],[121.5590553,31.2064196],[121.5594287,31.2068673],[121.5596916,31.2072651],[121.5597374,31.2077005],[121.5596591,31.2082103],[121.5596521,31.2082457],[121.5592316,31.2103812],[121.558496,31.2137836],[121.5583458,31.2145015]]}},{"type":"Feature","id":"8-169026097","properties":{"line":"8","colour":"#009FDF","osmRelationId":196737,"osmWayId":169026097},"geometry":{"type":"LineString","coordinates":[[121.5276017,31.3097834],[121.5276012,31.3098533]]}},{"type":"Feature","id":"8-169026109","properties":{"line":"8","colour":"#009FDF","osmRelationId":196737,"osmWayId":169026109},"geometry":{"type":"LineString","coordinates":[[121.4913194,31.1743078],[121.4909331,31.1764007],[121.4902088,31.1805587],[121.4902041,31.1805809],[121.4901965,31.180617],[121.4900011,31.1815435],[121.4896435,31.1830412],[121.489369,31.1843423],[121.4892686,31.1850416],[121.489316,31.1856655],[121.4893707,31.1863689],[121.4893986,31.1866113],[121.4894217,31.1871027],[121.4894929,31.1880715],[121.4896047,31.1887061],[121.4903766,31.1909238],[121.4905021,31.1916018],[121.4905923,31.1922873],[121.4906232,31.1927738],[121.4906033,31.1933432],[121.490548,31.1939051],[121.4904653,31.1945095],[121.4903659,31.1950262],[121.4902996,31.1952835],[121.4902049,31.1955407],[121.4900441,31.1958706],[121.4878983,31.1994708],[121.4878721,31.1995147],[121.486836,31.2010853],[121.4862566,31.2018745],[121.4857692,31.2024881],[121.4852158,31.2035978],[121.4851508,31.2037283],[121.484719,31.2045943],[121.4839036,31.2063416],[121.4836718,31.2070169],[121.4831569,31.2093514],[121.4828736,31.2103057],[121.4825045,31.2113848],[121.4821269,31.2127061],[121.4817836,31.2133668]]}},{"type":"Feature","id":"8-169039078","properties":{"line":"8","colour":"#009FDF","osmRelationId":196737,"osmWayId":169039078},"geometry":{"type":"LineString","coordinates":[[121.5079359,31.0642902],[121.5078985,31.0647809],[121.5078582,31.0653323],[121.5078233,31.0656333],[121.5077831,31.0659435],[121.5076246,31.0668092],[121.5074639,31.0677723],[121.5071635,31.0695181],[121.5067397,31.0720958],[121.5065573,31.0733318],[121.5064983,31.0737269],[121.5064632,31.0742964],[121.5064232,31.0747147],[121.5063847,31.074981],[121.5062777,31.0756658],[121.5061657,31.0763826],[121.5059429,31.0775677],[121.5057926,31.078335],[121.5055942,31.079332],[121.505345,31.0806002],[121.5050094,31.0823091],[121.5046768,31.0839814],[121.5044867,31.0852174],[121.5044355,31.0855709],[121.504283,31.0863432],[121.504127,31.0871329],[121.5039073,31.088006],[121.5037625,31.0887043],[121.5033816,31.0910701],[121.5031855,31.0923286],[121.5027272,31.0951861],[121.5024697,31.0968351],[121.5024131,31.0971473],[121.5022444,31.0977722],[121.5019553,31.0986256],[121.5017106,31.0993479],[121.5015577,31.0997474],[121.50137,31.1001562],[121.5010695,31.100882],[121.5004711,31.1025123],[121.4996128,31.1047538],[121.4990633,31.1062009],[121.4982449,31.1084512],[121.4973147,31.1110465],[121.4962794,31.1139215],[121.4956786,31.1156576],[121.4950637,31.1173474],[121.4950169,31.1174547]]}},{"type":"Feature","id":"8-177323460","properties":{"line":"8","colour":"#009FDF","osmRelationId":196737,"osmWayId":177323460},"geometry":{"type":"LineString","coordinates":[[121.5276012,31.3098533],[121.5275914,31.3112765],[121.5275635,31.3160279],[121.5275679,31.3167567],[121.5275706,31.3174989],[121.5276595,31.3247945]]}},{"type":"Feature","id":"8-966464245","properties":{"line":"8","colour":"#009FDF","osmRelationId":196737,"osmWayId":966464245},"geometry":{"type":"LineString","coordinates":[[121.4653279,31.2513801],[121.4650765,31.2522654],[121.4643732,31.2550951],[121.4635016,31.2576717],[121.4630038,31.2586989],[121.4629008,31.2594326],[121.4628493,31.2603717],[121.4627892,31.2614576],[121.4626433,31.262338],[121.4627292,31.2627562],[121.4632188,31.2638754],[121.4634837,31.2643057],[121.463804,31.2647366],[121.4645981,31.2655487],[121.4669476,31.2679168],[121.4679222,31.2687884],[121.4690553,31.269634],[121.4699915,31.2702342],[121.4708646,31.2707119],[121.4717807,31.2711068],[121.4726361,31.2714224],[121.4736119,31.2716604],[121.4747177,31.2718356],[121.4765078,31.2720993],[121.4769036,31.2721744],[121.4772514,31.2722678],[121.4775754,31.2723869],[121.4778678,31.2725168],[121.4782275,31.2727384],[121.4785528,31.2729705],[121.4788008,31.273198],[121.4789262,31.2733411],[121.4791385,31.2736059],[121.4792528,31.2737802],[121.4794354,31.274123],[121.4795529,31.2744795],[121.4797406,31.275247],[121.4799568,31.2760948],[121.4800271,31.2762946],[121.4801085,31.2764913],[121.4803684,31.2769446],[121.4804904,31.2771233],[121.4806482,31.2772998],[121.4808497,31.2774914],[121.4810781,31.2776846],[121.4812616,31.2778099],[121.4814012,31.2779062],[121.4815714,31.278],[121.4817161,31.2780746],[121.4819354,31.2781729],[121.48231,31.278308],[121.4825443,31.2783679],[121.4827916,31.2784222],[121.4830308,31.2784567],[121.4832831,31.2784773],[121.4848877,31.2785139],[121.485791,31.2785073],[121.4919255,31.2783423],[121.4938996,31.2783148],[121.4945112,31.2782507],[121.495509,31.277893],[121.4961675,31.2774445],[121.4967602,31.2770553],[121.4971093,31.276824],[121.4974572,31.2765891],[121.4977524,31.2763975],[121.4984574,31.2759276],[121.498831,31.2757169],[121.4992355,31.2755404],[121.4996343,31.2754332],[121.5003699,31.2753242],[121.5012843,31.2752811],[121.5025843,31.2752441],[121.5033792,31.2752081],[121.5038712,31.2751973],[121.5043512,31.2751987],[121.5051665,31.2752152],[121.5054105,31.2752214],[121.505657,31.2752339],[121.5058954,31.2752395],[121.5065507,31.2752866],[121.507796,31.2755574],[121.508513,31.2757532],[121.5107428,31.2761595],[121.5142018,31.2769665],[121.5155322,31.2773186],[121.5171201,31.2777734],[121.5173981,31.2778749],[121.5200641,31.278771],[121.5209824,31.2792258],[121.523525,31.2806176],[121.5241046,31.2809389],[121.5251155,31.2814652],[121.5254456,31.2815878],[121.5281922,31.2830035],[121.5307534,31.2843608],[121.5309143,31.284535],[121.5310109,31.2848009],[121.5310538,31.2850668],[121.5310752,31.2862587],[121.5310216,31.2870656],[121.5308607,31.2878999],[121.5307781,31.2884343],[121.5307352,31.2887277],[121.5306673,31.2892294],[121.5306517,31.2899374],[121.530645,31.290732],[121.5305886,31.2934409],[121.5305714,31.2938422],[121.5304496,31.2947758],[121.5301008,31.2955837],[121.5292103,31.2971697],[121.5288453,31.2978687],[121.5287309,31.2980897],[121.5283697,31.2987403],[121.5280449,31.2993726],[121.5277552,31.3000235],[121.5277033,31.3004632],[121.5276719,31.3009973],[121.5276307,31.3055898],[121.5276104,31.3071134],[121.5276246,31.3082966],[121.527603,31.3095988],[121.5276017,31.3097834]]}},{"type":"Feature","id":"8-966464248","properties":{"line":"8","colour":"#009FDF","osmRelationId":196737,"osmWayId":966464248},"geometry":{"type":"LineString","coordinates":[[121.4670423,31.2436112],[121.4669863,31.2441977],[121.4669485,31.2444774]]}},{"type":"Feature","id":"8-1007651588","properties":{"line":"8","colour":"#009FDF","osmRelationId":196737,"osmWayId":1007651588},"geometry":{"type":"LineString","coordinates":[[121.4669485,31.2444774],[121.4668504,31.245204],[121.4666467,31.2462687],[121.4664853,31.2470209]]}},{"type":"Feature","id":"8-1007651591","properties":{"line":"8","colour":"#009FDF","osmRelationId":196737,"osmWayId":1007651591},"geometry":{"type":"LineString","coordinates":[[121.4664853,31.2470209],[121.4664199,31.2473257],[121.4660251,31.2489254],[121.4653279,31.2513801]]}},{"type":"Feature","id":"8-1066594108","properties":{"line":"8","colour":"#009FDF","osmRelationId":196737,"osmWayId":1066594108},"geometry":{"type":"LineString","coordinates":[[121.4950169,31.1174547],[121.494243,31.1191733],[121.4938452,31.1202197],[121.4921948,31.1244472],[121.4921501,31.1245616],[121.4889504,31.133101],[121.488408,31.1341922],[121.487884,31.1350132],[121.487393,31.136074],[121.4863224,31.1390286],[121.4859227,31.1402848],[121.4856818,31.1409937],[121.4848668,31.1432582],[121.4843507,31.1447321],[121.4840857,31.145357],[121.4838835,31.1456961],[121.4836525,31.1459833],[121.4833431,31.1463226],[121.4829869,31.1466199],[121.4825661,31.146889],[121.4820756,31.1471376],[121.4816076,31.1473099],[121.4811088,31.1474375],[121.4805113,31.1475091],[121.4798239,31.1475237],[121.4761907,31.1473251],[121.4756752,31.1473223],[121.4752429,31.1473577],[121.4748528,31.1474147],[121.4744499,31.1475118],[121.4740188,31.1476919],[121.4736561,31.1478843],[121.4732525,31.1481845],[121.4729653,31.1484652],[121.4726431,31.1488256],[121.4724667,31.149126],[121.4723008,31.1494829],[121.4721887,31.1498647],[121.4721514,31.1502067],[121.4721398,31.1505627],[121.472186,31.1509575],[121.4722644,31.1513073],[121.4724156,31.1516704],[121.4725721,31.1519705],[121.4728193,31.1522578],[121.4733885,31.152796],[121.4741859,31.1536526],[121.4743653,31.1538259],[121.475227,31.1547005],[121.4753649,31.1548405],[121.4758097,31.155278]]}},{"type":"Feature","id":"8-1066594109","properties":{"line":"8","colour":"#009FDF","osmRelationId":196737,"osmWayId":1066594109},"geometry":{"type":"LineString","coordinates":[[121.4758097,31.155278],[121.4759062,31.1553741],[121.4761032,31.1555661]]}},{"type":"Feature","id":"8-1066594232","properties":{"line":"8","colour":"#009FDF","osmRelationId":196737,"osmWayId":1066594232},"geometry":{"type":"LineString","coordinates":[[121.4761032,31.1555661],[121.4763885,31.1558576],[121.4774313,31.1570394],[121.477666,31.1572443],[121.4779191,31.1574425],[121.4782319,31.1576525],[121.4786191,31.1578626],[121.4789954,31.1580338],[121.4836438,31.1598613],[121.4843193,31.1601339],[121.4848823,31.1603826],[121.4854317,31.1606554],[121.4861185,31.1610066],[121.4867874,31.1613644],[121.4872306,31.1616126],[121.4875725,31.1618361],[121.4878903,31.1620623],[121.4890354,31.1630048],[121.4896811,31.1635553],[121.4904665,31.1643339],[121.4911373,31.1650924],[121.4916658,31.1658905],[121.4920612,31.166786],[121.4922872,31.167764],[121.492366,31.1688725],[121.4923001,31.1701857],[121.4921777,31.1713336]]}},{"type":"Feature","id":"8-1066594233","properties":{"line":"8","colour":"#009FDF","osmRelationId":196737,"osmWayId":1066594233},"geometry":{"type":"LineString","coordinates":[[121.4921777,31.1713336],[121.4920489,31.1719211],[121.4918051,31.1727625],[121.4913194,31.1743078]]}},{"type":"Feature","id":"8-1125197445","properties":{"line":"8","colour":"#009FDF","osmRelationId":196737,"osmWayId":1125197445},"geometry":{"type":"LineString","coordinates":[[121.4813719,31.2144587],[121.481157,31.215591],[121.4808738,31.216303],[121.4799811,31.2183069],[121.4792086,31.2196428],[121.4784849,31.2208201],[121.4772689,31.2225201],[121.4769585,31.2244337],[121.4768826,31.2251725],[121.4764621,31.2261386],[121.4760329,31.2272762],[121.4756133,31.2280307],[121.4752966,31.2285658],[121.474956,31.2291572],[121.4739338,31.2308177],[121.4737221,31.2311099],[121.4721498,31.2328474]]}},{"type":"Feature","id":"8-1125197446","properties":{"line":"8","colour":"#009FDF","osmRelationId":196737,"osmWayId":1125197446},"geometry":{"type":"LineString","coordinates":[[121.4817836,31.2133668],[121.4815219,31.213833],[121.4814957,31.2138797],[121.4814746,31.2139173],[121.4813719,31.2144587]]}},{"type":"Feature","id":"8-1389669276","properties":{"line":"8","colour":"#009FDF","osmRelationId":196737,"osmWayId":1389669276},"geometry":{"type":"LineString","coordinates":[[121.4700726,31.2357367],[121.4700113,31.2358422],[121.4699586,31.2359551],[121.4698621,31.2362208],[121.4697589,31.2366],[121.4688409,31.2401401],[121.4684079,31.2410959],[121.4681147,31.2416057],[121.4673643,31.2426297],[121.4671622,31.2430882],[121.4670423,31.2436112]]}},{"type":"Feature","id":"8-1389669278","properties":{"line":"8","colour":"#009FDF","osmRelationId":196737,"osmWayId":1389669278},"geometry":{"type":"LineString","coordinates":[[121.4721498,31.2328474],[121.4715986,31.2334565],[121.4711371,31.2341554],[121.4700726,31.2357367]]}},{"type":"Feature","id":"9-425713803","properties":{"line":"9","colour":"#71C5E8","osmRelationId":214629,"osmWayId":425713803},"geometry":{"type":"LineString","coordinates":[[121.5237947,31.2299284],[121.5260623,31.2286246],[121.5287328,31.2270893],[121.5311808,31.2257526],[121.531657,31.2255163],[121.5321119,31.2253999],[121.5326774,31.2253345],[121.5335823,31.2252544],[121.5341868,31.225309],[121.5346927,31.2253781],[121.5353917,31.2255689],[121.5361914,31.2259184],[121.5369559,31.2263392],[121.5381422,31.2271131],[121.5388671,31.227579],[121.5394251,31.2279096],[121.5397652,31.2280605],[121.5401017,31.2281801],[121.5409453,31.2284582],[121.5437829,31.2293858],[121.5441047,31.2294943],[121.5445435,31.2296487],[121.5450497,31.2298303],[121.545623,31.2300361],[121.5461787,31.2302418],[121.5469537,31.2305263],[121.5482562,31.2310499],[121.5486264,31.2311891],[121.5488968,31.2313071],[121.5498063,31.2317489],[121.5504383,31.2320824],[121.5509597,31.2323485],[121.5512635,31.2325227],[121.5515871,31.2327037],[121.5518487,31.2328476],[121.5522437,31.2330905],[121.552634,31.2333261],[121.5529915,31.2335629],[121.5532569,31.233733],[121.5536166,31.2339548],[121.5538624,31.2340902],[121.5542908,31.2343055],[121.5544342,31.2343776],[121.5546851,31.2345037],[121.5549323,31.2346253],[121.5553606,31.2348286],[121.5562483,31.2352766],[121.5564001,31.2353532],[121.5578712,31.2360918],[121.5593175,31.2368557],[121.5603689,31.2373875],[121.5608823,31.2376492],[121.5615092,31.2379742],[121.5625754,31.2385271],[121.5629259,31.2386917],[121.5637947,31.2390547],[121.5644413,31.2392868],[121.5659222,31.2398144],[121.5664701,31.2400043],[121.5673093,31.2403504],[121.5684693,31.2409033],[121.5695553,31.2414097],[121.5705129,31.2418613],[121.5712534,31.2421652],[121.5720383,31.2424944],[121.5730798,31.2429417],[121.5736522,31.2431953],[121.5740325,31.2433638],[121.5750543,31.2438491],[121.5763822,31.244478],[121.5779223,31.2452081],[121.579181,31.2457862],[121.5802966,31.2462927],[121.5812247,31.2468075],[121.5822909,31.2474448],[121.5833571,31.2481285],[121.5844382,31.2488121],[121.5859487,31.2497828],[121.5877603,31.2509222],[121.5885057,31.251399],[121.5895836,31.2524733],[121.5906902,31.2531932],[121.5929494,31.2546642],[121.5939018,31.2553732],[121.5950016,31.2560712],[121.5959774,31.2566866],[121.5970906,31.2574212],[121.5978244,31.2579401],[121.5991848,31.2588991],[121.5999924,31.2594463],[121.601108,31.2601889],[121.6020303,31.2607622],[121.602711,31.2611511],[121.6030828,31.2613843],[121.603461,31.2615912],[121.6040703,31.2619171],[121.6047734,31.2622242],[121.6055263,31.2625111],[121.6062212,31.2627562],[121.6068626,31.2629675],[121.6072301,31.2630973],[121.6089223,31.2636367],[121.6123313,31.2647557],[121.6130123,31.2649929],[121.6141617,31.2653655],[121.6151562,31.2656894],[121.6159743,31.2659481],[121.6166353,31.2660573],[121.6180172,31.2662675],[121.6193703,31.2664044],[121.6198942,31.266443],[121.6204786,31.2664621],[121.6281188,31.2664552],[121.6299577,31.2664257],[121.6306648,31.2664141],[121.6314709,31.2664127],[121.6322635,31.2664176],[121.6351234,31.2664061],[121.6387272,31.266376],[121.6392558,31.2663859],[121.6415565,31.2663963],[121.6422253,31.266448],[121.6434205,31.2665746],[121.6439866,31.2666562],[121.6455805,31.2669804],[121.6462428,31.2670978],[121.6469544,31.267235],[121.6476722,31.2673704]]}},{"type":"Feature","id":"9-954622185","properties":{"line":"9","colour":"#71C5E8","osmRelationId":214629,"osmWayId":954622185},"geometry":{"type":"LineString","coordinates":[[121.3106667,31.1379836],[121.3141596,31.1389723],[121.315047,31.1393187],[121.3159756,31.1396907],[121.3161824,31.139796],[121.3169845,31.1405747],[121.3196899,31.1429132],[121.3223398,31.1450343],[121.3251426,31.1466334],[121.3291169,31.148901],[121.3295925,31.1492374],[121.3303778,31.1499441],[121.3307198,31.1501787],[121.3310114,31.1503272],[121.3333435,31.1513157],[121.3350571,31.1520424],[121.3436682,31.1566191],[121.3442594,31.156894],[121.3451869,31.1573896],[121.3459319,31.157812],[121.346517,31.1580459],[121.3473938,31.1582596],[121.3587321,31.1601657],[121.3630653,31.159911],[121.3640715,31.1599404],[121.3650831,31.1599524],[121.3657369,31.1600679],[121.3664716,31.1603546],[121.3707483,31.1639849],[121.3745249,31.1660413],[121.3793013,31.1680886],[121.3801522,31.1683763],[121.381041,31.1686585],[121.3872824,31.170642],[121.3919742,31.1721247]]}},{"type":"Feature","id":"9-954622186","properties":{"line":"9","colour":"#71C5E8","osmRelationId":214629,"osmWayId":954622186},"geometry":{"type":"LineString","coordinates":[[121.421977,31.1848559],[121.4227572,31.186231],[121.4232104,31.1870418]]}},{"type":"Feature","id":"9-954628973","properties":{"line":"9","colour":"#71C5E8","osmRelationId":214629,"osmWayId":954628973},"geometry":{"type":"LineString","coordinates":[[121.4232104,31.1870418],[121.4242211,31.1888504],[121.4259027,31.1919126],[121.4264464,31.1928719],[121.4268706,31.1936204],[121.4268964,31.1936626],[121.4276891,31.1950556],[121.4283881,31.1958691],[121.4291908,31.196415],[121.4302226,31.1968816],[121.4314526,31.1972679],[121.4323716,31.1974667],[121.4332906,31.1976655],[121.4341725,31.1978102],[121.4351485,31.1979188],[121.435368,31.1979321],[121.4362565,31.1979861],[121.4372837,31.1980956],[121.4382681,31.1983178],[121.4390819,31.1985936],[121.4398007,31.1988672],[121.4441467,31.2007733],[121.4457703,31.2013238],[121.4458252,31.2013443],[121.4458751,31.2013612],[121.4458938,31.2013664],[121.4496432,31.2026427],[121.4517833,31.203359],[121.4563758,31.2046098],[121.4588527,31.2051356],[121.4595719,31.2052927],[121.4601869,31.2054395],[121.4604304,31.2055475],[121.4608529,31.2057348],[121.4619634,31.2063299],[121.4624224,31.2067782],[121.4628876,31.2075524],[121.4640135,31.2082185],[121.4646459,31.2085654],[121.4651092,31.2088351],[121.4655888,31.20907],[121.4659086,31.2095271],[121.4661928,31.2098365],[121.466606,31.2100981],[121.4677266,31.2104165],[121.4718691,31.2112298],[121.4719147,31.2112388],[121.4720339,31.2112622],[121.4731742,31.2115883],[121.4745206,31.2119531],[121.4751236,31.2121774],[121.4754561,31.2123747],[121.4765564,31.2130106],[121.4768482,31.2131317],[121.4775912,31.2133015],[121.4797477,31.2135859],[121.4804886,31.2136923]]}},{"type":"Feature","id":"9-954628976","properties":{"line":"9","colour":"#71C5E8","osmRelationId":214629,"osmWayId":954628976},"geometry":{"type":"LineString","coordinates":[[121.5202975,31.2317718],[121.5212057,31.2313551]]}},{"type":"Feature","id":"9-1029449753","properties":{"line":"9","colour":"#71C5E8","osmRelationId":214629,"osmWayId":1029449753},"geometry":{"type":"LineString","coordinates":[[121.3941902,31.17267],[121.4028128,31.1744336],[121.4055666,31.1750054],[121.4119043,31.176207],[121.4124976,31.1763522],[121.4141575,31.1767584],[121.4155758,31.1771047],[121.4171193,31.1777611],[121.4187408,31.1791499],[121.419127,31.1795538],[121.4208437,31.1828582],[121.421977,31.1848559]]}},{"type":"Feature","id":"9-1029449755","properties":{"line":"9","colour":"#71C5E8","osmRelationId":214629,"osmWayId":1029449755},"geometry":{"type":"LineString","coordinates":[[121.3919742,31.1721247],[121.3932779,31.1724533],[121.3941902,31.17267]]}},{"type":"Feature","id":"9-1066735050","properties":{"line":"9","colour":"#71C5E8","osmRelationId":214629,"osmWayId":1066735050},"geometry":{"type":"LineString","coordinates":[[121.5212057,31.2313551],[121.5225972,31.2306169],[121.522632,31.2305968],[121.5237947,31.2299284]]}},{"type":"Feature","id":"9-1125197452","properties":{"line":"9","colour":"#71C5E8","osmRelationId":214629,"osmWayId":1125197452},"geometry":{"type":"LineString","coordinates":[[121.4955152,31.2241725],[121.4958092,31.2243108],[121.4964962,31.2245464],[121.4969224,31.2247349],[121.4975322,31.2250239],[121.4985168,31.225602],[121.4988916,31.2258408],[121.5018013,31.2284357],[121.5023179,31.2289071],[121.5027419,31.2292796],[121.5031755,31.2295435],[121.5046119,31.2303016],[121.505558,31.2307258],[121.5059641,31.2308653],[121.5064719,31.2309752],[121.5079873,31.2312261],[121.5084297,31.2313067],[121.5088771,31.2313937],[121.5093171,31.2314996],[121.5097571,31.2316203],[121.5104967,31.2318591],[121.5111565,31.23208],[121.5118575,31.2323077],[121.5137197,31.2329197],[121.5138738,31.2329703],[121.5143498,31.2331189],[121.5148933,31.2332647],[121.5152259,31.2332985],[121.5155414,31.2332955],[121.5161449,31.2331889],[121.5187862,31.2323556],[121.5202975,31.2317718]]}},{"type":"Feature","id":"9-1125197453","properties":{"line":"9","colour":"#71C5E8","osmRelationId":214629,"osmWayId":1125197453},"geometry":{"type":"LineString","coordinates":[[121.4804886,31.2136923],[121.4811531,31.2137878],[121.4814619,31.2138257],[121.4815219,31.213833],[121.4824019,31.2139409]]}},{"type":"Feature","id":"9-1360101970","properties":{"line":"9","colour":"#71C5E8","osmRelationId":214629,"osmWayId":1360101970},"geometry":{"type":"LineString","coordinates":[[121.4940559,31.2219294],[121.4942482,31.2225648],[121.4944768,31.2232046],[121.4946638,31.2235067],[121.4949444,31.2237955],[121.4955152,31.2241725]]}},{"type":"Feature","id":"9-1360101971","properties":{"line":"9","colour":"#71C5E8","osmRelationId":214629,"osmWayId":1360101971},"geometry":{"type":"LineString","coordinates":[[121.4824019,31.2139409],[121.4857746,31.2143543],[121.4883066,31.2146846],[121.4902378,31.2149415],[121.4920402,31.215749],[121.4926816,31.2163683],[121.4933706,31.2170336],[121.4940157,31.2187675],[121.4940871,31.2190057],[121.4940918,31.2193424],[121.4940975,31.2197522],[121.4940291,31.2213063],[121.4940248,31.2214051],[121.4940559,31.2219294]]}},{"type":"Feature","id":"10-513577040","properties":{"line":"10","colour":"#C1A7E2","osmRelationId":7452118,"osmWayId":513577040},"geometry":{"type":"LineString","coordinates":[[121.5023803,31.3316314],[121.5023497,31.3311688],[121.5023381,31.3309465],[121.5023213,31.3307827],[121.5022648,31.3303153],[121.5022496,31.3301216],[121.5022524,31.3299755],[121.5022586,31.3298552],[121.502298,31.3296464],[121.5023243,31.329507],[121.5023414,31.3293072],[121.5023389,31.329145],[121.502349,31.3286349],[121.502358,31.3280638],[121.5023603,31.3274058],[121.5023668,31.3266],[121.502378,31.3258584],[121.5023769,31.3253271],[121.5024029,31.3237992],[121.5024462,31.3227197],[121.5024671,31.3215827],[121.5024646,31.3203288],[121.5024705,31.3194813],[121.5024891,31.3189704],[121.502523,31.3185333],[121.5025612,31.3181459],[121.5026131,31.3179154],[121.5026899,31.3176398],[121.5028649,31.3170863],[121.5029879,31.3167809],[121.5031637,31.3164096],[121.5032688,31.3162027],[121.5034004,31.3159572],[121.5038142,31.3152563],[121.5043168,31.3143857],[121.5065323,31.3105319],[121.507024,31.3097081],[121.5078854,31.3083227],[121.5094277,31.3057552],[121.5098789,31.305004],[121.5102676,31.3043064],[121.5108911,31.303152],[121.5110011,31.3028442],[121.5110883,31.3025871],[121.5111243,31.3023269]]}},{"type":"Feature","id":"10-513577046","properties":{"line":"10","colour":"#C1A7E2","osmRelationId":7452118,"osmWayId":513577046},"geometry":{"type":"LineString","coordinates":[[121.4984793,31.2782698],[121.4970157,31.2769104]]}},{"type":"Feature","id":"10-513577052","properties":{"line":"10","colour":"#C1A7E2","osmRelationId":7452118,"osmWayId":513577052},"geometry":{"type":"LineString","coordinates":[[121.4970157,31.2769104],[121.496969,31.2768702],[121.4969301,31.276835]]}},{"type":"Feature","id":"10-513577059","properties":{"line":"10","colour":"#C1A7E2","osmRelationId":7452118,"osmWayId":513577059},"geometry":{"type":"LineString","coordinates":[[121.4969301,31.276835],[121.4955643,31.2756153],[121.4950472,31.2751557]]}},{"type":"Feature","id":"10-513577066","properties":{"line":"10","colour":"#C1A7E2","osmRelationId":7452118,"osmWayId":513577066},"geometry":{"type":"LineString","coordinates":[[121.4950472,31.2751557],[121.4940532,31.2742641],[121.4933406,31.2735854],[121.4897876,31.2704324],[121.4895604,31.2702352],[121.4890502,31.2698242],[121.4877107,31.2686318],[121.4874585,31.268382],[121.4872267,31.2680973],[121.486866,31.2675466],[121.4866737,31.2671478],[121.4862201,31.266195],[121.4855831,31.2647209],[121.4851747,31.2637926],[121.4847881,31.2629121],[121.4845994,31.2624683],[121.4844348,31.2620245],[121.4843276,31.2617156],[121.4842549,31.2614535],[121.4841841,31.2611774],[121.4841305,31.2608755],[121.4840497,31.2603998],[121.4839978,31.2601174],[121.4839324,31.2598441],[121.4837534,31.2593166],[121.4831655,31.2578321],[121.4829552,31.2574076],[121.4824377,31.2563178],[121.4823142,31.2561082],[121.4821611,31.2559278],[121.4819595,31.2557248],[121.4816999,31.2554973],[121.4801661,31.2543226],[121.4794548,31.2537411],[121.4786794,31.2531498],[121.4784631,31.2529492],[121.4782697,31.2527432],[121.4780019,31.2524255],[121.4777515,31.2520738],[121.4775702,31.251769],[121.4773935,31.2514295],[121.4772729,31.2511001],[121.4771782,31.2508184],[121.4770941,31.250508],[121.4770365,31.2502005],[121.4770149,31.2498903],[121.4770166,31.2496023],[121.4770471,31.2492938],[121.4771095,31.2489625],[121.4772099,31.2486247],[121.4773391,31.2482353],[121.4774583,31.2478622],[121.4775028,31.2477002],[121.4775365,31.2475526],[121.47757,31.2473383],[121.477775,31.2457578],[121.4777939,31.2456119],[121.4778245,31.2454428],[121.4778537,31.2453051],[121.4779096,31.2451017],[121.477995,31.2448178],[121.4780898,31.2445518],[121.4782045,31.2443042],[121.4784166,31.2439057],[121.4786156,31.2435795],[121.4790354,31.2428701],[121.4801243,31.2402472],[121.4814189,31.2363418],[121.4820794,31.2336064],[121.4826157,31.2309656],[121.4828441,31.2299158],[121.4830534,31.2289566],[121.4831881,31.2283534],[121.483433,31.2275508],[121.4837666,31.2268688],[121.4841411,31.2262165],[121.484614,31.225452],[121.4848239,31.2249135],[121.4849211,31.2245025],[121.4849048,31.2241373],[121.4847724,31.2237873],[121.4844285,31.2233382],[121.4841053,31.2228874],[121.4836938,31.2225592],[121.4830581,31.2221964],[121.4821104,31.2217324],[121.481344,31.2214105],[121.4811248,31.2213321],[121.4807713,31.2212205],[121.4801874,31.2210989],[121.4790144,31.2209477],[121.4782397,31.2208392],[121.4779114,31.2207591],[121.477542,31.2206469],[121.4773701,31.2205904],[121.4740314,31.2194929],[121.4699225,31.2181178],[121.4692436,31.2179153],[121.4685895,31.2177827],[121.4681629,31.2177299],[121.4677205,31.2177159],[121.4672939,31.2177299],[121.4668831,31.2177698],[121.4651191,31.2180832],[121.4643975,31.2181687],[121.4635937,31.2181671],[121.4626797,31.2180837],[121.4608154,31.2177003],[121.4602167,31.2176249],[121.4595697,31.2176004],[121.4584722,31.217619],[121.4573223,31.2175981],[121.4563548,31.2175134],[121.4557299,31.2174012],[121.4551374,31.2172599],[121.4539964,31.2168688],[121.4530439,31.2165577],[121.4521012,31.2161624],[121.4515989,31.2159392],[121.4510591,31.2156591],[121.4501254,31.2151527],[121.4497519,31.2148767],[121.4487794,31.2140109],[121.4485672,31.2138573],[121.4482203,31.2136344],[121.4475954,31.2132479],[121.4472481,31.2130681],[121.4470593,31.2129736],[121.4469596,31.2129324],[121.4468144,31.2128799],[121.4439082,31.2121487],[121.4436084,31.2120765],[121.443261,31.2119823],[121.4430501,31.2119155],[121.4429066,31.2118651],[121.4427635,31.2118119],[121.4424317,31.2116713],[121.4419698,31.2114318],[121.4397207,31.2100185],[121.4348158,31.2068788],[121.4308623,31.2043011],[121.4304476,31.2040636],[121.4303423,31.2040106],[121.4295623,31.2036816],[121.4233178,31.2011945],[121.4202515,31.1998647],[121.4193259,31.1993142],[121.4188119,31.1990517],[121.4174906,31.1985998],[121.4155423,31.1979918],[121.4152568,31.1979415],[121.4150128,31.1979187],[121.4147793,31.1979044],[121.4139969,31.1978927],[121.4131692,31.1979233],[121.412204,31.1979716],[121.40945,31.1982079],[121.4086838,31.1982625],[121.4079078,31.1983706],[121.4073012,31.198455],[121.4054485,31.1986657],[121.4047344,31.198839],[121.4042523,31.1989685],[121.4036124,31.1991405],[121.401189,31.2001128],[121.3989127,31.2008384],[121.3980331,31.201132],[121.3954758,31.2019592],[121.3942811,31.2021985],[121.3926922,31.2025107],[121.3917118,31.2026766],[121.391305,31.2027048],[121.3908387,31.2026478],[121.389692,31.2021574],[121.3885778,31.2016259],[121.3875935,31.201269],[121.3866373,31.2009198],[121.386173,31.2007259],[121.3852646,31.200287],[121.3837371,31.1998576],[121.3815294,31.1993442],[121.3807088,31.1991779],[121.3794758,31.1986692],[121.3755267,31.1962624],[121.3749695,31.195934]]}},{"type":"Feature","id":"10-513622512","properties":{"line":"10","colour":"#C1A7E2","osmRelationId":7452118,"osmWayId":513622512},"geometry":{"type":"LineString","coordinates":[[121.3749695,31.195934],[121.3734292,31.1950116],[121.3718469,31.1941533],[121.3706808,31.1935585],[121.3700611,31.1933208],[121.3676735,31.1923592],[121.3672744,31.1922783],[121.3653932,31.1920589],[121.3640373,31.1920772],[121.3634167,31.1921269],[121.3626445,31.1921733],[121.3620077,31.192227],[121.3616893,31.1922605],[121.3613395,31.1923213],[121.3608391,31.1924115],[121.3602741,31.1925415],[121.3596795,31.1926786],[121.3592758,31.1927665],[121.3587805,31.1928493],[121.3582116,31.1929169],[121.357537,31.1929567],[121.3569049,31.192979],[121.3562099,31.192995],[121.355618,31.1930299],[121.3550011,31.193103],[121.3545633,31.1931722],[121.3544691,31.1931871],[121.3537009,31.193329],[121.3530631,31.1934143],[121.3522281,31.1934544],[121.3514574,31.1934465],[121.3501549,31.1934116],[121.346515,31.1933101],[121.3461842,31.1933103],[121.3450733,31.193288],[121.3420395,31.1932294],[121.3411901,31.193213],[121.339469,31.1933477],[121.3382168,31.1935799],[121.3354662,31.1944711],[121.3327916,31.1953624],[121.3313352,31.1958051],[121.3300562,31.196031],[121.3283091,31.1960709],[121.3225222,31.1959597],[121.3209362,31.1958969],[121.3193526,31.1958488],[121.3149614,31.195724],[121.3132532,31.1956783],[121.3125451,31.195658],[121.311416,31.1956314]]}},{"type":"Feature","id":"10-729857259","properties":{"line":"10","colour":"#C1A7E2","osmRelationId":7452118,"osmWayId":729857259},"geometry":{"type":"LineString","coordinates":[[121.5217425,31.3579366],[121.5212652,31.3577662],[121.5209431,31.3576437],[121.5205496,31.357456],[121.5202727,31.3572961],[121.5199971,31.3571184],[121.5195818,31.3568287],[121.5192155,31.3565695],[121.5188672,31.356303],[121.5183753,31.3558899],[121.5176959,31.3552706],[121.5168196,31.3543657],[121.5162026,31.3537059],[121.5156641,31.3530342],[121.5149437,31.3521124],[121.5142602,31.3511693],[121.5135794,31.350168],[121.512924,31.3491251],[121.5113327,31.3464335],[121.5101686,31.3443716],[121.5090773,31.3422916],[121.5089138,31.341948],[121.5087977,31.3416994],[121.5086671,31.3414772],[121.5085357,31.3412685],[121.5084517,31.341132],[121.508344,31.3409571],[121.5080144,31.3404547],[121.5077438,31.3400564],[121.507295,31.3394778],[121.50629,31.338427],[121.5060103,31.3381493],[121.5050072,31.337153],[121.5043423,31.3364923],[121.5037756,31.3359114],[121.5034337,31.3354644],[121.5031644,31.335026],[121.5030203,31.334769],[121.5028266,31.3342797],[121.5027047,31.3339242],[121.5025976,31.3335552],[121.50249,31.3329861],[121.5024438,31.3326164],[121.5024153,31.3323076],[121.5023963,31.3319436],[121.5023803,31.3316314]]}},{"type":"Feature","id":"10-966582122","properties":{"line":"10","colour":"#C1A7E2","osmRelationId":7452118,"osmWayId":966582122},"geometry":{"type":"LineString","coordinates":[[121.5052535,31.2906864],[121.5048569,31.2899345],[121.5040204,31.2882124],[121.5029651,31.2861668],[121.5020394,31.2844289],[121.5015828,31.2836047],[121.5006697,31.2818399]]}},{"type":"Feature","id":"10-966582124","properties":{"line":"10","colour":"#C1A7E2","osmRelationId":7452118,"osmWayId":966582124},"geometry":{"type":"LineString","coordinates":[[121.5111243,31.3023269],[121.5111363,31.3021801],[121.5111214,31.3020409],[121.5110807,31.3018708],[121.5109806,31.3015735]]}},{"type":"Feature","id":"10-1170983558","properties":{"line":"10","colour":"#C1A7E2","osmRelationId":7452118,"osmWayId":1170983558},"geometry":{"type":"LineString","coordinates":[[121.5109806,31.3015735],[121.5109542,31.3015144],[121.5100376,31.2997494],[121.5093763,31.2984679],[121.5084251,31.2966483],[121.5083924,31.2965871],[121.5074338,31.2947487],[121.5069781,31.2939302],[121.5055647,31.2912678],[121.5052535,31.2906864]]}},{"type":"Feature","id":"10-1170983560","properties":{"line":"10","colour":"#C1A7E2","osmRelationId":7452118,"osmWayId":1170983560},"geometry":{"type":"LineString","coordinates":[[121.5006697,31.2818399],[121.5002479,31.2810248],[121.4996427,31.2798798],[121.4993071,31.2793304],[121.4990516,31.278964],[121.4987767,31.2786029],[121.4984793,31.2782698]]}},{"type":"Feature","id":"11-318121571","properties":{"line":"11","colour":"#76232F","osmRelationId":5611109,"osmWayId":318121571},"geometry":{"type":"LineString","coordinates":[[121.5793464,31.1625997],[121.5795144,31.1625989],[121.5799387,31.1625829],[121.5803571,31.1625469],[121.5807695,31.1624983],[121.5811811,31.1624373],[121.5815788,31.1623688],[121.5819387,31.1622965],[121.5843864,31.1617426],[121.584652,31.1616768],[121.584936,31.1615905],[121.5852254,31.1614783],[121.5855007,31.1613568],[121.5857045,31.1612501],[121.5859169,31.1611221],[121.58615,31.160957],[121.58637,31.160778],[121.5865825,31.1605869],[121.5867472,31.1604116],[121.5869152,31.1602085],[121.5870312,31.1600545],[121.5871342,31.1598968],[121.5872285,31.1597261],[121.5873185,31.1595397],[121.587403,31.1593449],[121.5874832,31.1591483],[121.5883673,31.1568318],[121.5890912,31.1549354],[121.5891563,31.1547647]]}},{"type":"Feature","id":"11-318121572","properties":{"line":"11","colour":"#76232F","osmRelationId":5611109,"osmWayId":318121572},"geometry":{"type":"LineString","coordinates":[[121.5759269,31.162148],[121.5765295,31.1622945],[121.5771853,31.1624318],[121.577556,31.1624921],[121.5779728,31.1625417],[121.5783576,31.1625797],[121.5787516,31.1625978],[121.5793464,31.1625997]]}},{"type":"Feature","id":"11-321205015","properties":{"line":"11","colour":"#76232F","osmRelationId":5611109,"osmWayId":321205015},"geometry":{"type":"LineString","coordinates":[[121.5891563,31.1547647],[121.5891954,31.1546624],[121.5895866,31.1536371],[121.5896885,31.1533904],[121.5897893,31.1531696],[121.5898782,31.152998],[121.589981,31.1528217],[121.5901132,31.1526205],[121.5902586,31.1524229],[121.5904147,31.1522225],[121.5905784,31.1520287]]}},{"type":"Feature","id":"11-376618209","properties":{"line":"11","colour":"#76232F","osmRelationId":5611109,"osmWayId":376618209},"geometry":{"type":"LineString","coordinates":[[121.3354825,31.2919097],[121.3410772,31.2856403],[121.3422957,31.2845463],[121.3428126,31.2841837],[121.3434403,31.2838315],[121.3442363,31.2835423],[121.3450661,31.2834561],[121.3527983,31.2827159],[121.3565713,31.2825144],[121.3569368,31.2824381],[121.3572251,31.2823251],[121.3575943,31.2820399],[121.3578521,31.2817547],[121.3596739,31.2788968],[121.3602951,31.2780239],[121.3603499,31.2779405],[121.361974,31.2763317],[121.3636088,31.2753206],[121.363814,31.2752132],[121.364734,31.274752],[121.3654891,31.2743563],[121.3659638,31.2741719],[121.3668152,31.2739048],[121.3677421,31.2737667],[121.3711633,31.2734741],[121.3714298,31.2734418],[121.3721039,31.2733637],[121.3721997,31.2733491]]}},{"type":"Feature","id":"11-427782945","properties":{"line":"11","colour":"#76232F","osmRelationId":5611109,"osmWayId":427782945},"geometry":{"type":"LineString","coordinates":[[121.5905784,31.1520287],[121.5907804,31.1517789],[121.5909242,31.1515866],[121.591086,31.1513635],[121.5912419,31.1511352],[121.5914517,31.15083],[121.5916315,31.1505581],[121.5917813,31.1503171],[121.5918622,31.1501581],[121.5919222,31.1500273],[121.592105,31.1495066],[121.5922559,31.1488739],[121.5923581,31.1480847],[121.5924626,31.1455345],[121.5924875,31.1451788]]}},{"type":"Feature","id":"11-427782946","properties":{"line":"11","colour":"#76232F","osmRelationId":5611109,"osmWayId":427782946},"geometry":{"type":"LineString","coordinates":[[121.5924875,31.1451788],[121.5925374,31.1448855],[121.5925966,31.1445802],[121.5926783,31.1442476],[121.5927624,31.1439698],[121.5928714,31.1436413],[121.5934937,31.1420493],[121.5944065,31.139806],[121.5949586,31.1384492],[121.5955195,31.137279],[121.5966665,31.1350259],[121.5971775,31.1343591],[121.5975488,31.1339791],[121.5979338,31.1336418],[121.5990148,31.1329536],[121.5996984,31.1326542],[121.6003389,31.1324501],[121.600644,31.1323637],[121.6009698,31.1322891],[121.601372,31.1322252],[121.6017765,31.1321896],[121.6023502,31.1321369],[121.6029167,31.1321176],[121.6040659,31.1321565],[121.6072333,31.1323352],[121.6086167,31.1324133],[121.6122971,31.1326111],[121.6125277,31.1326256],[121.6134205,31.1326818],[121.6141414,31.1327272],[121.6195385,31.133062],[121.6211573,31.1332007],[121.6227989,31.1333476],[121.6248792,31.1335644],[121.6288838,31.1339875],[121.6302281,31.1341316],[121.6316846,31.1342921],[121.6344503,31.1345787],[121.6364291,31.1347851]]}},{"type":"Feature","id":"11-769199654","properties":{"line":"11","colour":"#76232F","osmRelationId":5611109,"osmWayId":769199654},"geometry":{"type":"LineString","coordinates":[[121.3971331,31.2643547],[121.3974742,31.2642729],[121.3976562,31.2642082],[121.3978608,31.2641242],[121.3981494,31.2639873],[121.3983871,31.2638503],[121.3987819,31.2635521],[121.3991914,31.2631659],[121.3994859,31.2627577],[121.3996639,31.2623898],[121.3998269,31.2618609],[121.4003382,31.2599949],[121.4016173,31.2556195],[121.4018207,31.2549321],[121.4026165,31.2527026],[121.4026759,31.252505],[121.4031208,31.2510241],[121.4042258,31.2474745],[121.4048597,31.2452791],[121.4051749,31.2447868],[121.4056945,31.2443239],[121.4081002,31.2427906],[121.4107289,31.2411944],[121.4121966,31.2402785],[121.4152293,31.238217],[121.4156868,31.237562],[121.4168022,31.2354803],[121.4172956,31.2346654],[121.4178046,31.2338678],[121.4184728,31.2330359],[121.4189381,31.2323912],[121.4193517,31.2318038],[121.4195019,31.231529],[121.4196395,31.2311987],[121.4198072,31.2307066],[121.4202908,31.2290977],[121.4204459,31.2286555],[121.4206101,31.2282649],[121.4207873,31.2278999],[121.4210241,31.227525],[121.4216114,31.2268772],[121.4226494,31.2262499],[121.4232476,31.225921],[121.4239745,31.225272],[121.4251727,31.2241741],[121.425363,31.2238396],[121.4257484,31.2229242],[121.4262162,31.221534],[121.4270871,31.219282],[121.4285603,31.2156377],[121.4290169,31.2145915],[121.4291632,31.2141717],[121.4292617,31.2137419],[121.4292915,31.2133051],[121.4292461,31.2128786],[121.4291297,31.2124724],[121.4289629,31.2121308],[121.4287496,31.2118308],[121.4285138,31.2115423],[121.4282833,31.2111699],[121.4281602,31.2107469],[121.4281182,31.2102585],[121.4281223,31.2096952],[121.4281822,31.2091932],[121.428312,31.2085732],[121.4285805,31.2078351],[121.4290264,31.2069642],[121.4298596,31.2051729],[121.4300812,31.2048304],[121.4303554,31.2044576],[121.4306402,31.2041086],[121.4309784,31.2037591],[121.431257,31.2034205],[121.4313779,31.2032242],[121.4314608,31.2030606],[121.4315149,31.2028887],[121.431587,31.2025956],[121.4316542,31.2022637],[121.4316981,31.2019552],[121.4317104,31.2016846],[121.4317114,31.2014465],[121.4316611,31.2010087],[121.4316136,31.2007227],[121.4315509,31.2003981],[121.4314835,31.2000942],[121.4314106,31.1998101],[121.4312947,31.1993922],[121.4311797,31.1989406],[121.4311156,31.1985403],[121.4310817,31.1981935],[121.4311218,31.1975818],[121.4311807,31.1970717],[121.431323,31.1963051],[121.43149,31.1955437],[121.4316871,31.1946515],[121.4318464,31.193797],[121.4319303,31.1932508],[121.4319929,31.1927619],[121.4320106,31.1925731],[121.4320538,31.1921139],[121.4320934,31.1915289],[121.4321741,31.190894],[121.4322815,31.1902332],[121.432366,31.1897829],[121.4324959,31.1893831],[121.4326573,31.1890552],[121.43287,31.1886936],[121.4333678,31.1880287],[121.4336749,31.1876184],[121.4339406,31.1871521],[121.4341102,31.1867362],[121.4342074,31.1862911],[121.4342429,31.1859095],[121.4343206,31.1853971],[121.4344234,31.1849307],[121.4345956,31.1843061],[121.4349156,31.1835657],[121.4352133,31.1830251],[121.4356392,31.1824178],[121.4361574,31.1818602],[121.43673,31.1812646],[121.4373014,31.1806702],[121.4376171,31.1802689],[121.4378814,31.1798578],[121.4380954,31.1794498],[121.4382572,31.1791049],[121.4384602,31.1787283],[121.4386592,31.178422],[121.4389127,31.1780953],[121.4392382,31.1776773],[121.4397215,31.1770578],[121.4401249,31.1765358],[121.4406284,31.1761138],[121.4411361,31.1758137],[121.4418209,31.1755699],[121.4425669,31.1754195],[121.443603,31.1752513],[121.444887,31.1750746],[121.446139,31.174931],[121.4470949,31.1748592],[121.4481042,31.1748257],[121.448688,31.1748183],[121.4492713,31.174811],[121.4501275,31.1747931],[121.4508015,31.1747391],[121.4513934,31.1746511],[121.4520158,31.1744047],[121.4524821,31.1740546],[121.452853,31.1736244],[121.4531453,31.1730983],[121.4533085,31.1725642],[121.4536689,31.1704939],[121.4538351,31.1694968],[121.4543785,31.1663028],[121.4550041,31.1623846],[121.4551188,31.1616538],[121.4551422,31.1615047],[121.4552996,31.1605923],[121.4553818,31.1602057],[121.4554564,31.159962],[121.4555714,31.1597307],[121.4557747,31.1594303],[121.4560602,31.1590856],[121.4563796,31.1587912],[121.4567406,31.1585276],[121.4571266,31.1583156],[121.4575269,31.1581518],[121.4579855,31.1580162],[121.458324,31.1579575],[121.4587233,31.1579146],[121.4660841,31.1574453],[121.4667215,31.1574013],[121.4672762,31.1573419],[121.4678106,31.1572535],[121.4682437,31.1571656],[121.4734817,31.1558634],[121.4751777,31.1554497],[121.4758891,31.1552737],[121.4766071,31.1550963],[121.4774138,31.1548965],[121.4781275,31.1546873],[121.4790737,31.1542993],[121.4800883,31.1537149],[121.4808826,31.153182],[121.4840996,31.1512261],[121.4848343,31.1507705],[121.4854218,31.1504326],[121.4859721,31.150168],[121.4864516,31.1500179],[121.4869675,31.1499246],[121.4874811,31.1498888],[121.4882022,31.1499023],[121.4947845,31.1501756],[121.4956804,31.1501382],[121.4964757,31.1500113],[121.4971292,31.1497523],[121.497696,31.1493946],[121.4981509,31.1489894],[121.5008774,31.1456182],[121.5014843,31.1450777],[121.5022553,31.1446635],[121.5031787,31.1444447],[121.5041892,31.1444562],[121.5052415,31.144605],[121.506294,31.1448719],[121.5079395,31.1453704],[121.5090679,31.1457122],[121.5126516,31.1468692],[121.5134457,31.147158],[121.5143253,31.1475306],[121.5149196,31.1477471],[121.5155412,31.1479179],[121.5161097,31.1480181],[121.5166265,31.1480703],[121.5171831,31.148158],[121.5177344,31.1482844],[121.5188867,31.1486148],[121.5200379,31.1489451],[121.5300485,31.1517551],[121.5308289,31.1519966],[121.5314828,31.152244],[121.532177,31.152493],[121.532804,31.1527027],[121.5334941,31.1528698],[121.535061,31.1531639],[121.5366296,31.1534582],[121.5378254,31.1537374],[121.548353,31.1561954],[121.5493027,31.1564109],[121.5502521,31.1566265],[121.5509079,31.1567623],[121.5513781,31.1568489],[121.5519035,31.1569267],[121.5523123,31.1569799],[121.5527469,31.1570525],[121.5531721,31.1571409],[121.5535442,31.157238],[121.5539231,31.1573511],[121.5543018,31.157464],[121.5546689,31.1575808],[121.5550447,31.1576867],[121.5554201,31.157781],[121.5593231,31.158682],[121.5597931,31.1588023],[121.5602583,31.1589442],[121.5607289,31.159116],[121.5612464,31.1592935],[121.5617673,31.1594395],[121.5622557,31.1595341],[121.5627887,31.1596192],[121.5633926,31.159699],[121.5639311,31.1597847],[121.5644676,31.1598906],[121.5650045,31.1600157],[121.5674394,31.1605249],[121.5681973,31.1606834],[121.5709728,31.1612779],[121.5716792,31.1614049],[121.5724182,31.1615001],[121.5731088,31.1615855],[121.5739627,31.1617224],[121.5749017,31.1619117],[121.5759269,31.162148]]}},{"type":"Feature","id":"11-1007525028","properties":{"line":"11","colour":"#76232F","osmRelationId":5611109,"osmWayId":1007525028},"geometry":{"type":"LineString","coordinates":[[121.3721997,31.2733491],[121.3741757,31.2729603],[121.3747855,31.2728531],[121.3751402,31.2727602],[121.375582,31.2725817],[121.377074,31.2719627],[121.3773192,31.2718468],[121.3777495,31.2717146],[121.3782564,31.2716016],[121.3788506,31.2715131],[121.3811073,31.2714784],[121.3815309,31.2714671],[121.3819914,31.271429],[121.3824519,31.2713631],[121.3845147,31.2709189],[121.3848332,31.2708553],[121.385111,31.2708101],[121.3853648,31.2707732],[121.3857302,31.2707432],[121.3861372,31.2707259],[121.3863221,31.2707204],[121.3865267,31.2707028],[121.387073,31.2706532],[121.3875745,31.2705903],[121.387996,31.2704908],[121.3883467,31.27037],[121.3887465,31.2701839],[121.3893179,31.2698644],[121.3896437,31.2696003],[121.3899708,31.2693033],[121.3902321,31.2690127],[121.3904871,31.2686988],[121.3906512,31.2684124],[121.3911334,31.2670796],[121.3912144,31.2668474],[121.3913294,31.2666152],[121.391555,31.2662063],[121.3918382,31.2658495],[121.3922205,31.2654894],[121.3925329,31.2652786],[121.3928792,31.2650728],[121.3932101,31.2649357],[121.3935806,31.264818],[121.3937899,31.2647652],[121.3940219,31.2647125],[121.394285,31.2646718],[121.394724,31.2646148],[121.3950974,31.2645755],[121.3957865,31.2645197],[121.3965246,31.2644519],[121.3966428,31.2644369],[121.3968263,31.2644093],[121.3971331,31.2643547]]}},{"type":"Feature","id":"12-321205031","properties":{"line":"12","colour":"#007B5F","osmRelationId":5498699,"osmWayId":321205031},"geometry":{"type":"LineString","coordinates":[[121.4290841,31.1704272],[121.4322836,31.170638],[121.4338004,31.1709574],[121.4389553,31.172043],[121.4396513,31.1722329],[121.4464242,31.1740804],[121.447208,31.1743105],[121.4475235,31.1744914],[121.447677,31.1746501],[121.4478041,31.1748618],[121.4479388,31.1752586],[121.4480228,31.1756819],[121.4481465,31.1763395],[121.4482038,31.1766437],[121.4483362,31.1774298],[121.4484077,31.1780143],[121.4484351,31.1784473],[121.4483834,31.1789057],[121.4482615,31.1793379],[121.4479846,31.1801139],[121.4477989,31.1806441],[121.4477685,31.1808164],[121.4477038,31.1811828],[121.4476927,31.1816968],[121.4477841,31.1823143],[121.447949,31.1828474],[121.4481494,31.1832983],[121.4483741,31.1837144],[121.4486344,31.1840731],[121.4488698,31.1843049],[121.4491692,31.1845136],[121.4496015,31.1848235],[121.4500601,31.1852402],[121.4503624,31.1855149],[121.4507127,31.1857998],[121.4511693,31.1861242],[121.4518647,31.1865276],[121.4524484,31.1867553],[121.4525168,31.1867819],[121.4527219,31.1868619],[121.459567,31.189712],[121.4599926,31.1899313],[121.4603842,31.1901942],[121.4606276,31.1904114],[121.460873,31.1907079],[121.4610655,31.1910757],[121.4611549,31.1913482],[121.4612058,31.1916668],[121.461169,31.1920689],[121.4610554,31.1925941],[121.4608762,31.1931435],[121.4606714,31.1936016],[121.4591765,31.196056],[121.4579024,31.1981926],[121.4575162,31.1996518],[121.4564217,31.2042904],[121.4560659,31.2058815],[121.4559864,31.2065884],[121.455976,31.2072193],[121.4560035,31.2081559],[121.4561029,31.2088947],[121.45626,31.2100277],[121.4563266,31.2107704],[121.456342,31.2116709],[121.4562711,31.2128178],[121.4561429,31.2136091],[121.4557478,31.2149788],[121.4555454,31.2155435],[121.4552568,31.2163485],[121.4547198,31.2177902],[121.4541975,31.2192337],[121.4539589,31.22018],[121.4539101,31.2206101],[121.4538614,31.2210403],[121.4538954,31.2214809],[121.4539586,31.2219214],[121.4541044,31.2224402],[121.4543812,31.2229528],[121.4546874,31.2234552],[121.454883,31.2237969],[121.4551804,31.2243253],[121.4553969,31.2249216],[121.4554848,31.2253698],[121.4555179,31.2260949],[121.4555218,31.2266707],[121.4554861,31.227259],[121.4553776,31.2278846],[121.4552358,31.2284264],[121.4548158,31.229438],[121.4543381,31.2303233],[121.4539944,31.2308792],[121.4535901,31.2317463],[121.4532407,31.2326704],[121.4530951,31.2332183],[121.4530165,31.2335144],[121.4527536,31.2349385],[121.4520331,31.238247],[121.4519482,31.2387159],[121.4518632,31.2391989],[121.4518366,31.2399481],[121.4518819,31.2403371],[121.452021,31.2407543],[121.4521634,31.2410606],[121.4523665,31.2413715],[121.4526397,31.241643],[121.4530176,31.241905],[121.4537183,31.2422498],[121.4544054,31.2425951],[121.4562659,31.2434737],[121.4571036,31.2438149],[121.4585636,31.2442814],[121.4590617,31.2444151],[121.4595708,31.2444733],[121.4601107,31.2445143],[121.4606339,31.2444799],[121.4610409,31.2443926],[121.4620883,31.2441681],[121.4627904,31.2440064],[121.4635697,31.243958],[121.4642018,31.2440213],[121.4655491,31.244189]]}},{"type":"Feature","id":"12-404968092","properties":{"line":"12","colour":"#007B5F","osmRelationId":5498699,"osmWayId":404968092},"geometry":{"type":"LineString","coordinates":[[121.3585682,31.133715],[121.3600764,31.1346661],[121.360711,31.1349885],[121.361737,31.1354463],[121.3622828,31.1357308],[121.363349,31.1363414],[121.3644692,31.1369548],[121.3648271,31.1371349],[121.365565,31.1374599],[121.3665852,31.1379026],[121.3678195,31.1382122],[121.3741785,31.1392343],[121.3758293,31.1395514],[121.3793498,31.1401526],[121.3846498,31.1419892],[121.3869885,31.142731],[121.3875265,31.14296],[121.3882913,31.143262],[121.3887041,31.1434878],[121.3890979,31.1437567],[121.3897524,31.1444411],[121.3900256,31.1447978],[121.3901727,31.1450918],[121.3902425,31.1455652],[121.3902605,31.1458538],[121.3902619,31.1462363],[121.3892695,31.1499267],[121.3874403,31.1566323],[121.3871732,31.1577116],[121.3870266,31.1582681],[121.3869816,31.1593621],[121.3872141,31.1600689],[121.3874736,31.1604303],[121.3878564,31.1607707],[121.3892543,31.1613698],[121.392697,31.1622381],[121.3937492,31.1624989],[121.3948407,31.1628486],[121.3968122,31.1635689],[121.3981281,31.1641073],[121.400314,31.1649553],[121.4018362,31.1652677],[121.4061067,31.1662428],[121.4089815,31.166684],[121.4101241,31.1670099],[121.4127652,31.1683379],[121.413408,31.1686239],[121.4138491,31.1687782],[121.4149641,31.1689776],[121.4155179,31.1690337],[121.4165661,31.1691938],[121.4234748,31.170068],[121.4290841,31.1704272]]}},{"type":"Feature","id":"12-437239483","properties":{"line":"12","colour":"#007B5F","osmRelationId":5498699,"osmWayId":437239483},"geometry":{"type":"LineString","coordinates":[[121.4954837,31.252715],[121.4957852,31.252842],[121.4967327,31.2531917],[121.4973601,31.2534642],[121.4980906,31.2538174],[121.4989387,31.2542098],[121.499383,31.2543775],[121.5007525,31.2548272],[121.5015163,31.2550782],[121.5022949,31.255347],[121.5032089,31.2556559],[121.5038052,31.255913],[121.5044418,31.2562737],[121.5050704,31.2566744],[121.5055072,31.2569892],[121.5070442,31.2584635],[121.5085756,31.2599358],[121.5095088,31.2608338],[121.5107099,31.2617907],[121.5112909,31.2622859],[121.5115944,31.2625418],[121.511898,31.2627644],[121.5121784,31.2629588],[121.5124719,31.263131],[121.5132412,31.2635534],[121.5155982,31.2648665],[121.5193398,31.2665283],[121.5209667,31.2672193],[121.5225546,31.2678881],[121.5234679,31.2683055],[121.524121,31.2686237],[121.5253594,31.2692171],[121.526858,31.2699508],[121.5283174,31.2706622],[121.529704,31.2713492],[121.5305016,31.2717985],[121.5313056,31.2722366],[121.532039,31.2725977],[121.5330472,31.2729898],[121.5342509,31.2734709],[121.5352872,31.2739672],[121.536291,31.2745025],[121.537483,31.2752868],[121.5376957,31.2754422],[121.5386685,31.2761324],[121.5407282,31.2776103],[121.5416676,31.2783329],[121.5429511,31.2793258],[121.5441564,31.2803075],[121.544964,31.2809013],[121.5454981,31.2812112],[121.5460777,31.2814692],[121.5466249,31.2816366],[121.5470419,31.2817372],[121.5474717,31.2818195],[121.5482851,31.2819559],[121.5492413,31.2820888],[121.5502792,31.2822432],[121.5510913,31.2823649],[121.5517384,31.2824536],[121.5520524,31.2824984],[121.552672,31.2825868],[121.5534052,31.2826886],[121.5540956,31.2827852],[121.5546423,31.2828436],[121.5552985,31.2829006],[121.5569651,31.2830035],[121.55762,31.2830388],[121.5585653,31.283103],[121.5595012,31.2831817],[121.5603961,31.2832676],[121.5695308,31.2841532],[121.5703912,31.2842516],[121.5713974,31.2843737],[121.5722595,31.2844983],[121.5728192,31.2845714],[121.5732756,31.2846328],[121.5736377,31.2846613],[121.5746455,31.2846637],[121.5755972,31.2846738],[121.5758993,31.2846611],[121.5761716,31.2846422],[121.5765519,31.2845922],[121.5769755,31.2845033],[121.5773406,31.2844106],[121.5776901,31.2842994],[121.5780063,31.2841834],[121.5784328,31.2840046],[121.5794191,31.2835305],[121.5800869,31.2832044],[121.5805198,31.2830072],[121.5808081,31.2828786],[121.5812735,31.2826607],[121.5816163,31.2825285],[121.5819657,31.2824129],[121.5822247,31.2823426],[121.5824795,31.2822901],[121.5827147,31.2822655],[121.5829907,31.2822543],[121.5832699,31.282257],[121.5836437,31.282261],[121.5839823,31.282265],[121.5843223,31.2822734],[121.5851419,31.2822848],[121.5976934,31.2821861],[121.5987071,31.2821858],[121.5994795,31.2821812],[121.6002358,31.2821887],[121.6005008,31.2821956],[121.6008187,31.2822219],[121.6021824,31.2823309],[121.6030566,31.2823845],[121.6034203,31.2823996],[121.6037726,31.2824051],[121.6040784,31.2824],[121.6043843,31.2823852],[121.6046726,31.2823683],[121.6050016,31.2823459],[121.6093748,31.2818378],[121.6107893,31.2818459],[121.6120328,31.2818622],[121.6130506,31.2818777],[121.6145973,31.2819011],[121.6155328,31.2819199],[121.6165213,31.2819348],[121.6172557,31.2819598],[121.6179046,31.2820151],[121.6184083,31.2820689],[121.6188787,31.2821263],[121.6193817,31.2821906],[121.6199593,31.2822439],[121.6206536,31.2822776],[121.6226109,31.2822916],[121.6241195,31.2822709],[121.6257828,31.2822061],[121.6271686,31.2821547],[121.6281812,31.2821082],[121.6291832,31.2820532],[121.6302048,31.2819888],[121.6311944,31.2818917],[121.6319471,31.2817741],[121.6326153,31.2816204],[121.6332134,31.2814279],[121.6335644,31.2812754],[121.6338054,31.2811376],[121.6340325,31.2809732],[121.6342268,31.2807996],[121.6344506,31.2805313],[121.6345588,31.2803556],[121.6346403,31.2801853],[121.6346987,31.2799958],[121.6347347,31.2798291],[121.6347499,31.2796555],[121.6347432,31.277946],[121.6347517,31.2750635],[121.6347631,31.2721899],[121.6347371,31.2691471],[121.6347041,31.2668023],[121.634704,31.2666898],[121.6346992,31.2665734],[121.6346894,31.2664726],[121.634674,31.2663613],[121.6346523,31.2662574],[121.6346288,31.2661639],[121.6343843,31.2652003]]}},{"type":"Feature","id":"12-966464243","properties":{"line":"12","colour":"#007B5F","osmRelationId":5498699,"osmWayId":966464243},"geometry":{"type":"LineString","coordinates":[[121.4664457,31.2443006],[121.4672583,31.2443907]]}},{"type":"Feature","id":"12-966464257","properties":{"line":"12","colour":"#007B5F","osmRelationId":5498699,"osmWayId":966464257},"geometry":{"type":"LineString","coordinates":[[121.4672583,31.2443907],[121.4675778,31.244436]]}},{"type":"Feature","id":"12-966464272","properties":{"line":"12","colour":"#007B5F","osmRelationId":5498699,"osmWayId":966464272},"geometry":{"type":"LineString","coordinates":[[121.4675778,31.244436],[121.4718335,31.24504],[121.4760672,31.2454419],[121.4763757,31.2454702],[121.4767177,31.2455127],[121.4770356,31.2455685],[121.47734,31.2456185],[121.4776154,31.2456718],[121.477971,31.2457595],[121.4783788,31.2458765],[121.4791198,31.2461346],[121.4793385,31.2462292],[121.4795405,31.2463353],[121.4797335,31.2464558],[121.4799086,31.2465667],[121.4801854,31.2467324],[121.4803874,31.2468339],[121.480624,31.2469375],[121.480893,31.2470524],[121.4810744,31.2471269],[121.4812889,31.2471957],[121.4815201,31.247253],[121.4819471,31.2473475],[121.4823004,31.2474162],[121.4829573,31.2475293],[121.4836661,31.2476356],[121.4845508,31.2477503],[121.4854212,31.2478216],[121.4859827,31.2478616]]}},{"type":"Feature","id":"12-966464275","properties":{"line":"12","colour":"#007B5F","osmRelationId":5498699,"osmWayId":966464275},"geometry":{"type":"LineString","coordinates":[[121.4859827,31.2478616],[121.486397,31.2478974],[121.4866944,31.2479638],[121.4869713,31.2480727]]}},{"type":"Feature","id":"12-966476603","properties":{"line":"12","colour":"#007B5F","osmRelationId":5498699,"osmWayId":966476603},"geometry":{"type":"LineString","coordinates":[[121.4869713,31.2480727],[121.4872711,31.2482218],[121.4875462,31.2483751],[121.4878421,31.2486077],[121.4880974,31.24884],[121.4884273,31.2491635],[121.4888418,31.2495333],[121.4891522,31.2497624],[121.4896215,31.2500533],[121.4900137,31.2502812],[121.4911396,31.2508142],[121.4939755,31.2521208],[121.495056,31.2525348]]}},{"type":"Feature","id":"12-966476604","properties":{"line":"12","colour":"#007B5F","osmRelationId":5498699,"osmWayId":966476604},"geometry":{"type":"LineString","coordinates":[[121.495056,31.2525348],[121.4954837,31.252715]]}},{"type":"Feature","id":"12-1503924537","properties":{"line":"12","colour":"#007B5F","osmRelationId":5498699,"osmWayId":1503924537},"geometry":{"type":"LineString","coordinates":[[121.4655491,31.244189],[121.4664457,31.2443006]]}},{"type":"Feature","id":"13-181000526","properties":{"line":"13","colour":"#EF95CF","osmRelationId":214631,"osmWayId":181000526},"geometry":{"type":"LineString","coordinates":[[121.4335758,31.2425665],[121.4325788,31.2418557],[121.4321356,31.2414388],[121.4313167,31.2404826],[121.4310586,31.2402287],[121.430752,31.2400073],[121.4304453,31.2398854],[121.4301608,31.2398036],[121.4291636,31.2395621],[121.4282547,31.2392754],[121.4274782,31.2388152],[121.4269436,31.2382324],[121.4266459,31.2375399],[121.4264557,31.2369824],[121.4260607,31.236348],[121.4253224,31.2353621],[121.4251577,31.2351788],[121.424932,31.2349443],[121.4246831,31.2347137],[121.4243165,31.2344501],[121.4238446,31.2342223],[121.4233447,31.2340595],[121.4228525,31.2339381],[121.4223849,31.2338547],[121.4219011,31.233733],[121.4214987,31.2336044],[121.4210677,31.2334236],[121.4207018,31.2331907],[121.420275,31.2329091],[121.4199375,31.2327353],[121.4195526,31.2325711],[121.418888,31.2323034],[121.4186166,31.2321983],[121.4153999,31.2309525],[121.4148307,31.2308071],[121.4142353,31.2307198],[121.4135832,31.2307368],[121.4129618,31.2309171],[121.4124321,31.2312023],[121.4114428,31.2320394],[121.4107567,31.2324593],[121.4100054,31.2327805],[121.4092699,31.2330003],[121.4087115,31.2330854],[121.4080125,31.233133],[121.4072204,31.2331479],[121.4063305,31.2331648],[121.4055013,31.2331878],[121.4046139,31.23325],[121.4040475,31.2333034],[121.4034211,31.2333811],[121.4008881,31.2337447],[121.3998706,31.2338537],[121.3988881,31.2339334],[121.397925,31.2339736],[121.3969828,31.2339696],[121.3946528,31.233906],[121.3923065,31.2338122],[121.3896152,31.2336576],[121.3840066,31.2333354],[121.383275,31.2333395],[121.3826153,31.2333861],[121.3819103,31.2334621],[121.3775615,31.2340599],[121.3762198,31.2342444],[121.3742463,31.2346184],[121.3742117,31.234625],[121.3727125,31.234992],[121.3717758,31.235267],[121.3709283,31.2355914],[121.3700681,31.2359762],[121.3639181,31.2388743],[121.3627051,31.2395103],[121.361601,31.2400892],[121.3586351,31.2417067],[121.3579501,31.2420496],[121.3572869,31.242353],[121.3566953,31.2425847],[121.3560296,31.2428041],[121.3521741,31.2439027],[121.3507184,31.244304],[121.3495975,31.2446131],[121.3490677,31.2447592],[121.3483014,31.2449209],[121.3473963,31.2450629],[121.3464781,31.2451345],[121.3453487,31.2451301],[121.3440113,31.2450471],[121.343015,31.2449852],[121.3418299,31.2449116],[121.3409643,31.2448443],[121.3401044,31.2447382],[121.3392529,31.2445914],[121.3378947,31.2443293],[121.3362352,31.2439858],[121.3343368,31.2436268],[121.3332127,31.2434413],[121.3325119,31.2433257],[121.3318121,31.2432361],[121.3306597,31.2430886],[121.3288833,31.2428611],[121.3276763,31.242742],[121.3267116,31.2426751],[121.3255723,31.2426376],[121.3244681,31.2426376],[121.3232177,31.2426707],[121.3206385,31.2428063],[121.3192253,31.2428922],[121.3177725,31.2429248],[121.3166182,31.2429079]]}},{"type":"Feature","id":"13-318987668","properties":{"line":"13","colour":"#EF95CF","osmRelationId":214631,"osmWayId":318987668},"geometry":{"type":"LineString","coordinates":[[121.4838312,31.1762458],[121.4835162,31.17659],[121.4832239,31.1769601],[121.4828985,31.1773706],[121.4828509,31.1774334],[121.4827976,31.1775037],[121.4827661,31.1775452],[121.4824874,31.1780952],[121.4822239,31.1788088],[121.4820715,31.1791321],[121.4819874,31.1793104],[121.4817412,31.1797526],[121.4814143,31.1803608],[121.4812121,31.1808406],[121.480918,31.1816747],[121.480484,31.1829845],[121.4804143,31.1831925],[121.4799211,31.1846627],[121.4794259,31.1861644],[121.4793346,31.1864413],[121.4788961,31.1876696],[121.4785798,31.1887833],[121.4785147,31.189271],[121.4784881,31.1898492],[121.4785311,31.1906152],[121.4786583,31.1914493],[121.4788122,31.1925697],[121.4788522,31.1933901],[121.4787982,31.1942058],[121.4787046,31.1948798],[121.478557,31.1955936],[121.4782888,31.196587],[121.4780327,31.1972935],[121.4777231,31.1979772],[121.4771259,31.1992464],[121.4762956,31.2011562],[121.4759778,31.2017414],[121.4757649,31.2021335],[121.4755643,31.2024865],[121.4748258,31.2038633],[121.474234,31.2056015],[121.4739353,31.2064787],[121.4733559,31.2075615],[121.4726425,31.2089221],[121.4719147,31.2112388],[121.4719006,31.2112837],[121.471776,31.2116803],[121.4711726,31.2143688],[121.4709079,31.2153725],[121.4705425,31.2165121],[121.4698412,31.2179539],[121.4696462,31.2183155],[121.4695554,31.2184421],[121.4694565,31.2185827],[121.4693785,31.2186915],[121.4692924,31.2188003],[121.4692224,31.2188972],[121.4691443,31.218994],[121.469001,31.2191547],[121.4688068,31.2193373],[121.4685909,31.2195095],[121.4684014,31.219648],[121.4682027,31.2197746],[121.4680016,31.219885],[121.4678316,31.2199682],[121.4676545,31.2200328],[121.4674743,31.2200858],[121.4671905,31.2201425],[121.4666231,31.2201986],[121.4662938,31.2202155],[121.4659646,31.2202324],[121.4651662,31.2202418],[121.4639449,31.2202525],[121.4636573,31.220255],[121.4631804,31.2202447],[121.462942,31.2202467],[121.4627035,31.2202555],[121.4624522,31.2202718],[121.4621673,31.2203136],[121.4620209,31.2203389],[121.4618825,31.2203712],[121.4616165,31.2204491],[121.4613838,31.2205343],[121.4611744,31.2206433],[121.4609471,31.2207978],[121.4607415,31.220964],[121.4605554,31.2211251],[121.460495,31.2211864],[121.4603692,31.221314],[121.4601171,31.2215769],[121.4598571,31.2218636],[121.459409,31.2223915],[121.4591601,31.2227222],[121.4589729,31.2230545],[121.4588194,31.223477],[121.45873,31.2239443],[121.4586703,31.2252574],[121.4586076,31.2255665],[121.4586827,31.2258715],[121.4586612,31.2265477],[121.4586228,31.2272501],[121.4586016,31.2275648],[121.4584522,31.228563],[121.4582167,31.2292993],[121.4579797,31.2304735],[121.4576857,31.2312858],[121.4574989,31.2318875],[121.4574035,31.2324708],[121.4573844,31.2330714],[121.4574217,31.2336465],[121.457539,31.2343922],[121.4576695,31.2350091],[121.4578179,31.2356213],[121.4579312,31.2361188],[121.4579948,31.2364663],[121.4580165,31.2368085],[121.4580227,31.2370938],[121.4580056,31.2373991],[121.4579515,31.2378295],[121.4578682,31.2382599],[121.4577677,31.2385973],[121.4576439,31.2389447],[121.4575854,31.2390953],[121.4571775,31.2399558],[121.4567408,31.2407301],[121.4565369,31.2410408],[121.4562912,31.2413301],[121.4559208,31.2416628],[121.4556272,31.2418669],[121.4551473,31.2421493],[121.4543015,31.2425757],[121.4534302,31.2430252],[121.453207,31.2431468],[121.4528934,31.2433445],[121.4526483,31.2435081],[121.4524584,31.2436761],[121.452297,31.2438542],[121.4521098,31.2440699],[121.4519932,31.2442302],[121.451904,31.2443528],[121.4516572,31.2446819],[121.4513935,31.2450796],[121.4512201,31.2453428],[121.4509128,31.2457934],[121.4507248,31.2460623],[121.4505554,31.2462848],[121.4504121,31.2464384],[121.450271,31.2465745],[121.4502294,31.2466147],[121.4499317,31.2468301],[121.4494985,31.2470959],[121.449057,31.2473],[121.4488523,31.2473703],[121.4486345,31.247435],[121.4484243,31.2474848],[121.4481992,31.2475166],[121.4479438,31.2475283],[121.4476977,31.2475216],[121.4472136,31.2474943],[121.4463955,31.247443],[121.4453226,31.2473696],[121.4448774,31.2473513],[121.4442807,31.2472797],[121.4436296,31.2471782],[121.4429301,31.2470853],[121.4419323,31.2468193],[121.4408916,31.2465028],[121.4398399,31.2461627],[121.4387561,31.2458534],[121.437785,31.2454789],[121.436576,31.2449659],[121.4354112,31.2441511],[121.4339734,31.2428453],[121.4335758,31.2425665]]}},{"type":"Feature","id":"13-580818726","properties":{"line":"13","colour":"#EF95CF","osmRelationId":214631,"osmWayId":580818726},"geometry":{"type":"LineString","coordinates":[[121.6293594,31.1919258],[121.6262298,31.1915241],[121.6251953,31.191392],[121.6244309,31.1912986],[121.6238938,31.1912046],[121.6233941,31.1910985],[121.622975,31.1909866],[121.6225293,31.1908424],[121.6215541,31.190473],[121.6201436,31.1900034],[121.6175981,31.1891845],[121.6166745,31.1888859],[121.6157648,31.1885488],[121.6150984,31.1882974],[121.6145324,31.1880601],[121.6139514,31.1878078],[121.613461,31.187585],[121.612911,31.1873127],[121.6122189,31.1869331],[121.6115861,31.1865641],[121.6110167,31.1862211],[121.6096352,31.1853256],[121.6090004,31.184901],[121.6083453,31.184458],[121.6077682,31.184074],[121.6072352,31.1837428],[121.6066185,31.1833877],[121.6061179,31.1831316],[121.6056077,31.1828768],[121.6050645,31.1826385],[121.6046177,31.1824427],[121.6038952,31.1821879],[121.6032224,31.1819614],[121.6025164,31.1817515],[121.6018491,31.1815745],[121.6011183,31.1814188],[121.600382,31.1812843],[121.5996954,31.1811853],[121.5991383,31.1811192],[121.5985202,31.1810746],[121.5971442,31.1810234],[121.5969064,31.1810257],[121.5964332,31.1810303],[121.5957278,31.1810538],[121.5952967,31.1810668],[121.5945475,31.1810976],[121.5939726,31.1811156],[121.5932503,31.1811115],[121.5926501,31.1810879],[121.5924955,31.1810735],[121.5919779,31.1810252],[121.5910993,31.180944],[121.590043,31.1808271],[121.5891452,31.1806657],[121.5882533,31.1804662],[121.5872072,31.1802311],[121.586442,31.1800265],[121.5863603,31.1800008],[121.585693,31.1797914],[121.5848672,31.1794823],[121.5848029,31.179455],[121.5838319,31.1790431],[121.5829897,31.1786438],[121.5821427,31.178228],[121.5814311,31.1778927],[121.580878,31.1776643],[121.5803368,31.177481],[121.5796757,31.1773183],[121.5788418,31.1771532],[121.5767032,31.1767149],[121.5753705,31.1764657],[121.5744558,31.1762398],[121.5734051,31.1759455],[121.572564,31.1756953],[121.5717225,31.1753857],[121.5706769,31.1749804],[121.5694282,31.1744628],[121.5684733,31.1740665],[121.5676427,31.1736935],[121.566857,31.1733191],[121.5659821,31.1729387],[121.5651097,31.1725589],[121.5645847,31.17233],[121.5639945,31.1720745],[121.5632408,31.1717485],[121.5619716,31.1711947],[121.5618736,31.1711536],[121.5615316,31.1710101],[121.5610004,31.1707809],[121.5604655,31.170542],[121.560019,31.1703503],[121.5595749,31.1701801],[121.5591499,31.1700379],[121.5587213,31.169917],[121.5584961,31.1698674],[121.558269,31.1698439],[121.558065,31.1698501],[121.5578296,31.1698997],[121.5575634,31.1699822],[121.5573313,31.1700899],[121.5571353,31.1702078],[121.5569449,31.1703513],[121.5567429,31.1705622],[121.5565473,31.1708262],[121.5562766,31.171305],[121.5558724,31.1720611],[121.5553301,31.1730931],[121.5550914,31.1735816],[121.5548572,31.1740565],[121.5546572,31.1744996],[121.5543444,31.1752736],[121.5542579,31.1755409],[121.5541732,31.1758394],[121.5539907,31.1765213],[121.5537987,31.1773264],[121.5535874,31.1781973],[121.553357,31.1791256],[121.5531947,31.1796273],[121.5531005,31.1798976],[121.5529693,31.1802013],[121.5527974,31.18049],[121.5525076,31.1808143],[121.5519047,31.1813134],[121.5515274,31.1815402],[121.5511382,31.1817231],[121.5507784,31.1818679],[121.5503118,31.1820058],[121.5499453,31.1820875],[121.5494928,31.1821554],[121.5490956,31.1821929],[121.5485779,31.182201],[121.5472374,31.1821553],[121.5463963,31.1821177],[121.5453402,31.1820668],[121.543577,31.1819807],[121.541663,31.1819092],[121.5396941,31.181834],[121.5380565,31.1817689],[121.5375849,31.1817294],[121.5357295,31.1814018],[121.5349043,31.1812553],[121.5338301,31.1810574],[121.532815,31.1808829],[121.5308025,31.1805275],[121.5293199,31.1802567],[121.5276154,31.1799547],[121.5267512,31.1797937],[121.5258553,31.1796278],[121.5253168,31.1794934],[121.5250545,31.1794136],[121.5246108,31.1792712],[121.523924,31.1790282],[121.5218918,31.1782915],[121.5217354,31.178235],[121.521316,31.1780897],[121.5210056,31.1779865],[121.519874,31.1776163],[121.5193001,31.1774403],[121.5187746,31.1772873],[121.5179178,31.1770122],[121.5171479,31.1767898],[121.5156104,31.1763543],[121.514087,31.1759181],[121.5126877,31.175583],[121.5112,31.1752969],[121.5102295,31.1751139],[121.5095981,31.1750201],[121.5084346,31.1749219],[121.5070285,31.1747956],[121.5055857,31.1746764],[121.503196,31.1744576],[121.5010619,31.1742657],[121.4989488,31.1740648],[121.4970599,31.1739085],[121.4957555,31.1737969],[121.4943989,31.1736496],[121.4926368,31.1734769],[121.492422,31.1734558],[121.4911939,31.1733558],[121.4898472,31.1733138],[121.4889039,31.1733156],[121.4880619,31.1733607],[121.4874252,31.1734482],[121.4868149,31.1736135],[121.4863187,31.173849],[121.4858354,31.1741576],[121.4854563,31.1744902],[121.4850743,31.1748622],[121.4838312,31.1762458]]}},{"type":"Feature","id":"14-761728393","properties":{"line":"14","colour":"#827A04","osmRelationId":10557250,"osmWayId":761728393},"geometry":{"type":"LineString","coordinates":[[121.6309182,31.2525772],[121.6308839,31.248904],[121.6309171,31.2471908],[121.6308221,31.2465366],[121.6306019,31.2460677],[121.6301792,31.2455712],[121.6296428,31.2451223],[121.6290714,31.2447661],[121.6284483,31.2445415],[121.6277553,31.2444223],[121.6271082,31.2443866],[121.625986,31.2443725],[121.6247463,31.2443748],[121.6235066,31.2443771],[121.6143577,31.2442983],[121.613501,31.2442681],[121.6126616,31.2441924],[121.6120867,31.2440848],[121.6107349,31.2437578],[121.6093107,31.2433518],[121.6077959,31.2428934],[121.6016148,31.2410227],[121.5988506,31.2401552],[121.5964154,31.2393394],[121.5945125,31.2387124],[121.5894672,31.2370601],[121.5862634,31.2360283],[121.5845653,31.2354814],[121.5835528,31.2351544],[121.5830699,31.2349667],[121.5826988,31.2347726],[121.5822634,31.2344933],[121.5818658,31.2342214],[121.5814318,31.2339961],[121.5810041,31.2338551],[121.5805984,31.2337673],[121.5801361,31.2337388],[121.5796964,31.2337923],[121.5793651,31.2339184],[121.5790673,31.2341221],[121.578867,31.2343405],[121.5786756,31.2346191],[121.5785376,31.234868],[121.578404,31.2351536],[121.5776839,31.2367448],[121.5770676,31.2381184],[121.5766379,31.2389327],[121.5763695,31.2394111],[121.5756795,31.2404807],[121.573952,31.2429802],[121.5726906,31.2448118],[121.569151,31.2498829],[121.5678421,31.2518529],[121.5675195,31.252343],[121.5669541,31.2532616],[121.5663475,31.2542358],[121.5639776,31.2579048],[121.562024,31.2609528],[121.5616886,31.2613226],[121.5612983,31.2616382],[121.5608464,31.2618286],[121.5603494,31.2619451],[121.5597992,31.2620089],[121.5591685,31.2620054],[121.5586084,31.2619438],[121.5580978,31.2618095],[121.5576163,31.2615846],[121.5571238,31.2612567],[121.5566511,31.2608905],[121.5562347,31.2605619],[121.5557983,31.2602526],[121.5554131,31.2599898],[121.5546643,31.2595165],[121.5539007,31.2590062],[121.5523977,31.2579792],[121.5515965,31.2573585],[121.5508426,31.2567294],[121.5503277,31.2562086],[121.5496932,31.2554364],[121.5491299,31.2548168],[121.5486947,31.2543545],[121.5479214,31.2535918],[121.5472267,31.2529255],[121.5469918,31.2526895],[121.5465601,31.2522592],[121.5454577,31.2511288],[121.5449807,31.2507032],[121.5443921,31.2502488],[121.5436512,31.249744],[121.5419055,31.2487068],[121.5411916,31.2483678],[121.5403803,31.247998],[121.5388219,31.2473286],[121.5372886,31.2467579],[121.5362915,31.2463218],[121.5357697,31.2461037],[121.5355353,31.2460055],[121.5347364,31.2457327]]}},{"type":"Feature","id":"14-761728395","properties":{"line":"14","colour":"#827A04","osmRelationId":10557250,"osmWayId":761728395},"geometry":{"type":"LineString","coordinates":[[121.5120195,31.2417597],[121.5112837,31.2415531],[121.5098693,31.2411799],[121.5096244,31.2411167],[121.5092268,31.2410106],[121.5082575,31.2407372],[121.5070404,31.240384],[121.5067617,31.24027],[121.5064836,31.2401382],[121.5061036,31.2399165],[121.5056034,31.2396105],[121.5052596,31.2394194],[121.5050328,31.2393051],[121.504773,31.2392037],[121.5045471,31.2391279],[121.5042928,31.2390582],[121.5039645,31.2389912],[121.5036462,31.2389556],[121.5033194,31.2389419],[121.5029098,31.2389467],[121.5024655,31.2389595],[121.5020518,31.2389542],[121.5016518,31.2389209],[121.501437,31.2388943],[121.501133,31.2388299],[121.50084,31.238743],[121.5002057,31.2384939],[121.4996133,31.2381853],[121.4990992,31.2378787],[121.497877,31.2369586],[121.4973731,31.2365625],[121.4954199,31.2350144],[121.4946895,31.2345826],[121.4938508,31.2341922],[121.4928715,31.2337917],[121.4919147,31.2334827],[121.4909777,31.2332369],[121.4901553,31.2330633],[121.4894439,31.2329159],[121.4893508,31.2328917],[121.4886972,31.2327216],[121.4875277,31.2323637],[121.4865156,31.2320981],[121.4856948,31.2318827],[121.48422,31.2315091],[121.4830181,31.2312067],[121.4820925,31.2309992],[121.4815824,31.2308992],[121.4811369,31.2308312],[121.4805384,31.2307581],[121.480007,31.2306938],[121.4796766,31.2306522],[121.4793345,31.2305955],[121.4790277,31.2305144],[121.4787271,31.2304097],[121.4783466,31.2302379],[121.4764786,31.2292864],[121.4751568,31.2286789],[121.4743292,31.2282945],[121.4735758,31.2279086],[121.4727623,31.2274784],[121.4719147,31.2270772],[121.4712765,31.2268089],[121.4706611,31.2265821],[121.4701,31.226413],[121.4693865,31.2261899],[121.469328,31.2261713],[121.4687635,31.225992],[121.4679399,31.2256978],[121.4669252,31.2252644],[121.4665944,31.2251036],[121.4658088,31.2247218],[121.4651403,31.2244625],[121.4647201,31.2243184],[121.4643383,31.2242048],[121.462398,31.2237006],[121.4617917,31.2235709],[121.4612252,31.2234837],[121.4601419,31.2233781],[121.4599475,31.2233592],[121.4589416,31.2232557],[121.4587844,31.2232395],[121.4581399,31.2231376],[121.4563493,31.2227974],[121.4538124,31.2222388],[121.4527164,31.2220035],[121.4518759,31.2218243],[121.4515811,31.2217566],[121.4515387,31.2217443],[121.4513177,31.22168],[121.4510596,31.2215732],[121.4507966,31.2214273],[121.4501705,31.2210165],[121.4487027,31.2200591],[121.4483799,31.2198645],[121.4479912,31.2196534],[121.4476046,31.2194902],[121.4471348,31.219371],[121.4466052,31.2193],[121.4458522,31.2192955],[121.4451719,31.219385],[121.4445183,31.2195383],[121.4438027,31.2197559],[121.4432114,31.2199771],[121.4425999,31.2202676],[121.4421123,31.2206225],[121.4416758,31.2210492],[121.4414775,31.2213404],[121.4413185,31.221687],[121.4412556,31.2218809],[121.4411928,31.2220956],[121.4411158,31.2224381],[121.4409698,31.2231173],[121.4408375,31.223767],[121.4407419,31.2242302],[121.4406906,31.2244013],[121.4406503,31.2245451],[121.4405174,31.2248074],[121.4403338,31.2250887],[121.4401429,31.2253289],[121.4399071,31.2255449],[121.43964,31.2257496],[121.4381754,31.2266348],[121.4362286,31.2272503],[121.4358635,31.2273224],[121.4354867,31.2273559],[121.4351476,31.2273369],[121.4347101,31.2273049],[121.4343376,31.2272961],[121.4340369,31.2273304],[121.4337747,31.2274023],[121.4335081,31.227527],[121.4332633,31.2276797],[121.433009,31.2278816],[121.4318278,31.2289434],[121.4307427,31.2299175],[121.4304679,31.230171],[121.4303619,31.230287],[121.4302747,31.2303991],[121.4290311,31.2322306],[121.4288231,31.2325051],[121.428338,31.2330966],[121.4281093,31.2333702],[121.4278908,31.2336431],[121.4276423,31.2339125],[121.4274163,31.2341298],[121.4273988,31.2341447],[121.427277,31.2342486],[121.4265469,31.2348102],[121.4263356,31.2349663],[121.4258497,31.2353436],[121.4254126,31.2357023],[121.4216349,31.2386194],[121.4212271,31.2389589],[121.4208903,31.2392115],[121.4205281,31.2394214],[121.4201528,31.2396368],[121.4196586,31.2398737],[121.4192558,31.2400811],[121.418873,31.2403045],[121.4187077,31.240409],[121.4185139,31.2405395],[121.4183479,31.2406703],[121.4182935,31.2407132],[121.4177554,31.2411371],[121.4170738,31.2416967],[121.4158948,31.2426624],[121.415842,31.2427072],[121.4156938,31.2428329],[121.414955,31.2434812],[121.4144607,31.2439268],[121.4139951,31.2443324],[121.4134333,31.2448143],[121.4126358,31.2454593],[121.4121388,31.2458242],[121.4118121,31.2460523],[121.4114855,31.2462478],[121.4111549,31.2464452],[121.4100514,31.2469663],[121.4089603,31.2474812],[121.4086038,31.2476632],[121.408337,31.2478288],[121.4080296,31.2480448],[121.4077621,31.2482866],[121.4075121,31.2485878],[121.4073521,31.2488291],[121.4072499,31.2491263],[121.4070902,31.2496997],[121.4069931,31.2501101],[121.4068661,31.2504924],[121.406688,31.2508446],[121.4064854,31.2511362],[121.4061399,31.2514718],[121.4058171,31.2517248],[121.4055615,31.251905],[121.4052829,31.2520622],[121.4049125,31.2522323],[121.4046503,31.2523229],[121.4043491,31.2524088],[121.4040271,31.2524709],[121.4036092,31.2525144],[121.4030683,31.2525266],[121.401904,31.2525293],[121.4007753,31.2525373],[121.4006866,31.252538],[121.3990851,31.2525494],[121.3960407,31.2526424],[121.3933938,31.252638],[121.3922941,31.2526445],[121.3908608,31.2526476],[121.3905705,31.252647],[121.3901033,31.2526739],[121.3899629,31.2526865],[121.3895384,31.2527248],[121.3889601,31.2528101],[121.3880757,31.2529597],[121.3872367,31.2531756],[121.3859683,31.2535391],[121.3840793,31.2540942],[121.3822232,31.2546032],[121.381608,31.2547488],[121.380707,31.2549349],[121.3797239,31.2550971],[121.3776735,31.2554333],[121.3750737,31.2559319],[121.3725903,31.2563645],[121.3688655,31.2570572],[121.3674601,31.2573042],[121.3664972,31.2574746],[121.366416,31.257489],[121.3663026,31.2575091],[121.3628784,31.258079],[121.3628129,31.25809],[121.3626705,31.2581137],[121.3605503,31.2584342],[121.3602125,31.258486],[121.3599429,31.2585173],[121.3596689,31.2585309],[121.359432,31.2585295],[121.3592004,31.2585182],[121.3589583,31.2584933],[121.3577115,31.2583258],[121.3564792,31.2581597],[121.3547887,31.2579155],[121.3538711,31.257818],[121.3533192,31.2577636],[121.3527716,31.2577501],[121.3522415,31.2577725],[121.3516755,31.2578487],[121.3510325,31.2579974],[121.3499438,31.2583304],[121.3482646,31.2588716],[121.3459688,31.2596582],[121.3425564,31.2607704],[121.3420633,31.2609366],[121.3407546,31.2613449],[121.3397036,31.2616875],[121.3362097,31.2627925],[121.3346428,31.2633156],[121.3330383,31.2638065],[121.3311738,31.2642773],[121.3304475,31.264438],[121.3299047,31.2645398],[121.3289556,31.2647057],[121.3276198,31.2649004],[121.3274953,31.2649178],[121.3273743,31.2649346],[121.3263461,31.265075],[121.3253178,31.2652154],[121.3236268,31.2654182],[121.3131246,31.2667869],[121.3109245,31.267128],[121.3092552,31.267348],[121.3079931,31.2675107],[121.3074878,31.2675717],[121.3059654,31.2677613],[121.3009461,31.2683777],[121.2940506,31.2693223],[121.2925438,31.2695216]]}},{"type":"Feature","id":"14-1228278550","properties":{"line":"14","colour":"#827A04","osmRelationId":10557250,"osmWayId":1228278550},"geometry":{"type":"LineString","coordinates":[[121.5347364,31.2457327],[121.5341209,31.2455451],[121.5321276,31.2449541],[121.5299548,31.244369],[121.5264859,31.2434181],[121.5255859,31.2431808],[121.5252914,31.2431043],[121.5249798,31.2430267],[121.524635,31.2429751],[121.5238155,31.2429311],[121.5231339,31.2429017],[121.5197658,31.2428204],[121.5181912,31.2427843]]}},{"type":"Feature","id":"14-1228278552","properties":{"line":"14","colour":"#827A04","osmRelationId":10557250,"osmWayId":1228278552},"geometry":{"type":"LineString","coordinates":[[121.5181912,31.2427843],[121.5170644,31.2426981],[121.5159967,31.2426289],[121.51534,31.2425526],[121.514953,31.2424962],[121.5144369,31.2424096],[121.5138486,31.2422734],[121.5120195,31.2417597]]}},{"type":"Feature","id":"16-299283077","properties":{"line":"16","colour":"#00A99D","osmRelationId":6803856,"osmWayId":299283077},"geometry":{"type":"LineString","coordinates":[[121.5786807,31.1786445],[121.5788744,31.1779939],[121.5790669,31.1773411],[121.5791374,31.1771174],[121.5792067,31.176908],[121.5792972,31.1766514],[121.5793964,31.1763896],[121.5794971,31.1761313],[121.5796032,31.175873],[121.5797073,31.1756267],[121.5798158,31.1753786],[121.5833187,31.1674525],[121.5834413,31.167188],[121.5835509,31.1669666],[121.5836673,31.1667436],[121.5837884,31.1665198],[121.5839404,31.1662466],[121.5841077,31.1659649],[121.5847219,31.1649699],[121.5853799,31.1638911]]}},{"type":"Feature","id":"16-299283078","properties":{"line":"16","colour":"#00A99D","osmRelationId":6803856,"osmWayId":299283078},"geometry":{"type":"LineString","coordinates":[[121.5853799,31.1638911],[121.585606,31.1635053],[121.5858161,31.1631205],[121.5859593,31.1628408],[121.5860919,31.162557],[121.5862038,31.1623104],[121.5863046,31.1620692],[121.586404,31.1618216],[121.588322,31.1568004]]}},{"type":"Feature","id":"16-318121577","properties":{"line":"16","colour":"#00A99D","osmRelationId":6803856,"osmWayId":318121577},"geometry":{"type":"LineString","coordinates":[[121.5891936,31.1546618],[121.5893283,31.1541659]]}},{"type":"Feature","id":"16-318121583","properties":{"line":"16","colour":"#00A99D","osmRelationId":6803856,"osmWayId":318121583},"geometry":{"type":"LineString","coordinates":[[121.588322,31.1568004],[121.5885522,31.1563421]]}},{"type":"Feature","id":"16-318984853","properties":{"line":"16","colour":"#00A99D","osmRelationId":6803856,"osmWayId":318984853},"geometry":{"type":"LineString","coordinates":[[121.5523922,31.2042153],[121.5533465,31.2041501],[121.5548198,31.2040401],[121.5557744,31.2040007],[121.5560814,31.2039861],[121.5561138,31.2039846],[121.5569876,31.2039372],[121.5572413,31.2039189],[121.5572963,31.2039149],[121.5586306,31.2038007],[121.561586,31.2036007],[121.5627385,31.2035284],[121.5632485,31.2034746],[121.5638391,31.2033887],[121.5643645,31.2033133],[121.5648273,31.2032134],[121.5653238,31.2030884],[121.565726,31.2029981],[121.5660855,31.2028905],[121.5664472,31.2027732],[121.5668247,31.2026368],[121.5671954,31.2024907],[121.5675098,31.2023499],[121.5678427,31.2022055],[121.5681362,31.2020696],[121.5684634,31.2019204],[121.5687667,31.2017564],[121.5690778,31.2015751],[121.5693733,31.2013934],[121.5696222,31.2012283],[121.5698751,31.2010549],[121.5701213,31.2008839],[121.5703593,31.2007071],[121.570588,31.2005239],[121.5708191,31.2003385],[121.571034,31.2001512],[121.5712543,31.1999488],[121.5714658,31.1997416],[121.5716678,31.1995393],[121.5718582,31.1993392],[121.5720594,31.199124],[121.5721995,31.1989658],[121.5723534,31.1987836],[121.5724974,31.1986063],[121.5726401,31.198421],[121.572794,31.1982122],[121.5729297,31.1980228],[121.5730849,31.1977912],[121.573232,31.1975581],[121.5733695,31.1973305],[121.5734834,31.1971345],[121.5735969,31.1969264],[121.573743,31.1966336],[121.5738774,31.1963415],[121.5739665,31.1961416],[121.5740551,31.1959212],[121.5741504,31.1956724],[121.5742383,31.1954206],[121.5743188,31.1951646],[121.5743825,31.1949451],[121.5744696,31.1946409],[121.5776388,31.1827129],[121.5777802,31.1821835],[121.5779169,31.1816639],[121.5779848,31.1814065],[121.5780521,31.1811391],[121.5781158,31.1808745],[121.5782393,31.1803375],[121.5783032,31.1800729],[121.5783698,31.1798076],[121.5784382,31.1795439],[121.578567,31.1790603],[121.5786807,31.1786445]]}},{"type":"Feature","id":"16-331381421","properties":{"line":"16","colour":"#00A99D","osmRelationId":6803856,"osmWayId":331381421},"geometry":{"type":"LineString","coordinates":[[121.5885522,31.1563421],[121.5890893,31.1549351],[121.5891936,31.1546618]]}},{"type":"Feature","id":"16-425957294","properties":{"line":"16","colour":"#00A99D","osmRelationId":6803856,"osmWayId":425957294},"geometry":{"type":"LineString","coordinates":[[121.5893283,31.1541659],[121.591054,31.149648],[121.5912529,31.1490899],[121.59142,31.148578],[121.5916174,31.1479133],[121.5917419,31.1474408],[121.5923171,31.1451211],[121.5923849,31.1448532]]}},{"type":"Feature","id":"16-1025550801","properties":{"line":"16","colour":"#00A99D","osmRelationId":6803856,"osmWayId":1025550801},"geometry":{"type":"LineString","coordinates":[[121.5525997,31.2041842],[121.5540166,31.2040762],[121.5540128,31.2040196],[121.5536658,31.2040344],[121.5533934,31.2040541],[121.552593,31.20411],[121.5525997,31.2041842]]}},{"type":"Feature","id":"16-1044602536","properties":{"line":"16","colour":"#00A99D","osmRelationId":6803856,"osmWayId":1044602536},"geometry":{"type":"LineString","coordinates":[[121.5923849,31.1448532],[121.5926189,31.1439236],[121.5929456,31.1429385],[121.5935205,31.1413478],[121.5943517,31.1393668],[121.5952476,31.1374369],[121.5963675,31.1352939],[121.5970843,31.1337133],[121.5978278,31.1316003],[121.5980897,31.1308246],[121.5991449,31.1276036],[121.6001404,31.1246892],[121.6007377,31.1223797],[121.601564,31.1190561],[121.6020816,31.1163715],[121.6025913,31.113006],[121.6027989,31.1117596],[121.6028177,31.1116655],[121.6030269,31.1105265],[121.6031181,31.1094885],[121.6032522,31.1077202],[121.6035955,31.1042111],[121.6041601,31.0983835],[121.6046178,31.0934648]]}},{"type":"Feature","id":"18-641539728","properties":{"line":"18","colour":"#D6A461","osmRelationId":10095918,"osmWayId":641539728},"geometry":{"type":"LineString","coordinates":[[121.41615,31.3373409],[121.4169951,31.3374405],[121.4175251,31.3375079],[121.4181018,31.3375773],[121.4184617,31.3375879],[121.4187723,31.3375836],[121.4194057,31.3375542],[121.4202388,31.3375163],[121.4208427,31.3375184],[121.4213505,31.3375668],[121.421841,31.3376447],[121.4223759,31.3377984],[121.4228516,31.3379815],[121.4232681,31.3381794],[121.4236379,31.3384152],[121.4240199,31.3387121],[121.4247002,31.3393331],[121.4251118,31.3396868],[121.4255432,31.3399899],[121.4259647,31.3402299],[121.426364,31.3403962],[121.4268101,31.3405499],[121.4272464,31.3406573],[121.4289742,31.3410004],[121.4303213,31.3412144],[121.4313481,31.3413775],[121.4321416,31.3415036],[121.4326197,31.3415941],[121.4332039,31.3417541],[121.4342662,31.3421456],[121.4357279,31.3426719],[121.4373793,31.343253],[121.4393068,31.3439287],[121.4408424,31.3444823],[121.441572,31.344756],[121.4421094,31.3449581],[121.442765,31.3452402],[121.4431914,31.3454233],[121.4435833,31.3455602],[121.4437917,31.3456299],[121.4438914,31.3456633],[121.4446531,31.3459359],[121.4454147,31.3462085],[121.4455897,31.3462738],[121.4459028,31.3463853],[121.446551,31.3466169],[121.4472486,31.3468337],[121.4479436,31.3470484],[121.4485155,31.3472295],[121.4489468,31.3473621],[121.4492377,31.3474547],[121.4507314,31.3479789],[121.4521906,31.3484904],[121.4532504,31.3488756],[121.4535733,31.3490335],[121.4539628,31.3491956],[121.4542709,31.3493177],[121.454542,31.3494061],[121.4547737,31.3494797],[121.455035,31.3495534],[121.4553529,31.3496313],[121.455841,31.3497344],[121.4563438,31.3498292],[121.4568417,31.3499302],[121.4571473,31.3500018],[121.4573717,31.3500586],[121.45766,31.3501344],[121.4579361,31.3502354],[121.4581974,31.3503449],[121.4584192,31.350448],[121.4587717,31.350627],[121.4591266,31.3508185],[121.4595654,31.3510669],[121.4598661,31.3512248],[121.4602038,31.3513826],[121.4604734,31.3515003],[121.4608002,31.351631],[121.461763,31.3519782],[121.4632109,31.3525004],[121.4636422,31.3526624],[121.4640218,31.3527866],[121.4643644,31.3528645],[121.4646922,31.3529235],[121.4650127,31.3529613],[121.4654514,31.3529761],[121.4658162,31.3529571],[121.4662303,31.3529003],[121.4666247,31.3528119],[121.4670683,31.3526709],[121.4675145,31.3524814],[121.4679014,31.3522646],[121.4682243,31.3520225],[121.4685177,31.3517699],[121.4688578,31.3513932],[121.4691043,31.3510374],[121.4694173,31.3504333],[121.4696293,31.3499449],[121.4699448,31.3492692],[121.4703261,31.3484161],[121.4707209,31.3475331],[121.4710071,31.3468927],[121.4715987,31.345577],[121.4718403,31.3450549],[121.4720374,31.3446087],[121.4722248,31.3441371],[121.4723431,31.3437582],[121.4725033,31.3432087],[121.472878,31.3419225],[121.4729913,31.3416004],[121.4731269,31.3413436],[121.4733241,31.3409962],[121.4735509,31.3407078],[121.4737949,31.3404426],[121.4740118,31.3402341],[121.4742607,31.3400573],[121.4745286,31.3398805],[121.4751859,31.3394868],[121.4758432,31.3390931],[121.4787615,31.3373858],[121.4790401,31.3372258],[121.4793753,31.3370615],[121.4802084,31.3366721],[121.4808418,31.3363731],[121.4810809,31.336251],[121.4814926,31.3360321],[121.4818177,31.3358433]]}},{"type":"Feature","id":"18-729841893","properties":{"line":"18","colour":"#D6A461","osmRelationId":10095918,"osmWayId":729841893},"geometry":{"type":"LineString","coordinates":[[121.5536977,31.1998422],[121.5535521,31.2001478],[121.5534033,31.2004599],[121.5532779,31.2007587],[121.5531284,31.2011473],[121.5530317,31.2014382],[121.5529519,31.201706],[121.5527734,31.2023343],[121.5527596,31.2023827],[121.5525624,31.2030769],[121.5523163,31.2038988],[121.5523062,31.2039384],[121.5520244,31.2050941],[121.5514685,31.2079484],[121.5506971,31.2116936],[121.5502824,31.213615],[121.550095,31.214227],[121.5496667,31.2150984],[121.5493644,31.2158069],[121.548951,31.2168834],[121.548142,31.2193139],[121.5476777,31.2207007],[121.5474808,31.2212993],[121.5471311,31.222362],[121.5468094,31.2232453],[121.5465427,31.223978],[121.5459411,31.2258089],[121.545743,31.2264684],[121.545553,31.2270962],[121.5452386,31.2277976],[121.5449694,31.2284564],[121.5446593,31.229267],[121.5441485,31.2302737],[121.5426167,31.233249],[121.5414911,31.235475],[121.5406259,31.2371427],[121.5402459,31.2378751],[121.5391153,31.240089],[121.5363312,31.2452852],[121.5359095,31.2460509],[121.5355921,31.2466271],[121.534825,31.247956],[121.5342872,31.2487037]]}},{"type":"Feature","id":"18-729841894","properties":{"line":"18","colour":"#D6A461","osmRelationId":10095918,"osmWayId":729841894},"geometry":{"type":"LineString","coordinates":[[121.5341788,31.24864],[121.5347099,31.2479016],[121.5354738,31.2465783],[121.5357899,31.2460043],[121.536212,31.2452379],[121.5389954,31.2400431],[121.5401257,31.2378298],[121.5405295,31.2370515],[121.5413707,31.23543],[121.5424963,31.233204],[121.5440282,31.2302287],[121.5445375,31.2292248],[121.5448621,31.2284289],[121.545133,31.2277385],[121.5454265,31.2270658],[121.5456158,31.2264403],[121.5458143,31.2257798],[121.5464167,31.2239461],[121.546686,31.2231994],[121.5470052,31.2223301],[121.5475514,31.22067],[121.548016,31.2192819],[121.5488261,31.2168485],[121.5492405,31.2157697],[121.5495426,31.2150614],[121.5499692,31.2141945],[121.5501541,31.2135906],[121.5505678,31.2116737],[121.551339,31.2079294],[121.5518954,31.2050726],[121.5520961,31.2039101],[121.5521092,31.2038618],[121.552353,31.2030439],[121.5525554,31.2023435],[121.5525685,31.2022982],[121.552764,31.2016219],[121.552859,31.2012786],[121.5529392,31.2009951],[121.5529816,31.2008625],[121.5530443,31.2006795],[121.5530823,31.2005752],[121.5531103,31.2005008],[121.5531703,31.200356],[121.5534546,31.1997444]]}},{"type":"Feature","id":"18-729841896","properties":{"line":"18","colour":"#D6A461","osmRelationId":10095918,"osmWayId":729841896},"geometry":{"type":"LineString","coordinates":[[121.5534546,31.1997444],[121.5534783,31.1996829],[121.5536798,31.1991602],[121.5541291,31.1976464],[121.5544852,31.1960201],[121.5548211,31.1940786],[121.5549579,31.1931609],[121.5550786,31.1925574],[121.5553147,31.1914767],[121.5554734,31.1908789],[121.5556633,31.1900932],[121.5557599,31.1896526],[121.5567672,31.1860022],[121.5570387,31.1852087],[121.5574426,31.1840279],[121.5581265,31.1816607],[121.5583348,31.1809147],[121.5584099,31.1806118],[121.5584989,31.1801983],[121.5586084,31.1792533],[121.5586567,31.1786934],[121.5587699,31.1781979],[121.5589356,31.1777663],[121.5591019,31.1774129],[121.5596318,31.176318],[121.5610353,31.1731269],[121.5612263,31.1726768]]}},{"type":"Feature","id":"18-729841899","properties":{"line":"18","colour":"#D6A461","osmRelationId":10095918,"osmWayId":729841899},"geometry":{"type":"LineString","coordinates":[[121.5613469,31.1727221],[121.5611586,31.1731659],[121.559754,31.1763593],[121.5592236,31.1774554],[121.5590591,31.1778048],[121.5588973,31.1782264],[121.5587871,31.1787083],[121.5587393,31.179263],[121.558629,31.180214],[121.5585388,31.1806336],[121.558463,31.1809394],[121.5582542,31.1816872],[121.5575695,31.1840571],[121.5571617,31.1852491],[121.5568943,31.1860309],[121.5558885,31.1896759],[121.5557922,31.1901149],[121.5556018,31.1909027],[121.5554433,31.1914995],[121.5552083,31.1925758],[121.5551108,31.1931586],[121.5549511,31.1940949],[121.5546148,31.1960387],[121.554258,31.1976682],[121.5538783,31.1993613],[121.5537199,31.1997832],[121.5537003,31.1998353],[121.5536977,31.1998422]]}},{"type":"Feature","id":"18-761735171","properties":{"line":"18","colour":"#D6A461","osmRelationId":10095918,"osmWayId":761735171},"geometry":{"type":"LineString","coordinates":[[121.5767117,31.0932795],[121.576094,31.0937231],[121.5752903,31.094307],[121.5751516,31.0944078],[121.5726995,31.0961151],[121.5700928,31.0980111],[121.569504,31.0985381],[121.5686112,31.0994674],[121.5681696,31.1000877],[121.5677987,31.1006956],[121.5675014,31.1013076],[121.5672997,31.1017275],[121.5672431,31.1018971],[121.5670989,31.1023292],[121.5667133,31.1038038],[121.5660724,31.1062399],[121.5654375,31.1086529],[121.5643893,31.1127596],[121.5638923,31.1146469],[121.5635976,31.1160202],[121.5634054,31.1173266],[121.5633307,31.1178347],[121.5631061,31.1193971],[121.5629303,31.1210788],[121.5626606,31.1236586],[121.5625313,31.1248802],[121.5623114,31.1275757],[121.5623279,31.1287589],[121.5624608,31.1305301],[121.5627302,31.1327979],[121.5629019,31.1341678],[121.5632147,31.1370874],[121.563235,31.1372771],[121.5632567,31.1382193],[121.5632225,31.1391082],[121.5630766,31.1414952],[121.5629613,31.1440193],[121.5628695,31.1458157],[121.5628509,31.1471387],[121.5628818,31.1475911],[121.5629496,31.1481379],[121.5630384,31.1485495],[121.563206,31.149011],[121.5633978,31.1494058],[121.56361,31.1496912],[121.5639378,31.1499844],[121.5643513,31.1502431],[121.565499,31.1507968],[121.5669815,31.151416],[121.5680282,31.1519391],[121.5684931,31.1522854],[121.5687997,31.1526061],[121.5690322,31.1530186],[121.5691447,31.1533991],[121.5691987,31.1537709],[121.5691981,31.1541688],[121.5690993,31.1548046],[121.568586,31.1567244],[121.5682915,31.1577516],[121.5680034,31.1588034],[121.5675687,31.1603558],[121.5674231,31.1608156],[121.5671271,31.1618574],[121.5670432,31.162156],[121.5668627,31.1627989]]}},{"type":"Feature","id":"18-761735172","properties":{"line":"18","colour":"#D6A461","osmRelationId":10095918,"osmWayId":761735172},"geometry":{"type":"LineString","coordinates":[[121.5667355,31.1627708],[121.566915,31.1621356],[121.5669887,31.1618747],[121.5672958,31.1607877],[121.5674414,31.160328],[121.5678756,31.1587775],[121.5681637,31.1577254],[121.5684582,31.1566985],[121.5689699,31.1547846],[121.5690667,31.1541613],[121.5690673,31.1537778],[121.5690154,31.1534199],[121.5689081,31.1530572],[121.5686881,31.152667],[121.5683985,31.152364],[121.5679513,31.1520309],[121.5669195,31.1515152],[121.5654379,31.1508963],[121.56428,31.1503377],[121.5638509,31.1500693],[121.5635061,31.1497609],[121.5632808,31.1494579],[121.5630823,31.1490493],[121.5629107,31.1485765],[121.5628195,31.1481541],[121.5627508,31.1476003],[121.5627195,31.1471413],[121.5627382,31.1458126],[121.56283,31.1440147],[121.5629201,31.1420424],[121.5629453,31.1414901],[121.5630912,31.1391034],[121.5631252,31.1382185],[121.5631038,31.1372833],[121.5629555,31.1358988],[121.5627712,31.1341789],[121.5625995,31.1328096],[121.5623299,31.1305394],[121.5621966,31.1287632],[121.56218,31.1275724],[121.5624003,31.1248712],[121.5625298,31.1236485],[121.5627995,31.1210687],[121.5629754,31.1193853],[121.5632003,31.1178208],[121.5634449,31.1161586],[121.5634678,31.116003],[121.5637636,31.1146244],[121.564261,31.1127352],[121.5653093,31.1086285],[121.5662611,31.1050112],[121.5665852,31.1037792],[121.5669715,31.1023014],[121.56709,31.1018449],[121.5671754,31.1016905],[121.56738,31.1012646],[121.5676796,31.1006478],[121.5680551,31.1000323],[121.5685038,31.0994021],[121.5694057,31.0984634],[121.5700026,31.0979291],[121.5726156,31.0960286],[121.5750676,31.0943212],[121.5760079,31.0936381],[121.5762106,31.093484],[121.576606,31.0931834]]}},{"type":"Feature","id":"18-1228277330","properties":{"line":"18","colour":"#D6A461","osmRelationId":10095918,"osmWayId":1228277330},"geometry":{"type":"LineString","coordinates":[[121.562024,31.1707869],[121.5628027,31.1691234],[121.5633613,31.1678752],[121.5635222,31.1675906],[121.5637318,31.1672944],[121.5658879,31.1648732],[121.5660435,31.1646437],[121.5661453,31.1644614],[121.5662929,31.1641082],[121.5664619,31.1636246],[121.5667355,31.1627708]]}},{"type":"Feature","id":"18-1228277331","properties":{"line":"18","colour":"#D6A461","osmRelationId":10095918,"osmWayId":1228277331},"geometry":{"type":"LineString","coordinates":[[121.5668627,31.1627989],[121.5665882,31.1636556],[121.5664177,31.1641433],[121.5662655,31.1645076],[121.5660415,31.1649895],[121.5657967,31.1654057],[121.5655339,31.1657775],[121.5652603,31.166085],[121.5648955,31.1664109],[121.5644127,31.1668286],[121.5640801,31.1671361],[121.5638622,31.1673621],[121.5636378,31.1676443],[121.563482,31.1679198],[121.562925,31.1691644],[121.5621417,31.170839]]}},{"type":"Feature","id":"18-1228277332","properties":{"line":"18","colour":"#D6A461","osmRelationId":10095918,"osmWayId":1228277332},"geometry":{"type":"LineString","coordinates":[[121.5621417,31.170839],[121.5616638,31.1719751],[121.5613469,31.1727221]]}},{"type":"Feature","id":"18-1228277333","properties":{"line":"18","colour":"#D6A461","osmRelationId":10095918,"osmWayId":1228277333},"geometry":{"type":"LineString","coordinates":[[121.5612263,31.1726768],[121.5615402,31.1719369],[121.562024,31.1707869]]}},{"type":"Feature","id":"18-1355316013","properties":{"line":"18","colour":"#D6A461","osmRelationId":10095918,"osmWayId":1355316013},"geometry":{"type":"LineString","coordinates":[[121.4818909,31.3359516],[121.4810637,31.3364055],[121.4802792,31.3367725],[121.4794311,31.3371714],[121.478852,31.3375],[121.4759379,31.3392168],[121.4752648,31.3396109],[121.4745916,31.3400051],[121.4743028,31.3402107],[121.4740451,31.3404235],[121.4737365,31.3407233],[121.4734987,31.3410159],[121.473258,31.3413811],[121.4731108,31.3416979],[121.4730032,31.3419711],[121.4728729,31.3423846],[121.4724794,31.3437896],[121.4723576,31.3441837],[121.4721764,31.3446625],[121.4719952,31.3451026],[121.4717545,31.345625],[121.4711515,31.3469525],[121.470867,31.3475798],[121.470173,31.34911],[121.4700812,31.3493125],[121.4697868,31.3499944],[121.4695744,31.3504586],[121.4692601,31.3511066],[121.4689968,31.351508],[121.468674,31.3518901],[121.4683682,31.3521584],[121.4680596,31.352393],[121.4677,31.3526082],[121.4672725,31.3528137],[121.4667062,31.3530096],[121.4661796,31.3531159],[121.4657945,31.3531619],[121.4650975,31.3531612],[121.4647688,31.3531244],[121.4643639,31.3530439],[121.4640013,31.3529481],[121.4637785,31.3528703],[121.4629705,31.3525675],[121.4617012,31.3521077],[121.4607399,31.3517699],[121.4603685,31.3516377],[121.4601444,31.3515436],[121.4598791,31.3514399],[121.4594084,31.3512437],[121.4587845,31.3509709],[121.4583343,31.3507875],[121.4581176,31.3507045],[121.4578019,31.350604],[121.457503,31.3505067],[121.4571537,31.3503854],[121.4567558,31.3502722],[121.4563467,31.3501302],[121.4554744,31.3498335],[121.4544843,31.3495001],[121.4536662,31.3491938],[121.4533523,31.3490741],[121.452112,31.348637],[121.4506587,31.3481249],[121.4491493,31.3475825],[121.4488766,31.3474836],[121.448475,31.3473528],[121.4479146,31.3471693],[121.4472029,31.3469508],[121.4465024,31.3467386],[121.4458336,31.3465152],[121.4455142,31.3464099],[121.445361,31.3463533],[121.4445839,31.3460785],[121.4438069,31.3458037],[121.4435192,31.3456841],[121.4431213,31.3455213],[121.442701,31.3453267],[121.4420621,31.3450603],[121.4415242,31.3448593],[121.4407863,31.3445976],[121.4392471,31.344052],[121.4373268,31.3433787],[121.4356586,31.3427884],[121.4341586,31.342254],[121.4334077,31.3419796],[121.4331686,31.3418998],[121.4328193,31.3418025],[121.432498,31.3417275],[121.4321132,31.3416445],[121.4313332,31.3415324],[121.4302809,31.341381],[121.4295769,31.3412772],[121.4288838,31.341223],[121.42806,31.3411879],[121.4274805,31.3411049],[121.4269575,31.3409645],[121.4263896,31.340738],[121.4258853,31.3404923],[121.4253884,31.3401413],[121.4250073,31.3398222],[121.4246038,31.3394265],[121.4239388,31.3387819],[121.4235615,31.3384948],[121.4232103,31.3382842],[121.4227806,31.3380863],[121.4223211,31.3379076],[121.4217943,31.3377704],[121.4213124,31.3376842],[121.4208454,31.3376523],[121.4202402,31.337646],[121.4194033,31.3376747],[121.4187981,31.3377225],[121.4184693,31.3377385],[121.418077,31.3377353],[121.4175091,31.3376779],[121.4169684,31.3376065],[121.4161126,31.3374977]]}},{"type":"Feature","id":"18-1461893425","properties":{"line":"18","colour":"#D6A461","osmRelationId":10095918,"osmWayId":1461893425},"geometry":{"type":"LineString","coordinates":[[121.4818177,31.3358433],[121.4846101,31.3342763],[121.4854715,31.3337851],[121.4861766,31.3334039],[121.4880551,31.3323514],[121.4894621,31.3315769],[121.489814,31.3313777],[121.4900913,31.3311978],[121.4903301,31.3309809],[121.4905071,31.3306968],[121.490652,31.3304173],[121.4907607,31.330124],[121.4908338,31.3297485],[121.4908934,31.3291938],[121.4909208,31.3235989],[121.4911123,31.3225907],[121.4911619,31.3212116],[121.4912379,31.3193196],[121.4913011,31.3173392],[121.4913239,31.316962],[121.4914518,31.3147714],[121.4916023,31.3126112],[121.4916675,31.311945],[121.4917277,31.3112788],[121.491773,31.3108375],[121.4918496,31.3100909],[121.4919484,31.3091794],[121.4919526,31.3090474],[121.4919819,31.3087187],[121.4920986,31.305712],[121.4921224,31.3033025],[121.492149,31.3027029],[121.4922613,31.3020721],[121.4924329,31.3015908],[121.4926583,31.3011187],[121.4933602,31.2999802],[121.4936465,31.2996047],[121.4940557,31.2991592],[121.4944392,31.2988338],[121.4948099,31.2985731],[121.495319,31.2982195],[121.495817,31.2978631],[121.4960942,31.2976466],[121.4963456,31.2974317],[121.4966632,31.2970457],[121.4969375,31.2965833],[121.4972126,31.2960904],[121.4974755,31.2955632],[121.4976847,31.295169],[121.4978349,31.2949352],[121.498028,31.2947289],[121.4982426,31.2945456],[121.4986557,31.2942797],[121.499168,31.294062],[121.4997393,31.2938626],[121.5004051,31.2936714],[121.5010965,31.2934408],[121.5021694,31.2930283],[121.5031581,31.2926024],[121.5060209,31.2915193],[121.5068471,31.291197],[121.5076179,31.2908775],[121.5081346,31.2906262],[121.5085852,31.2903512],[121.5089751,31.2900596],[121.5090003,31.2900416],[121.5092558,31.2898011],[121.5095079,31.2895215],[121.509768,31.2891544],[121.5100872,31.2886092],[121.5104142,31.2880157],[121.5107121,31.2873943],[121.5107417,31.2873439],[121.510776,31.287271],[121.5112004,31.2862566],[121.5112747,31.2860309],[121.5113132,31.2859194],[121.5125874,31.2820443],[121.5129679,31.2808707],[121.5133331,31.2795962],[121.5141758,31.2768484],[121.5144432,31.2760544],[121.5147769,31.2750548],[121.5154276,31.2731777]]}},{"type":"Feature","id":"18-1461893426","properties":{"line":"18","colour":"#D6A461","osmRelationId":10095918,"osmWayId":1461893426},"geometry":{"type":"LineString","coordinates":[[121.5155546,31.2732065],[121.5149031,31.2750862],[121.5145826,31.2760751],[121.5143025,31.2768781],[121.5134605,31.2796237],[121.5130951,31.2808991],[121.5127139,31.2820745],[121.5124432,31.2828967],[121.5113977,31.2860717],[121.5113255,31.2862909],[121.5108642,31.2873846],[121.5105343,31.2880612],[121.5102054,31.2886582],[121.5098831,31.2892087],[121.5096164,31.289585],[121.5093562,31.2898737],[121.5090667,31.2901402],[121.5086668,31.2904393],[121.5082055,31.2907209],[121.5077407,31.290947],[121.5076784,31.2909773],[121.5068954,31.2912909],[121.5060755,31.2916214],[121.5032143,31.2927039],[121.5022259,31.2931296],[121.5011473,31.2935444],[121.50045,31.2937769],[121.4997851,31.2939678],[121.4992221,31.2941643],[121.498725,31.2943756],[121.498329,31.2946305],[121.4981261,31.2948039],[121.4979446,31.2949978],[121.4978023,31.2952193],[121.4975958,31.2956084],[121.4973318,31.2961378],[121.4970569,31.2966232],[121.496764,31.297103],[121.4964385,31.2975004],[121.4961854,31.2977222],[121.4958975,31.2979385],[121.4954048,31.298286],[121.4948996,31.2986508],[121.4945273,31.2989217],[121.4941569,31.299232],[121.4937559,31.2996673],[121.4934763,31.3000327],[121.4927775,31.3011662],[121.4926022,31.3016382],[121.4924727,31.3021026],[121.4923469,31.3026114],[121.4922727,31.3033479],[121.4922124,31.3057366],[121.4921398,31.308693],[121.4921233,31.309081],[121.492111,31.3092322],[121.4920053,31.3101185],[121.4918685,31.3112822],[121.4918327,31.3117349],[121.4917631,31.3126175],[121.4916525,31.3143028],[121.4916274,31.3147818],[121.4915005,31.3169651],[121.4913937,31.3193213],[121.4913048,31.3213525],[121.4912614,31.3226061],[121.4910467,31.3235928],[121.4910247,31.3291993],[121.4909642,31.3297628],[121.4908887,31.3301503],[121.490775,31.330457],[121.4906253,31.3307459],[121.4904436,31.3310376],[121.4902113,31.3312792],[121.4899303,31.3314739],[121.4895621,31.3316681],[121.4862666,31.3335033],[121.4855684,31.3338986],[121.4846905,31.3343866],[121.4818909,31.3359516]]}},{"type":"Feature","id":"18-1507145927","properties":{"line":"18","colour":"#D6A461","osmRelationId":10095918,"osmWayId":1507145927},"geometry":{"type":"LineString","coordinates":[[121.5342872,31.2487037],[121.5340168,31.2490057],[121.5336407,31.2493571],[121.5297424,31.2522059],[121.5293424,31.2525029],[121.5290298,31.2528147],[121.5287258,31.2531644],[121.5273292,31.255319],[121.5265046,31.256434],[121.526101,31.2569392],[121.5258256,31.2572703],[121.5234779,31.2599169],[121.5226014,31.2610811],[121.5217773,31.2622572],[121.5212633,31.2631031],[121.5203993,31.2647091],[121.5198883,31.2659555],[121.5196044,31.2664672],[121.5191646,31.267264],[121.518884,31.2676233],[121.5184863,31.2681409],[121.517253,31.2692702],[121.5168751,31.2698397],[121.5163023,31.2711353],[121.5160698,31.2717729]]}},{"type":"Feature","id":"18-1507145928","properties":{"line":"18","colour":"#D6A461","osmRelationId":10095918,"osmWayId":1507145928},"geometry":{"type":"LineString","coordinates":[[121.5159444,31.2717392],[121.516178,31.2710987],[121.5167558,31.2697919],[121.5171429,31.2692086],[121.5180695,31.2683814],[121.5183968,31.2680834],[121.5190688,31.267195],[121.5197539,31.2659054],[121.5199293,31.2655567],[121.5202796,31.2646627],[121.5211453,31.2630537],[121.5216625,31.2622024],[121.5224898,31.2610219],[121.5233702,31.2598525],[121.5257193,31.2572043],[121.5259942,31.2568658],[121.5263951,31.256372],[121.5272158,31.2552622],[121.5286165,31.2531019],[121.5289271,31.2527445],[121.5292489,31.2524235],[121.5296566,31.2521209],[121.5335492,31.2492762],[121.533916,31.2489335],[121.5341788,31.24864]]}},{"type":"Feature","id":"18-1507145929","properties":{"line":"18","colour":"#D6A461","osmRelationId":10095918,"osmWayId":1507145929},"geometry":{"type":"LineString","coordinates":[[121.5154276,31.2731777],[121.5155753,31.2727515],[121.5159444,31.2717392]]}},{"type":"Feature","id":"18-1507145930","properties":{"line":"18","colour":"#D6A461","osmRelationId":10095918,"osmWayId":1507145930},"geometry":{"type":"LineString","coordinates":[[121.5160698,31.2717729],[121.515701,31.2727841],[121.5155546,31.2732065]]}},{"type":"Feature","id":"15-900773718","properties":{"line":"15","colour":"#BBA786","osmRelationId":12231216,"osmWayId":900773718},"geometry":{"type":"LineString","coordinates":[[121.3913324,31.2361749],[121.3913903,31.2370042],[121.3914555,31.2379234],[121.3915589,31.2390017],[121.3917291,31.241033],[121.3918578,31.2425362],[121.3920433,31.2442204],[121.3921476,31.2457301],[121.3922023,31.246366],[121.3922309,31.2466993],[121.3923407,31.2477656],[121.3924173,31.2488415],[121.3925075,31.2498623],[121.3925873,31.2506357],[121.3926626,31.2514808],[121.3927807,31.2530874],[121.3928023,31.2535287],[121.3928343,31.2540404],[121.3928978,31.2547288],[121.3930128,31.2551751],[121.3931765,31.2555328],[121.393447,31.2559152],[121.3937949,31.2563118],[121.3943494,31.2568612],[121.3951312,31.2577217],[121.3956959,31.2585385],[121.3961847,31.259355],[121.3964354,31.259991],[121.3966512,31.2608119],[121.3968395,31.2615853],[121.3969192,31.2619372],[121.3969705,31.2622891],[121.3970422,31.2631282],[121.3970214,31.263971],[121.3970189,31.2641124],[121.3970035,31.2642538],[121.3969695,31.2644836],[121.3969236,31.2646844],[121.3968715,31.2649331],[121.3968182,31.2651538],[121.3966235,31.2658418],[121.3964817,31.2662451]]}},{"type":"Feature","id":"15-900821533","properties":{"line":"15","colour":"#BBA786","osmRelationId":12231216,"osmWayId":900821533},"geometry":{"type":"LineString","coordinates":[[121.4253343,31.1591392],[121.4244353,31.1597512],[121.4238134,31.160095],[121.422921,31.1606074],[121.4228716,31.1606447],[121.4224749,31.1609439],[121.4221108,31.1612911],[121.4217656,31.1617566],[121.4214937,31.1622273],[121.4212573,31.1627357],[121.4210398,31.163201],[121.4207214,31.1636895],[121.4204016,31.164067],[121.4200685,31.164371],[121.4196904,31.1646279],[121.4192801,31.1648367],[121.4188243,31.1650079],[121.4183481,31.1651121],[121.4177433,31.1651953],[121.4169438,31.165323],[121.4164827,31.1654216],[121.4160052,31.1655815],[121.4155786,31.1657952],[121.4151626,31.1660533],[121.4147473,31.1664176],[121.4144494,31.1667773],[121.4142302,31.1671608],[121.414053,31.1676425],[121.4139261,31.1682761],[121.413798,31.1691186],[121.4136249,31.170052],[121.4135685,31.1702645],[121.4133524,31.1710795]]}},{"type":"Feature","id":"15-900821535","properties":{"line":"15","colour":"#BBA786","osmRelationId":12231216,"osmWayId":900821535},"geometry":{"type":"LineString","coordinates":[[121.4133524,31.1710795],[121.4129146,31.1725017],[121.4123176,31.1742827],[121.4118517,31.1755973],[121.4115024,31.1766182],[121.411095,31.1777571],[121.410875,31.1783522],[121.4103717,31.1797446]]}},{"type":"Feature","id":"15-900821537","properties":{"line":"15","colour":"#BBA786","osmRelationId":12231216,"osmWayId":900821537},"geometry":{"type":"LineString","coordinates":[[121.4103717,31.1797446],[121.4100095,31.180987],[121.4098123,31.1819587],[121.4097524,31.1824965],[121.4097548,31.1829947],[121.4097297,31.1837647],[121.4096571,31.1844406],[121.4095473,31.1850864],[121.4093971,31.1857381],[121.409295,31.1864301],[121.4092613,31.1866617],[121.4091302,31.1875639],[121.4088071,31.1886432],[121.4080585,31.1902349],[121.4077601,31.1909078],[121.4075643,31.1912893],[121.4073027,31.1917275],[121.4070379,31.1920862],[121.4066804,31.1924509],[121.4062508,31.1927689],[121.4057544,31.1930403],[121.4053116,31.1932187],[121.4046804,31.1933396],[121.4037348,31.1933582],[121.4007597,31.1934035],[121.3977068,31.19345],[121.3968549,31.1934864],[121.3962391,31.1935521],[121.3956964,31.1937004],[121.3950958,31.193928],[121.3946701,31.1941963],[121.3943072,31.1945052],[121.3940146,31.1948103],[121.393759,31.195179],[121.3935664,31.1955235],[121.3934532,31.1958228],[121.3933706,31.1961939],[121.3933557,31.1966031],[121.3933784,31.1970875],[121.3934565,31.1980391],[121.3935365,31.1992712],[121.3935745,31.20002],[121.3936704,31.2007766],[121.3937312,31.2011347],[121.3937659,31.2013392],[121.3939007,31.2018263],[121.3941916,31.2026583],[121.3946536,31.2038651]]}},{"type":"Feature","id":"15-900821539","properties":{"line":"15","colour":"#BBA786","osmRelationId":12231216,"osmWayId":900821539},"geometry":{"type":"LineString","coordinates":[[121.3946536,31.2038651],[121.3949004,31.2044956],[121.3951175,31.2052384],[121.3952365,31.2059137],[121.3953431,31.2065709],[121.395492,31.2075053],[121.3956441,31.2083631],[121.3958054,31.2092731],[121.3960098,31.2103776],[121.3960425,31.2109467],[121.3960207,31.2116639],[121.3959285,31.2121629],[121.3957179,31.2129883],[121.3954563,31.2140488],[121.3951981,31.2152269],[121.3950531,31.2159778]]}},{"type":"Feature","id":"15-900821541","properties":{"line":"15","colour":"#BBA786","osmRelationId":12231216,"osmWayId":900821541},"geometry":{"type":"LineString","coordinates":[[121.3950531,31.2159778],[121.3949445,31.2165888],[121.3948242,31.2171642],[121.3946878,31.2177238],[121.3944573,31.218353],[121.3941573,31.2190585],[121.3937545,31.2200501],[121.3931601,31.2214152],[121.3926601,31.2223163],[121.3921985,31.2231754],[121.3920127,31.2235425],[121.3918448,31.2239077],[121.391716,31.224243],[121.391643,31.2245849],[121.3916132,31.2249431],[121.3916006,31.2256348],[121.3916377,31.2267536],[121.3916442,31.2272208],[121.3916574,31.2281684],[121.3916758,31.2298308],[121.3916436,31.2312002],[121.3915826,31.2325361],[121.3914822,31.2334902],[121.3913826,31.2345582],[121.3913345,31.2352329],[121.3913218,31.2354105],[121.3913324,31.2361749]]}},{"type":"Feature","id":"15-900821543","properties":{"line":"15","colour":"#BBA786","osmRelationId":12231216,"osmWayId":900821543},"geometry":{"type":"LineString","coordinates":[[121.4177721,31.0842141],[121.4169375,31.0856698],[121.4164134,31.0865839],[121.4149782,31.0892396],[121.4137796,31.0914236],[121.4128295,31.0931613],[121.4124436,31.0938669],[121.4114097,31.0958193],[121.4109978,31.0965345],[121.4106382,31.097232],[121.4104934,31.0977191],[121.4104623,31.098216],[121.4105171,31.098728],[121.4106544,31.0991631],[121.4108093,31.0995465],[121.4110613,31.0999656],[121.4114041,31.1003296],[121.4117458,31.1006303],[121.4121362,31.1008714],[121.4125834,31.1010713],[121.4132242,31.1012727],[121.4145956,31.1016264],[121.4162786,31.1020605],[121.4192286,31.1029036],[121.4227466,31.1040177],[121.4254898,31.1049651],[121.4267634,31.1053426],[121.4277358,31.1055613],[121.4289317,31.1057535],[121.4299501,31.1059151],[121.4314895,31.1060938],[121.4326712,31.1062086],[121.433665,31.1063103],[121.4343356,31.1064421],[121.4347934,31.1066046],[121.4352503,31.106842],[121.4356464,31.1071075],[121.4360829,31.1074984],[121.4363876,31.1078534],[121.4366687,31.1083066],[121.4368333,31.1087323],[121.4369194,31.109263],[121.4369588,31.1097468],[121.4369277,31.1100496],[121.4368576,31.1103579],[121.4365379,31.1117318],[121.4358951,31.1144706],[121.4357137,31.1152436],[121.4351899,31.1174815],[121.4343374,31.1215832],[121.433951,31.1235723],[121.4339134,31.1238549],[121.4338564,31.1246513],[121.4338203,31.1250035],[121.4333946,31.1263324],[121.4331177,31.1272077],[121.4325071,31.1292334],[121.4321744,31.1304126],[121.4317775,31.1319863],[121.4311036,31.1342659],[121.4309042,31.1348558],[121.4307014,31.1352564],[121.4304158,31.1356725],[121.4299971,31.1360592],[121.4294573,31.136509],[121.4287709,31.1369988],[121.4282587,31.1374732],[121.4280104,31.1378042],[121.4278028,31.1382458],[121.427589,31.1387672],[121.4272198,31.1396563],[121.4269207,31.1403077],[121.4265876,31.1409003],[121.4261223,31.1415372],[121.4255161,31.1422975],[121.4251167,31.1428343],[121.4248409,31.1433442],[121.4246329,31.1438718],[121.4244609,31.1444069],[121.4243387,31.1450951],[121.4242599,31.1456659],[121.4240955,31.1465731],[121.4240547,31.1467979],[121.423984,31.1475717],[121.4239804,31.1480245],[121.4241038,31.1485348],[121.4243409,31.1489761],[121.4246651,31.1493967],[121.4250971,31.1498499],[121.4259996,31.1507488],[121.4273558,31.1520476],[121.4278598,31.1526758],[121.4282545,31.1534251],[121.4284243,31.1539385],[121.4284781,31.1543313],[121.4285111,31.1547705],[121.4285023,31.1551651],[121.4284525,31.1555727],[121.4283742,31.1559613],[121.4282185,31.1563682],[121.4279871,31.1568099],[121.4277086,31.157204],[121.4273991,31.1575651],[121.4265403,31.1582892],[121.4257075,31.1588762],[121.4253343,31.1591392]]}},{"type":"Feature","id":"15-900821545","properties":{"line":"15","colour":"#BBA786","osmRelationId":12231216,"osmWayId":900821545},"geometry":{"type":"LineString","coordinates":[[121.3964817,31.2662451],[121.3959885,31.2671682],[121.3956909,31.2676689],[121.3953516,31.2682386],[121.3949816,31.2687413],[121.3946074,31.2691923],[121.3940795,31.269625],[121.3935832,31.2699269],[121.3930618,31.2701799],[121.3924876,31.2704249],[121.391657,31.2707319],[121.3910974,31.270921],[121.3906782,31.2711297],[121.3902776,31.2714572],[121.3898313,31.2719458],[121.3893421,31.2726606],[121.3888076,31.2734555],[121.3883811,31.2741845],[121.3881488,31.2746269],[121.3879595,31.275121],[121.3878318,31.2756212],[121.3876175,31.2763906],[121.3874211,31.2772255],[121.3873299,31.2777559],[121.3873136,31.2783362],[121.3873091,31.2790463],[121.3873091,31.2799712],[121.3873306,31.2810141],[121.3873915,31.2821302],[121.3874757,31.2832475],[121.3875638,31.2849413],[121.3876631,31.2864959],[121.3877486,31.2884743],[121.3878028,31.2895181],[121.3877815,31.2901468],[121.3876432,31.2907397],[121.3873821,31.2912966],[121.3870976,31.2917446],[121.3867376,31.2921649],[121.3863741,31.2924818],[121.3858668,31.2927779],[121.3854188,31.2929782],[121.384798,31.293084],[121.3841109,31.2931492],[121.3816425,31.293351],[121.3796608,31.2935449],[121.37857,31.2936516],[121.3779503,31.2937472],[121.3774327,31.2939245],[121.3769757,31.2941375],[121.3765356,31.2944115],[121.3761831,31.2947393],[121.3758983,31.2950939],[121.3756426,31.2954953],[121.3754879,31.2958647],[121.3753944,31.296238],[121.375371,31.2965512],[121.3753794,31.2970556],[121.3754307,31.2978084],[121.3754964,31.2988337],[121.3756575,31.3010443],[121.3758051,31.3023792],[121.3759446,31.3030851],[121.3760331,31.3037063],[121.37614,31.3048728],[121.3763762,31.3090913],[121.3765041,31.3107303],[121.3767303,31.313629],[121.3769053,31.3161367],[121.377122,31.3185264],[121.3771604,31.3190439],[121.3772496,31.3202463],[121.3774272,31.3227374],[121.3774545,31.3230202],[121.3775325,31.3235345],[121.3776864,31.324675],[121.3778462,31.325821],[121.3778973,31.3268981],[121.3778998,31.327864],[121.3778999,31.3291954],[121.3778955,31.3303072],[121.3778401,31.3310574],[121.3777109,31.3317908],[121.3774742,31.3327887],[121.3771103,31.3339263],[121.3764808,31.3352465],[121.3758149,31.3363728],[121.3749386,31.3377482],[121.3738087,31.339441],[121.3731774,31.3404184],[121.3719167,31.3423689],[121.3707634,31.3440816],[121.3695363,31.3456653],[121.3692857,31.3459887],[121.3683234,31.3471984]]}}]}
