{
  "type": "FeatureCollection",
  "metadata": {
    "coordinateSystem": "WGS84",
    "meaning": {
      "targets": "冻结本轮开始时缺少来源坐标的913项；原100项维基参考点及45项待核候选不在此补点范围。",
      "identity": "完整官方门牌优先；维基门牌必须另获官方地址范围或独特名称支持；非完全一致的复杂门牌另有逐项对照理由。地址点不宣称楼栋一一对应。",
      "positions": "图书馆原始坐标为BD-09（发布方地图客户端代码证明），经GCJ-02逆转换为地图WGS84；保存原始坐标、URI、源门牌和转换方法。",
      "precision": "六位小数仅为存储分辨率，不是测量精度。门牌、里弄、园区、建筑群均只作参考点；不代表保护轮廓、现存状况或1926年建筑位置。",
      "review": "发现跨道路复制点、不同实体同门牌多点或无地址/名称交叉支持时暂停选点。独立来源替代点保留原异常与复核证据。",
      "libraryAttribution": {
        "title": "上海图书馆历史建筑开放数据",
        "url": "https://data.library.sh.cn/shnh/wkl/webapi/building/toAllBuilding",
        "licenseNotice": "发布方声明cc2.0：署名、非商业性使用、相同方式共享；参见library/sources.json保存声明。"
      }
    },
    "coverage": {
      "targetRecords": 913,
      "acceptedReferencePoints": 878,
      "needsReview": 25,
      "unmatched": 10,
      "byOrigin": {
        "openstreetmap": 7,
        "shanghai-library": 871
      },
      "byScope": {
        "address-reference-point": 405,
        "building-reference-point": 3,
        "building-complex-reference-point": 470
      }
    }
  },
  "features": [
    {
      "type": "Feature",
      "id": "sh-fgj-1A019-01-address-reference",
      "geometry": {
        "type": "Point",
        "coordinates": [
          121.474118,
          31.237645
        ]
      },
      "properties": {
        "officialId": "sh-fgj-1A019-01",
        "wikipediaId": "wiki-heritage-t02-r0015",
        "batch": 1,
        "officialCodeRaw": "1A019",
        "name": "老、新永安公司",
        "articleTitle": "老、新永安公司",
        "address": "南京东路627-635号",
        "addressComparison": "different-as-listed",
        "coordinateScope": "building-complex-reference-point",
        "coordinateSystem": "WGS84",
        "precisionDegrees": null,
        "origin": "shanghai-library",
        "sourceUrl": "https://data.library.sh.cn/entity/architecture/7ptpxdw3x8jz0whl",
        "coordinateSourceTitle": "上海图书馆历史建筑开放数据",
        "sourceAddress": "黄浦区南京东路620--635",
        "locationNote": "此为门址所在里弄、院落或建筑群参考点，未逐栋核定位置。 来源门址与官方写法有差异，原始门牌和对照理由均保留。",
        "wikipediaUrl": "https://zh.wikipedia.org/wiki/%E4%B8%8A%E6%B5%B7%E6%B0%B8%E5%AE%89%E5%85%AC%E5%8F%B8%E5%A4%A7%E6%A5%BC",
        "wikidataId": null,
        "historicalGeometryVerified": false
      }
    },
    {
      "type": "Feature",
      "id": "sh-fgj-1A020-01-address-reference",
      "geometry": {
        "type": "Point",
        "coordinates": [
          121.47267,
          31.237372
        ]
      },
      "properties": {
        "officialId": "sh-fgj-1A020-01",
        "wikipediaId": "wiki-heritage-t02-r0014",
        "batch": 1,
        "officialCodeRaw": "1A020",
        "name": "先施公司",
        "articleTitle": "先施公司",
        "address": "南京东路690号",
        "addressComparison": "exact",
        "coordinateScope": "address-reference-point",
        "coordinateSystem": "WGS84",
        "precisionDegrees": null,
        "origin": "shanghai-library",
        "sourceUrl": "https://data.library.sh.cn/entity/architecture/q6r0k0sw2s7wp4ws",
        "coordinateSourceTitle": "上海图书馆历史建筑开放数据",
        "sourceAddress": "黄浦区南京东路690号",
        "locationNote": "此为来源目录门牌参考点，未独立测绘或核定建筑轮廓。",
        "wikipediaUrl": "https://zh.wikipedia.org/wiki/%E5%85%88%E6%96%BD",
        "wikidataId": null,
        "historicalGeometryVerified": false
      }
    },
    {
      "type": "Feature",
      "id": "sh-fgj-1A021-01-address-reference",
      "geometry": {
        "type": "Point",
        "coordinates": [
          121.472236,
          31.237338
        ]
      },
      "properties": {
        "officialId": "sh-fgj-1A021-01",
        "wikipediaId": "wiki-heritage-t02-r0017",
        "batch": 1,
        "officialCodeRaw": "1A021",
        "name": "新新公司",
        "articleTitle": "新新公司",
        "address": "南京东路720号",
        "addressComparison": "exact",
        "coordinateScope": "address-reference-point",
        "coordinateSystem": "WGS84",
        "precisionDegrees": null,
        "origin": "shanghai-library",
        "sourceUrl": "https://data.library.sh.cn/entity/architecture/tu2qdkt5qq1z0bj5",
        "coordinateSourceTitle": "上海图书馆历史建筑开放数据",
        "sourceAddress": "黄浦区南京东路720号",
        "locationNote": "此为来源目录门牌参考点，未独立测绘或核定建筑轮廓。",
        "wikipediaUrl": "https://zh.wikipedia.org/zh-hans/上海市优秀历史建筑",
        "wikidataId": null,
        "historicalGeometryVerified": false
      }
    },
    {
      "type": "Feature",
      "id": "sh-fgj-1A022-01-address-reference",
      "geometry": {
        "type": "Point",
        "coordinates": [
          121.47027,
          31.237034
        ]
      },
      "properties": {
        "officialId": "sh-fgj-1A022-01",
        "wikipediaId": "wiki-heritage-t02-r0018",
        "batch": 1,
        "officialCodeRaw": "1A022",
        "name": "大新公司",
        "articleTitle": "大新公司",
        "address": "南京东路830号",
        "addressComparison": "exact",
        "coordinateScope": "building-reference-point",
        "coordinateSystem": "WGS84",
        "precisionDegrees": null,
        "origin": "openstreetmap",
        "sourceUrl": "https://www.openstreetmap.org/way/490270437",
        "coordinateSourceTitle": "OpenStreetMap",
        "sourceAddress": null,
        "locationNote": "此点由OSM已标注建筑/住宅群的包围框中心计算，不代表门牌入口或测绘控制点。 © OpenStreetMap contributors · ODbL-1.0",
        "wikipediaUrl": "https://zh.wikipedia.org/wiki/%E4%B8%8A%E6%B5%B7%E5%A4%A7%E6%96%B0%E5%85%AC%E5%8F%B8",
        "wikidataId": null,
        "historicalGeometryVerified": false
      }
    },
    {
      "type": "Feature",
      "id": "sh-fgj-1A026-01-address-reference",
      "geometry": {
        "type": "Point",
        "coordinates": [
          121.482834,
          31.237491
        ]
      },
      "properties": {
        "officialId": "sh-fgj-1A026-01",
        "wikipediaId": "wiki-heritage-t02-r0043",
        "batch": 1,
        "officialCodeRaw": "1A026",
        "name": "金城银行",
        "articleTitle": "金城银行",
        "address": "江西中路200号",
        "addressComparison": "exact",
        "coordinateScope": "address-reference-point",
        "coordinateSystem": "WGS84",
        "precisionDegrees": null,
        "origin": "shanghai-library",
        "sourceUrl": "https://data.library.sh.cn/entity/architecture/mfni46661m75t0h6",
        "coordinateSourceTitle": "上海图书馆历史建筑开放数据",
        "sourceAddress": "黄浦区江西中路200号",
        "locationNote": "此为来源目录门牌参考点，未独立测绘或核定建筑轮廓。",
        "wikipediaUrl": "https://zh.wikipedia.org/wiki/%E4%B8%8A%E6%B5%B7%E9%87%91%E5%9F%8E%E9%93%B6%E8%A1%8C%E5%A4%A7%E6%A5%BC",
        "wikidataId": null,
        "historicalGeometryVerified": false
      }
    },
    {
      "type": "Feature",
      "id": "sh-fgj-1C001-01-address-reference",
      "geometry": {
        "type": "Point",
        "coordinates": [
          121.457406,
          31.20926
        ]
      },
      "properties": {
        "officialId": "sh-fgj-1C001-01",
        "wikipediaId": "wiki-heritage-t02-r0039",
        "batch": 1,
        "officialCodeRaw": "1C001",
        "name": "步高里",
        "articleTitle": "步高里",
        "address": "陕西南路287号",
        "addressComparison": "different-as-listed",
        "coordinateScope": "address-reference-point",
        "coordinateSystem": "WGS84",
        "precisionDegrees": null,
        "origin": "shanghai-library",
        "sourceUrl": "https://data.library.sh.cn/entity/architecture/e0mwwr7pw00snlxp",
        "coordinateSourceTitle": "上海图书馆历史建筑开放数据",
        "sourceAddress": "黄浦区陕西南路287号",
        "locationNote": "此为来源目录门牌参考点，未独立测绘或核定建筑轮廓。",
        "wikipediaUrl": "https://zh.wikipedia.org/wiki/%E6%AD%A5%E9%AB%98%E9%87%8C",
        "wikidataId": null,
        "historicalGeometryVerified": false
      }
    },
    {
      "type": "Feature",
      "id": "sh-fgj-1C003-01-address-reference",
      "geometry": {
        "type": "Point",
        "coordinates": [
          121.468122,
          31.224897
        ]
      },
      "properties": {
        "officialId": "sh-fgj-1C003-01",
        "wikipediaId": "wiki-heritage-t02-r0061",
        "batch": 1,
        "officialCodeRaw": "1C003",
        "name": "尚贤坊",
        "articleTitle": "尚贤坊",
        "address": "淮海中路50号",
        "addressComparison": "different-as-listed",
        "coordinateScope": "building-complex-reference-point",
        "coordinateSystem": "WGS84",
        "precisionDegrees": null,
        "origin": "openstreetmap",
        "sourceUrl": "https://www.openstreetmap.org/way/475009251",
        "coordinateSourceTitle": "OpenStreetMap",
        "sourceAddress": "淮海中路350弄",
        "locationNote": "此点由OSM已标注建筑/住宅群的包围框中心计算，不代表门牌入口或测绘控制点。 © OpenStreetMap contributors · ODbL-1.0",
        "wikipediaUrl": "https://zh.wikipedia.org/wiki/%E5%B0%9A%E8%B4%A4%E5%9D%8A",
        "wikidataId": null,
        "historicalGeometryVerified": false
      }
    },
    {
      "type": "Feature",
      "id": "sh-fgj-1C004-01-address-reference",
      "geometry": {
        "type": "Point",
        "coordinates": [
          121.463008,
          31.223732
        ]
      },
      "properties": {
        "officialId": "sh-fgj-1C004-01",
        "wikipediaId": "wiki-heritage-t02-r0019",
        "batch": 1,
        "officialCodeRaw": "1C004",
        "name": "华懋公寓",
        "articleTitle": "华懋公寓",
        "address": "长乐路109号",
        "addressComparison": "exact",
        "coordinateScope": "address-reference-point",
        "coordinateSystem": "WGS84",
        "precisionDegrees": null,
        "origin": "shanghai-library",
        "sourceUrl": "https://data.library.sh.cn/entity/architecture/afido8b3a674bt58",
        "coordinateSourceTitle": "上海图书馆历史建筑开放数据",
        "sourceAddress": "黄浦区长乐路109号",
        "locationNote": "此为来源目录门牌参考点，未独立测绘或核定建筑轮廓。",
        "wikipediaUrl": "https://zh.wikipedia.org/wiki/%E5%8D%8E%E6%87%8B%E5%85%AC%E5%AF%93",
        "wikidataId": null,
        "historicalGeometryVerified": false
      }
    },
    {
      "type": "Feature",
      "id": "sh-fgj-1C005-01-address-reference",
      "geometry": {
        "type": "Point",
        "coordinates": [
          121.456542,
          31.221365
        ]
      },
      "properties": {
        "officialId": "sh-fgj-1C005-01",
        "wikipediaId": "wiki-heritage-t02-r0020",
        "batch": 1,
        "officialCodeRaw": "1C005",
        "name": "峻岭公寓、茂名公寓",
        "articleTitle": "峻岭公寓、茂名公寓",
        "address": "茂名南路59号",
        "addressComparison": "different-as-listed",
        "coordinateScope": "building-complex-reference-point",
        "coordinateSystem": "WGS84",
        "precisionDegrees": null,
        "origin": "shanghai-library",
        "sourceUrl": "https://data.library.sh.cn/entity/architecture/eqf1t6f64hu1iakn",
        "coordinateSourceTitle": "上海图书馆历史建筑开放数据",
        "sourceAddress": "黄浦区茂名南路87号",
        "locationNote": "此为门址所在里弄、院落或建筑群参考点，未逐栋核定位置。 来源门址与官方写法有差异，原始门牌和对照理由均保留。",
        "wikipediaUrl": "https://zh.wikipedia.org/wiki/%E5%B3%BB%E5%B2%AD%E5%AF%84%E5%BA%90",
        "wikidataId": null,
        "historicalGeometryVerified": false
      }
    },
    {
      "type": "Feature",
      "id": "sh-fgj-1B002-01-address-reference",
      "geometry": {
        "type": "Point",
        "coordinates": [
          121.45057,
          31.228324
        ]
      },
      "properties": {
        "officialId": "sh-fgj-1B002-01",
        "wikipediaId": "wiki-heritage-t02-r0047",
        "batch": 1,
        "officialCodeRaw": "1B002",
        "name": "华业公寓",
        "articleTitle": "华业公寓",
        "address": "陕西北路175号",
        "addressComparison": "exact",
        "coordinateScope": "address-reference-point",
        "coordinateSystem": "WGS84",
        "precisionDegrees": null,
        "origin": "shanghai-library",
        "sourceUrl": "https://data.library.sh.cn/entity/architecture/m0w320lvz0dbj0b5",
        "coordinateSourceTitle": "上海图书馆历史建筑开放数据",
        "sourceAddress": "黄浦区陕西北路175号",
        "locationNote": "此为来源目录门牌参考点，未独立测绘或核定建筑轮廓。",
        "wikipediaUrl": "https://zh.wikipedia.org/wiki/%E5%8D%8E%E4%B8%9A%E5%85%AC%E5%AF%93",
        "wikidataId": null,
        "historicalGeometryVerified": false
      }
    },
    {
      "type": "Feature",
      "id": "sh-fgj-1B003-01-address-reference",
      "geometry": {
        "type": "Point",
        "coordinates": [
          121.436552,
          31.224282
        ]
      },
      "properties": {
        "officialId": "sh-fgj-1B003-01",
        "wikipediaId": "wiki-heritage-t02-r0057",
        "batch": 1,
        "officialCodeRaw": "1B003",
        "name": "涌泉坊",
        "articleTitle": "涌泉坊",
        "address": "愚园路395弄1-24号",
        "addressComparison": "different-as-listed",
        "coordinateScope": "building-complex-reference-point",
        "coordinateSystem": "WGS84",
        "precisionDegrees": null,
        "origin": "openstreetmap",
        "sourceUrl": "https://www.openstreetmap.org/way/488963703",
        "coordinateSourceTitle": "OpenStreetMap",
        "sourceAddress": null,
        "locationNote": "此点由OSM已标注建筑/住宅群的包围框中心计算，不代表门牌入口或测绘控制点。 © OpenStreetMap contributors · ODbL-1.0",
        "wikipediaUrl": "https://zh.wikipedia.org/wiki/%E6%B6%8C%E6%B3%89%E5%9D%8A",
        "wikidataId": null,
        "historicalGeometryVerified": false
      }
    },
    {
      "type": "Feature",
      "id": "sh-fgj-1B004-01-address-reference",
      "geometry": {
        "type": "Point",
        "coordinates": [
          121.446658,
          31.219909
        ]
      },
      "properties": {
        "officialId": "sh-fgj-1B004-01",
        "wikipediaId": "wiki-heritage-t02-r0058",
        "batch": 1,
        "officialCodeRaw": "1B004",
        "name": "裕华新村",
        "articleTitle": "裕华新村",
        "address": "富民路182弄1-32、178、180、184、186号",
        "addressComparison": "different-as-listed",
        "coordinateScope": "building-complex-reference-point",
        "coordinateSystem": "WGS84",
        "precisionDegrees": null,
        "origin": "openstreetmap",
        "sourceUrl": "https://www.openstreetmap.org/way/488963281",
        "coordinateSourceTitle": "OpenStreetMap",
        "sourceAddress": null,
        "locationNote": "此点由OSM已标注建筑/住宅群的包围框中心计算，不代表门牌入口或测绘控制点。 © OpenStreetMap contributors · ODbL-1.0",
        "wikipediaUrl": "https://zh.wikipedia.org/wiki/%E8%A3%95%E5%8D%8E%E6%96%B0%E6%9D%91",
        "wikidataId": null,
        "historicalGeometryVerified": false
      }
    },
    {
      "type": "Feature",
      "id": "sh-fgj-1D004-01-address-reference",
      "geometry": {
        "type": "Point",
        "coordinates": [
          121.440961,
          31.210583
        ]
      },
      "properties": {
        "officialId": "sh-fgj-1D004-01",
        "wikipediaId": "wiki-heritage-t02-r0035",
        "batch": 1,
        "officialCodeRaw": "1D004",
        "name": "盛宣怀住宅",
        "articleTitle": "盛宣怀住宅",
        "address": "淮海中路1517号",
        "addressComparison": "exact",
        "coordinateScope": "address-reference-point",
        "coordinateSystem": "WGS84",
        "precisionDegrees": null,
        "origin": "shanghai-library",
        "sourceUrl": "https://data.library.sh.cn/entity/architecture/bf4sr8bk15kscp4o",
        "coordinateSourceTitle": "上海图书馆历史建筑开放数据",
        "sourceAddress": "徐汇区淮海中路1517号",
        "locationNote": "此为来源目录门牌参考点，未独立测绘或核定建筑轮廓。",
        "wikipediaUrl": "https://zh.wikipedia.org/wiki/%E7%9B%9B%E5%AE%A3%E6%80%80%E4%BD%8F%E5%AE%85",
        "wikidataId": null,
        "historicalGeometryVerified": false
      }
    },
    {
      "type": "Feature",
      "id": "sh-fgj-1D006-01-address-reference",
      "geometry": {
        "type": "Point",
        "coordinates": [
          121.446792,
          31.215296
        ]
      },
      "properties": {
        "officialId": "sh-fgj-1D006-01",
        "wikipediaId": "wiki-heritage-t02-r0040",
        "batch": 1,
        "officialCodeRaw": "1D006",
        "name": "新康花园",
        "articleTitle": "新康花园",
        "address": "淮海中路1273号",
        "addressComparison": "exact",
        "coordinateScope": "building-complex-reference-point",
        "coordinateSystem": "WGS84",
        "precisionDegrees": null,
        "origin": "shanghai-library",
        "sourceUrl": "https://data.library.sh.cn/entity/architecture/vty4fve4lviwvlxd",
        "coordinateSourceTitle": "上海图书馆历史建筑开放数据",
        "sourceAddress": "徐汇区淮海中路1273号",
        "locationNote": "此为门址所在里弄、院落或建筑群参考点，未逐栋核定位置。",
        "wikipediaUrl": "https://zh.wikipedia.org/wiki/%E6%96%B0%E5%BA%B7%E8%8A%B1%E5%9B%AD",
        "wikidataId": null,
        "historicalGeometryVerified": false
      }
    },
    {
      "type": "Feature",
      "id": "sh-fgj-1D007-01-address-reference",
      "geometry": {
        "type": "Point",
        "coordinates": [
          121.439714,
          31.212611
        ]
      },
      "properties": {
        "officialId": "sh-fgj-1D007-01",
        "wikipediaId": "wiki-heritage-t02-r0041",
        "batch": 1,
        "officialCodeRaw": "1D007",
        "name": "修道院公寓",
        "articleTitle": "修道院公寓",
        "address": "复兴西路62号",
        "addressComparison": "exact",
        "coordinateScope": "address-reference-point",
        "coordinateSystem": "WGS84",
        "precisionDegrees": null,
        "origin": "shanghai-library",
        "sourceUrl": "https://data.library.sh.cn/entity/architecture/scfy1uti055dopdt",
        "coordinateSourceTitle": "上海图书馆历史建筑开放数据",
        "sourceAddress": "徐汇区复兴西路62号",
        "locationNote": "此为来源目录门牌参考点，未独立测绘或核定建筑轮廓。",
        "wikipediaUrl": "https://zh.wikipedia.org/wiki/%E4%BF%AE%E9%81%93%E9%99%A2%E5%85%AC%E5%AF%93",
        "wikidataId": null,
        "historicalGeometryVerified": false
      }
    },
    {
      "type": "Feature",
      "id": "sh-fgj-1M003-01-address-reference",
      "geometry": {
        "type": "Point",
        "coordinates": [
          121.422388,
          31.211905
        ]
      },
      "properties": {
        "officialId": "sh-fgj-1M003-01",
        "wikipediaId": "wiki-heritage-t02-r0049",
        "batch": 1,
        "officialCodeRaw": "1M003",
        "name": "孙科住宅",
        "articleTitle": "孙科住宅",
        "address": "延安西路1262号",
        "addressComparison": "exact",
        "coordinateScope": "address-reference-point",
        "coordinateSystem": "WGS84",
        "precisionDegrees": null,
        "origin": "shanghai-library",
        "sourceUrl": "https://data.library.sh.cn/entity/architecture/fsdqtj4iwo3l1jsn",
        "coordinateSourceTitle": "上海图书馆历史建筑开放数据",
        "sourceAddress": "延安西路1262号",
        "locationNote": "此为来源目录门牌参考点，未独立测绘或核定建筑轮廓。",
        "wikipediaUrl": "https://zh.wikipedia.org/wiki/%E5%93%A5%E4%BC%A6%E6%AF%94%E4%BA%9A%E4%BD%8F%E5%AE%85%E5%9C%88",
        "wikidataId": null,
        "historicalGeometryVerified": false
      }
    },
    {
      "type": "Feature",
      "id": "sh-fgj-2A001-01-address-reference",
      "geometry": {
        "type": "Point",
        "coordinates": [
          121.487869,
          31.234422
        ]
      },
      "properties": {
        "officialId": "sh-fgj-2A001-01",
        "wikipediaId": "wiki-heritage-t03-r0052",
        "batch": 2,
        "officialCodeRaw": "2A001",
        "name": "法国邮船大楼",
        "articleTitle": "法国邮船大楼",
        "address": "中山东二路9号",
        "addressComparison": "exact",
        "coordinateScope": "address-reference-point",
        "coordinateSystem": "WGS84",
        "precisionDegrees": null,
        "origin": "shanghai-library",
        "sourceUrl": "https://data.library.sh.cn/entity/architecture/5qmda2pth7deyocp",
        "coordinateSourceTitle": "上海图书馆历史建筑开放数据",
        "sourceAddress": "中山东二路9号",
        "locationNote": "此为来源目录门牌参考点，未独立测绘或核定建筑轮廓。",
        "wikipediaUrl": "https://zh.wikipedia.org/wiki/%E6%B3%95%E9%82%AE%E5%A4%A7%E6%A5%BC",
        "wikidataId": null,
        "historicalGeometryVerified": false
      }
    },
    {
      "type": "Feature",
      "id": "sh-fgj-2A016-01-address-reference",
      "geometry": {
        "type": "Point",
        "coordinates": [
          121.482995,
          31.241572
        ]
      },
      "properties": {
        "officialId": "sh-fgj-2A016-01",
        "wikipediaId": "wiki-heritage-t03-r0181",
        "batch": 2,
        "officialCodeRaw": "2A016",
        "name": "洋 行",
        "articleTitle": "洋 行",
        "address": "滇池路120号，四川中路444-464号（双号）",
        "addressComparison": "different-as-listed",
        "coordinateScope": "address-reference-point",
        "coordinateSystem": "WGS84",
        "precisionDegrees": null,
        "origin": "shanghai-library",
        "sourceUrl": "https://data.library.sh.cn/entity/architecture/puzkweuvzekwee8g",
        "coordinateSourceTitle": "上海图书馆历史建筑开放数据",
        "sourceAddress": "滇池路120号",
        "locationNote": "此为来源目录门牌参考点，未独立测绘或核定建筑轮廓。 来源门址与官方写法有差异，原始门牌和对照理由均保留。",
        "wikipediaUrl": "https://zh.wikipedia.org/zh-hans/上海市优秀历史建筑",
        "wikidataId": null,
        "historicalGeometryVerified": false
      }
    },
    {
      "type": "Feature",
      "id": "sh-fgj-2A017-01-address-reference",
      "geometry": {
        "type": "Point",
        "coordinates": [
          121.483376,
          31.241579
        ]
      },
      "properties": {
        "officialId": "sh-fgj-2A017-01",
        "wikipediaId": "wiki-heritage-t03-r0182",
        "batch": 2,
        "officialCodeRaw": "2A017",
        "name": "仁记洋行",
        "articleTitle": "仁记洋行",
        "address": "滇池路100-110号",
        "addressComparison": "different-as-listed",
        "coordinateScope": "address-reference-point",
        "coordinateSystem": "WGS84",
        "precisionDegrees": null,
        "origin": "shanghai-library",
        "sourceUrl": "https://data.library.sh.cn/entity/architecture/7swsude04cyayvou",
        "coordinateSourceTitle": "上海图书馆历史建筑开放数据",
        "sourceAddress": "滇池路100号",
        "locationNote": "此为来源目录门牌参考点，未独立测绘或核定建筑轮廓。 来源门址与官方写法有差异，原始门牌和对照理由均保留。",
        "wikipediaUrl": "https://zh.wikipedia.org/wiki/%E4%B8%9A%E5%B9%BF%E5%9C%B0%E4%BA%A7%E5%85%AC%E5%8F%B8%E5%A4%A7%E6%A5%BC",
        "wikidataId": null,
        "historicalGeometryVerified": false
      }
    },
    {
      "type": "Feature",
      "id": "sh-fgj-2A018-01-address-reference",
      "geometry": {
        "type": "Point",
        "coordinates": [
          121.483826,
          31.242653
        ]
      },
      "properties": {
        "officialId": "sh-fgj-2A018-01",
        "wikipediaId": "wiki-heritage-t03-r0167",
        "batch": 2,
        "officialCodeRaw": "2A018",
        "name": "洋 行",
        "articleTitle": "洋 行",
        "address": "北京东路81号",
        "addressComparison": "different-as-listed",
        "coordinateScope": "address-reference-point",
        "coordinateSystem": "WGS84",
        "precisionDegrees": null,
        "origin": "shanghai-library",
        "sourceUrl": "https://data.library.sh.cn/entity/architecture/e4ww0k1jqbcjk6m7",
        "coordinateSourceTitle": "上海图书馆历史建筑开放数据",
        "sourceAddress": "北京东路81号",
        "locationNote": "此为来源目录门牌参考点，未独立测绘或核定建筑轮廓。",
        "wikipediaUrl": "https://zh.wikipedia.org/wiki/%E7%9B%8A%E4%B8%B0%E6%B4%8B%E8%A1%8C%E5%A4%A7%E6%A5%BC",
        "wikidataId": null,
        "historicalGeometryVerified": false
      }
    },
    {
      "type": "Feature",
      "id": "sh-fgj-2A019-01-address-reference",
      "geometry": {
        "type": "Point",
        "coordinates": [
          121.478935,
          31.242518
        ]
      },
      "properties": {
        "officialId": "sh-fgj-2A019-01",
        "wikipediaId": "wiki-heritage-t03-r0048",
        "batch": 2,
        "officialCodeRaw": "2A019",
        "name": "国华银行大楼",
        "articleTitle": "国华银行大楼",
        "address": "北京东路342号",
        "addressComparison": "exact",
        "coordinateScope": "address-reference-point",
        "coordinateSystem": "WGS84",
        "precisionDegrees": null,
        "origin": "shanghai-library",
        "sourceUrl": "https://data.library.sh.cn/entity/architecture/0rallr2qtgvn046k",
        "coordinateSourceTitle": "上海图书馆历史建筑开放数据",
        "sourceAddress": "北京东路342号",
        "locationNote": "此为来源目录门牌参考点，未独立测绘或核定建筑轮廓。",
        "wikipediaUrl": "https://zh.wikipedia.org/wiki/%E5%9B%BD%E5%8D%8E%E9%93%B6%E8%A1%8C%E5%A4%A7%E6%A5%BC",
        "wikidataId": null,
        "historicalGeometryVerified": false
      }
    },
    {
      "type": "Feature",
      "id": "sh-fgj-2A020-01-address-reference",
      "geometry": {
        "type": "Point",
        "coordinates": [
          121.483017,
          31.244913
        ]
      },
      "properties": {
        "officialId": "sh-fgj-2A020-01",
        "wikipediaId": "wiki-heritage-t03-r0034",
        "batch": 2,
        "officialCodeRaw": "2A020",
        "name": "广学大楼",
        "articleTitle": "广学大楼",
        "address": "虎丘路128号",
        "addressComparison": "exact",
        "coordinateScope": "address-reference-point",
        "coordinateSystem": "WGS84",
        "precisionDegrees": null,
        "origin": "shanghai-library",
        "sourceUrl": "https://data.library.sh.cn/entity/architecture/m1ybapmjd325wqkb",
        "coordinateSourceTitle": "上海图书馆历史建筑开放数据",
        "sourceAddress": "虎丘路128号",
        "locationNote": "此为来源目录门牌参考点，未独立测绘或核定建筑轮廓。",
        "wikipediaUrl": "https://zh.wikipedia.org/wiki/%E7%9C%9F%E5%85%89%E5%B9%BF%E5%AD%A6%E5%A4%A7%E6%A5%BC",
        "wikidataId": null,
        "historicalGeometryVerified": false
      }
    },
    {
      "type": "Feature",
      "id": "sh-fgj-2A021-01-address-reference",
      "geometry": {
        "type": "Point",
        "coordinates": [
          121.483117,
          31.24544
        ]
      },
      "properties": {
        "officialId": "sh-fgj-2A021-01",
        "wikipediaId": "wiki-heritage-t03-r0010",
        "batch": 2,
        "officialCodeRaw": "2A021",
        "name": "光陆大戏院",
        "articleTitle": "光陆大戏院",
        "address": "虎丘路142-146号",
        "addressComparison": "different-as-listed",
        "coordinateScope": "building-complex-reference-point",
        "coordinateSystem": "WGS84",
        "precisionDegrees": null,
        "origin": "shanghai-library",
        "sourceUrl": "https://data.library.sh.cn/entity/architecture/2juo3w0v3f8t5yx0",
        "coordinateSourceTitle": "上海图书馆历史建筑开放数据",
        "sourceAddress": "虎丘路146号",
        "locationNote": "此为门址所在里弄、院落或建筑群参考点，未逐栋核定位置。 来源门址与官方写法有差异，原始门牌和对照理由均保留。",
        "wikipediaUrl": "https://zh.wikipedia.org/wiki/%E5%85%89%E9%99%86%E5%A4%A7%E6%A5%BC",
        "wikidataId": null,
        "historicalGeometryVerified": false
      }
    },
    {
      "type": "Feature",
      "id": "sh-fgj-2A022-01-address-reference",
      "geometry": {
        "type": "Point",
        "coordinates": [
          121.482302,
          31.244533
        ]
      },
      "properties": {
        "officialId": "sh-fgj-2A022-01",
        "wikipediaId": "wiki-heritage-t03-r0022",
        "batch": 2,
        "officialCodeRaw": "2A022",
        "name": "银行公会大楼",
        "articleTitle": "银行公会大楼",
        "address": "香港路59号",
        "addressComparison": "exact",
        "coordinateScope": "address-reference-point",
        "coordinateSystem": "WGS84",
        "precisionDegrees": null,
        "origin": "shanghai-library",
        "sourceUrl": "https://data.library.sh.cn/entity/architecture/mrsxhwlztz8n4viy",
        "coordinateSourceTitle": "上海图书馆历史建筑开放数据",
        "sourceAddress": "香港路59号",
        "locationNote": "此为来源目录门牌参考点，未独立测绘或核定建筑轮廓。",
        "wikipediaUrl": "https://zh.wikipedia.org/wiki/%E9%93%B6%E8%A1%8C%E5%85%AC%E4%BC%9A%E5%A4%A7%E6%A5%BC",
        "wikidataId": null,
        "historicalGeometryVerified": false
      }
    },
    {
      "type": "Feature",
      "id": "sh-fgj-2A023-01-address-reference",
      "geometry": {
        "type": "Point",
        "coordinates": [
          121.483606,
          31.243135
        ]
      },
      "properties": {
        "officialId": "sh-fgj-2A023-01",
        "wikipediaId": "wiki-heritage-t03-r0178",
        "batch": 2,
        "officialCodeRaw": "2A023",
        "name": "洋行",
        "articleTitle": "洋行",
        "address": "圆明园路97号",
        "addressComparison": "exact",
        "coordinateScope": "address-reference-point",
        "coordinateSystem": "WGS84",
        "precisionDegrees": null,
        "origin": "shanghai-library",
        "sourceUrl": "https://data.library.sh.cn/entity/architecture/mqk6nb32iftnrgvh",
        "coordinateSourceTitle": "上海图书馆历史建筑开放数据",
        "sourceAddress": "圆明园路97号",
        "locationNote": "此为来源目录门牌参考点，未独立测绘或核定建筑轮廓。",
        "wikipediaUrl": "https://zh.wikipedia.org/wiki/%E5%AE%89%E5%9F%B9%E6%B4%8B%E8%A1%8C%E5%A4%A7%E6%A5%BC",
        "wikidataId": null,
        "historicalGeometryVerified": false
      }
    },
    {
      "type": "Feature",
      "id": "sh-fgj-2A025-01-address-reference",
      "geometry": {
        "type": "Point",
        "coordinates": [
          121.483407,
          31.244974
        ]
      },
      "properties": {
        "officialId": "sh-fgj-2A025-01",
        "wikipediaId": "wiki-heritage-t03-r0035",
        "batch": 2,
        "officialCodeRaw": "2A025",
        "name": "真光大楼",
        "articleTitle": "真光大楼",
        "address": "圆明园路209号",
        "addressComparison": "exact",
        "coordinateScope": "address-reference-point",
        "coordinateSystem": "WGS84",
        "precisionDegrees": null,
        "origin": "shanghai-library",
        "sourceUrl": "https://data.library.sh.cn/entity/architecture/v8xwivmudej3ri6q",
        "coordinateSourceTitle": "上海图书馆历史建筑开放数据",
        "sourceAddress": "圆明园路209号",
        "locationNote": "此为来源目录门牌参考点，未独立测绘或核定建筑轮廓。",
        "wikipediaUrl": "https://zh.wikipedia.org/wiki/%E7%9C%9F%E5%85%89%E5%B9%BF%E5%AD%A6%E5%A4%A7%E6%A5%BC",
        "wikidataId": null,
        "historicalGeometryVerified": false
      }
    },
    {
      "type": "Feature",
      "id": "sh-fgj-2A026-01-address-reference",
      "geometry": {
        "type": "Point",
        "coordinates": [
          121.483525,
          31.240359
        ]
      },
      "properties": {
        "officialId": "sh-fgj-2A026-01",
        "wikipediaId": "wiki-heritage-t03-r0042",
        "batch": 2,
        "officialCodeRaw": "2A026",
        "name": "迦陵大楼",
        "articleTitle": "迦陵大楼",
        "address": "南京东路99号",
        "addressComparison": "exact",
        "coordinateScope": "address-reference-point",
        "coordinateSystem": "WGS84",
        "precisionDegrees": null,
        "origin": "shanghai-library",
        "sourceUrl": "https://data.library.sh.cn/entity/architecture/rskxqw2bjgtqshnv",
        "coordinateSourceTitle": "上海图书馆历史建筑开放数据",
        "sourceAddress": "南京东路99号",
        "locationNote": "此为来源目录门牌参考点，未独立测绘或核定建筑轮廓。",
        "wikipediaUrl": "https://zh.wikipedia.org/wiki/%E8%BF%A6%E9%99%B5%E5%A4%A7%E6%A5%BC",
        "wikidataId": null,
        "historicalGeometryVerified": false
      }
    },
    {
      "type": "Feature",
      "id": "sh-fgj-2A030-01-address-reference",
      "geometry": {
        "type": "Point",
        "coordinates": [
          121.482299,
          31.236822
        ]
      },
      "properties": {
        "officialId": "sh-fgj-2A030-01",
        "wikipediaId": "wiki-heritage-t03-r0029",
        "batch": 2,
        "officialCodeRaw": "2A030",
        "name": "总巡捕房",
        "articleTitle": "总巡捕房",
        "address": "福州路185号",
        "addressComparison": "exact",
        "coordinateScope": "address-reference-point",
        "coordinateSystem": "WGS84",
        "precisionDegrees": null,
        "origin": "shanghai-library",
        "sourceUrl": "https://data.library.sh.cn/entity/architecture/ezw2duzaib7o4dnr",
        "coordinateSourceTitle": "上海图书馆历史建筑开放数据",
        "sourceAddress": "福州路185号",
        "locationNote": "此为来源目录门牌参考点，未独立测绘或核定建筑轮廓。",
        "wikipediaUrl": "https://zh.wikipedia.org/wiki/%E4%B8%8A%E6%B5%B7%E5%85%AC%E5%85%B1%E7%A7%9F%E7%95%8C%E4%B8%AD%E5%A4%AE%E6%8D%95%E6%88%BF",
        "wikidataId": null,
        "historicalGeometryVerified": false
      }
    },
    {
      "type": "Feature",
      "id": "sh-fgj-2A031-01-address-reference",
      "geometry": {
        "type": "Point",
        "coordinates": [
          121.481918,
          31.236737
        ]
      },
      "properties": {
        "officialId": "sh-fgj-2A031-01",
        "wikipediaId": "wiki-heritage-t03-r0005",
        "batch": 2,
        "officialCodeRaw": "2A031",
        "name": "美国花旗银行",
        "articleTitle": "美国花旗银行",
        "address": "福州路209号",
        "addressComparison": "exact",
        "coordinateScope": "address-reference-point",
        "coordinateSystem": "WGS84",
        "precisionDegrees": null,
        "origin": "shanghai-library",
        "sourceUrl": "https://data.library.sh.cn/entity/architecture/z04c3rshedkbxgje",
        "coordinateSourceTitle": "上海图书馆历史建筑开放数据",
        "sourceAddress": "福州路209号",
        "locationNote": "此为来源目录门牌参考点，未独立测绘或核定建筑轮廓。",
        "wikipediaUrl": "https://zh.wikipedia.org/wiki/%E4%B8%8A%E6%B5%B7%E8%8A%B1%E6%97%97%E6%80%BB%E4%BC%9A",
        "wikidataId": null,
        "historicalGeometryVerified": false
      }
    },
    {
      "type": "Feature",
      "id": "sh-fgj-2A032-01-address-reference",
      "geometry": {
        "type": "Point",
        "coordinates": [
          121.485596,
          31.235982
        ]
      },
      "properties": {
        "officialId": "sh-fgj-2A032-01",
        "wikipediaId": "wiki-heritage-t03-r0031",
        "batch": 2,
        "officialCodeRaw": "2A032",
        "name": "大来大楼",
        "articleTitle": "大来大楼",
        "address": "广东路51,59号",
        "addressComparison": "exact",
        "coordinateScope": "address-reference-point",
        "coordinateSystem": "WGS84",
        "precisionDegrees": null,
        "origin": "shanghai-library",
        "sourceUrl": "https://data.library.sh.cn/entity/architecture/0z2ce4rg0paqx8wd",
        "coordinateSourceTitle": "上海图书馆历史建筑开放数据",
        "sourceAddress": "广东路51号",
        "locationNote": "此为来源目录门牌参考点，未独立测绘或核定建筑轮廓。 来源门址与官方写法有差异，原始门牌和对照理由均保留。",
        "wikipediaUrl": "https://zh.wikipedia.org/wiki/%E5%A4%A7%E6%9D%A5%E5%A4%A7%E6%A5%BC",
        "wikidataId": null,
        "historicalGeometryVerified": false
      }
    },
    {
      "type": "Feature",
      "id": "sh-fgj-2A034-01-address-reference",
      "geometry": {
        "type": "Point",
        "coordinates": [
          121.479629,
          31.237451
        ]
      },
      "properties": {
        "officialId": "sh-fgj-2A034-01",
        "wikipediaId": "wiki-heritage-t03-r0037",
        "batch": 2,
        "officialCodeRaw": "2A034",
        "name": "申报馆",
        "articleTitle": "申报馆",
        "address": "汉口路309号",
        "addressComparison": "exact",
        "coordinateScope": "address-reference-point",
        "coordinateSystem": "WGS84",
        "precisionDegrees": null,
        "origin": "shanghai-library",
        "sourceUrl": "https://data.library.sh.cn/entity/architecture/etimeo6mpevvl0yo",
        "coordinateSourceTitle": "上海图书馆历史建筑开放数据",
        "sourceAddress": "汉口路309号",
        "locationNote": "此为来源目录门牌参考点，未独立测绘或核定建筑轮廓。",
        "wikipediaUrl": "https://zh.wikipedia.org/wiki/%E7%94%B3%E6%8A%A5%E9%A6%86",
        "wikidataId": null,
        "historicalGeometryVerified": false
      }
    },
    {
      "type": "Feature",
      "id": "sh-fgj-2A035-01-address-reference",
      "geometry": {
        "type": "Point",
        "coordinates": [
          121.479415,
          31.241385
        ]
      },
      "properties": {
        "officialId": "sh-fgj-2A035-01",
        "wikipediaId": "wiki-heritage-t03-r0089",
        "batch": 2,
        "officialCodeRaw": "2A035",
        "name": "吉祥里",
        "articleTitle": "吉祥里",
        "address": "河南中路531-541号",
        "addressComparison": "different-as-listed",
        "coordinateScope": "building-complex-reference-point",
        "coordinateSystem": "WGS84",
        "precisionDegrees": null,
        "origin": "shanghai-library",
        "sourceUrl": "https://data.library.sh.cn/entity/architecture/vp5iu3q56t0ay8wr",
        "coordinateSourceTitle": "上海图书馆历史建筑开放数据",
        "sourceAddress": "河南中路531-541弄",
        "locationNote": "此为门址所在里弄、院落或建筑群参考点，未逐栋核定位置。 来源门址与官方写法有差异，原始门牌和对照理由均保留。",
        "wikipediaUrl": "https://zh.wikipedia.org/wiki/%E5%90%89%E7%A5%A5%E9%87%8C",
        "wikidataId": null,
        "historicalGeometryVerified": false
      }
    },
    {
      "type": "Feature",
      "id": "sh-fgj-2A036-01-address-reference",
      "geometry": {
        "type": "Point",
        "coordinates": [
          121.482109,
          31.239254
        ]
      },
      "properties": {
        "officialId": "sh-fgj-2A036-01",
        "wikipediaId": "wiki-heritage-t03-r0177",
        "batch": 2,
        "officialCodeRaw": "2A036",
        "name": "礼记洋行",
        "articleTitle": "礼记洋行",
        "address": "江西中路255号",
        "addressComparison": "exact",
        "coordinateScope": "address-reference-point",
        "coordinateSystem": "WGS84",
        "precisionDegrees": null,
        "origin": "shanghai-library",
        "sourceUrl": "https://data.library.sh.cn/entity/architecture/itvuldsqhyr7jpj4",
        "coordinateSourceTitle": "上海图书馆历史建筑开放数据",
        "sourceAddress": "江西中路255号",
        "locationNote": "此为来源目录门牌参考点，未独立测绘或核定建筑轮廓。",
        "wikipediaUrl": "https://zh.wikipedia.org/wiki/%E7%A6%AE%E5%92%8C%E6%B4%8B%E8%A1%8C%E5%A4%A7%E6%A8%93",
        "wikidataId": null,
        "historicalGeometryVerified": false
      }
    },
    {
      "type": "Feature",
      "id": "sh-fgj-2A037-01-address-reference",
      "geometry": {
        "type": "Point",
        "coordinates": [
          121.483044,
          31.236877
        ]
      },
      "properties": {
        "officialId": "sh-fgj-2A037-01",
        "wikipediaId": "wiki-heritage-t03-r0030",
        "batch": 2,
        "officialCodeRaw": "2A037",
        "name": "汉弥登大楼",
        "articleTitle": "汉弥登大楼",
        "address": "江西中路170号",
        "addressComparison": "exact",
        "coordinateScope": "address-reference-point",
        "coordinateSystem": "WGS84",
        "precisionDegrees": null,
        "origin": "shanghai-library",
        "sourceUrl": "https://data.library.sh.cn/entity/architecture/38otulbla5qjit8u",
        "coordinateSourceTitle": "上海图书馆历史建筑开放数据",
        "sourceAddress": "江西中路170号",
        "locationNote": "此为来源目录门牌参考点，未独立测绘或核定建筑轮廓。",
        "wikipediaUrl": "https://zh.wikipedia.org/wiki/%E6%B1%89%E5%BC%A5%E5%B0%94%E7%99%BB%E5%A4%A7%E6%A5%BC",
        "wikidataId": null,
        "historicalGeometryVerified": false
      }
    },
    {
      "type": "Feature",
      "id": "sh-fgj-2A038-01-address-reference",
      "geometry": {
        "type": "Point",
        "coordinates": [
          121.482979,
          31.237217
        ]
      },
      "properties": {
        "officialId": "sh-fgj-2A038-01",
        "wikipediaId": "wiki-heritage-t03-r0003",
        "batch": 2,
        "officialCodeRaw": "2A038",
        "name": "都城饭店",
        "articleTitle": "都城饭店",
        "address": "江西中路180号",
        "addressComparison": "exact",
        "coordinateScope": "address-reference-point",
        "coordinateSystem": "WGS84",
        "precisionDegrees": null,
        "origin": "shanghai-library",
        "sourceUrl": "https://data.library.sh.cn/entity/architecture/okshmxl6ki5hiyg4",
        "coordinateSourceTitle": "上海图书馆历史建筑开放数据",
        "sourceAddress": "江西中路180号",
        "locationNote": "此为来源目录门牌参考点，未独立测绘或核定建筑轮廓。",
        "wikipediaUrl": "https://zh.wikipedia.org/wiki/%E9%83%BD%E5%9F%8E%E9%A5%AD%E5%BA%97",
        "wikidataId": null,
        "historicalGeometryVerified": false
      }
    },
    {
      "type": "Feature",
      "id": "sh-fgj-2A039-01-address-reference",
      "geometry": {
        "type": "Point",
        "coordinates": [
          121.482719,
          31.236785
        ]
      },
      "properties": {
        "officialId": "sh-fgj-2A039-01",
        "wikipediaId": "wiki-heritage-t03-r0058",
        "batch": 2,
        "officialCodeRaw": "2A039",
        "name": "建设大厦",
        "articleTitle": "建设大厦",
        "address": "江西中路171-181号（单号）",
        "addressComparison": "different-as-listed",
        "coordinateScope": "building-complex-reference-point",
        "coordinateSystem": "WGS84",
        "precisionDegrees": null,
        "origin": "shanghai-library",
        "sourceUrl": "https://data.library.sh.cn/entity/architecture/71amiaqda73a2ifc",
        "coordinateSourceTitle": "上海图书馆历史建筑开放数据",
        "sourceAddress": "江西中路181号",
        "locationNote": "此为门址所在里弄、院落或建筑群参考点，未逐栋核定位置。 来源门址与官方写法有差异，原始门牌和对照理由均保留。",
        "wikipediaUrl": "https://zh.wikipedia.org/wiki/%E5%BB%BA%E8%AE%BE%E5%A4%A7%E6%A5%BC",
        "wikidataId": null,
        "historicalGeometryVerified": false
      }
    },
    {
      "type": "Feature",
      "id": "sh-fgj-2A040-01-address-reference",
      "geometry": {
        "type": "Point",
        "coordinates": [
          121.482785,
          31.23816
        ]
      },
      "properties": {
        "officialId": "sh-fgj-2A040-01",
        "wikipediaId": "wiki-heritage-t03-r0054",
        "batch": 2,
        "officialCodeRaw": "2A040",
        "name": "浙江第一商业银行",
        "articleTitle": "浙江第一商业银行",
        "address": "汉口路151号",
        "addressComparison": "exact",
        "coordinateScope": "address-reference-point",
        "coordinateSystem": "WGS84",
        "precisionDegrees": null,
        "origin": "shanghai-library",
        "sourceUrl": "https://data.library.sh.cn/entity/architecture/omrutefsltgg0c0s",
        "coordinateSourceTitle": "上海图书馆历史建筑开放数据",
        "sourceAddress": "汉口路151号",
        "locationNote": "此为来源目录门牌参考点，未独立测绘或核定建筑轮廓。",
        "wikipediaUrl": "https://zh.wikipedia.org/wiki/%E6%B5%99%E4%B8%80%E5%A4%A7%E6%A5%BC",
        "wikidataId": null,
        "historicalGeometryVerified": false
      }
    },
    {
      "type": "Feature",
      "id": "sh-fgj-2A041-01-address-reference",
      "geometry": {
        "type": "Point",
        "coordinates": [
          121.483399,
          31.239096
        ]
      },
      "properties": {
        "officialId": "sh-fgj-2A041-01",
        "wikipediaId": "wiki-heritage-t03-r0044",
        "batch": 2,
        "officialCodeRaw": "2A041",
        "name": "大陆银行",
        "articleTitle": "大陆银行",
        "address": "九江路111号",
        "addressComparison": "exact",
        "coordinateScope": "address-reference-point",
        "coordinateSystem": "WGS84",
        "precisionDegrees": null,
        "origin": "shanghai-library",
        "sourceUrl": "https://data.library.sh.cn/entity/architecture/6iaxs8hrd7ddafcl",
        "coordinateSourceTitle": "上海图书馆历史建筑开放数据",
        "sourceAddress": "九江路111号",
        "locationNote": "此为来源目录门牌参考点，未独立测绘或核定建筑轮廓。",
        "wikipediaUrl": "https://zh.wikipedia.org/zh-hans/上海市优秀历史建筑",
        "wikidataId": null,
        "historicalGeometryVerified": false
      }
    },
    {
      "type": "Feature",
      "id": "sh-fgj-2A042-01-address-reference",
      "geometry": {
        "type": "Point",
        "coordinates": [
          121.483876,
          31.239392
        ]
      },
      "properties": {
        "officialId": "sh-fgj-2A042-01",
        "wikipediaId": "wiki-heritage-t03-r0038",
        "batch": 2,
        "officialCodeRaw": "2A042",
        "name": "物业供应站",
        "articleTitle": "物业供应站",
        "address": "九江路89号",
        "addressComparison": "exact",
        "coordinateScope": "address-reference-point",
        "coordinateSystem": "WGS84",
        "precisionDegrees": null,
        "origin": "shanghai-library",
        "sourceUrl": "https://data.library.sh.cn/entity/architecture/5l5apwrefdoh50xf",
        "coordinateSourceTitle": "上海图书馆历史建筑开放数据",
        "sourceAddress": "九江路89号",
        "locationNote": "此为来源目录门牌参考点，未独立测绘或核定建筑轮廓。",
        "wikipediaUrl": "https://zh.wikipedia.org/wiki/%E5%BE%B7%E5%8D%8E%E9%93%B6%E8%A1%8C",
        "wikidataId": null,
        "historicalGeometryVerified": false
      }
    },
    {
      "type": "Feature",
      "id": "sh-fgj-2A043-01-address-reference",
      "geometry": {
        "type": "Point",
        "coordinates": [
          121.484366,
          31.239689
        ]
      },
      "properties": {
        "officialId": "sh-fgj-2A043-01",
        "wikipediaId": "wiki-heritage-t03-r0056",
        "batch": 2,
        "officialCodeRaw": "2A043",
        "name": "上海公库",
        "articleTitle": "上海公库",
        "address": "九江路50号",
        "addressComparison": "exact",
        "coordinateScope": "address-reference-point",
        "coordinateSystem": "WGS84",
        "precisionDegrees": null,
        "origin": "shanghai-library",
        "sourceUrl": "https://data.library.sh.cn/entity/architecture/p8yq4v5cc2bwxb0n",
        "coordinateSourceTitle": "上海图书馆历史建筑开放数据",
        "sourceAddress": "九江路50号",
        "locationNote": "此为来源目录门牌参考点，未独立测绘或核定建筑轮廓。",
        "wikipediaUrl": "https://zh.wikipedia.org/wiki/%E4%B8%8A%E6%B5%B7%E5%85%AC%E5%BA%93",
        "wikidataId": null,
        "historicalGeometryVerified": false
      }
    },
    {
      "type": "Feature",
      "id": "sh-fgj-2A044-01-address-reference",
      "geometry": {
        "type": "Point",
        "coordinates": [
          121.484716,
          31.23978
        ]
      },
      "properties": {
        "officialId": "sh-fgj-2A044-01",
        "wikipediaId": "wiki-heritage-t03-r0055",
        "batch": 2,
        "officialCodeRaw": "2A044",
        "name": "中华邮政储金汇业局",
        "articleTitle": "中华邮政储金汇业局",
        "address": "九江路36号",
        "addressComparison": "exact",
        "coordinateScope": "address-reference-point",
        "coordinateSystem": "WGS84",
        "precisionDegrees": null,
        "origin": "shanghai-library",
        "sourceUrl": "https://data.library.sh.cn/entity/architecture/jw1wtv5gykgjcq68",
        "coordinateSourceTitle": "上海图书馆历史建筑开放数据",
        "sourceAddress": "九江路36号",
        "locationNote": "此为来源目录门牌参考点，未独立测绘或核定建筑轮廓。",
        "wikipediaUrl": "https://zh.wikipedia.org/wiki/%E4%B8%AD%E5%8D%8E%E9%82%AE%E6%94%BF%E5%82%A8%E9%87%91%E6%B1%87%E4%B8%9A%E5%B1%80",
        "wikidataId": null,
        "historicalGeometryVerified": false
      }
    },
    {
      "type": "Feature",
      "id": "sh-fgj-2A046-01-address-reference",
      "geometry": {
        "type": "Point",
        "coordinates": [
          121.485071,
          31.235077
        ]
      },
      "properties": {
        "officialId": "sh-fgj-2A046-01",
        "wikipediaId": "wiki-heritage-t03-r0033",
        "batch": 2,
        "officialCodeRaw": "2A046",
        "name": "企业大楼",
        "articleTitle": "企业大楼",
        "address": "四川中路33号",
        "addressComparison": "exact",
        "coordinateScope": "address-reference-point",
        "coordinateSystem": "WGS84",
        "precisionDegrees": null,
        "origin": "shanghai-library",
        "sourceUrl": "https://data.library.sh.cn/entity/architecture/ldrouz6ejdhbjn6n",
        "coordinateSourceTitle": "上海图书馆历史建筑开放数据",
        "sourceAddress": "四川中路33号",
        "locationNote": "此为来源目录门牌参考点，未独立测绘或核定建筑轮廓。",
        "wikipediaUrl": "https://zh.wikipedia.org/wiki/%E4%BC%81%E4%B8%9A%E5%A4%A7%E6%A5%BC",
        "wikidataId": null,
        "historicalGeometryVerified": false
      }
    },
    {
      "type": "Feature",
      "id": "sh-fgj-2A047-01-address-reference",
      "geometry": {
        "type": "Point",
        "coordinates": [
          121.484445,
          31.236599
        ]
      },
      "properties": {
        "officialId": "sh-fgj-2A047-01",
        "wikipediaId": "wiki-heritage-t03-r0026",
        "batch": 2,
        "officialCodeRaw": "2A047",
        "name": "卜内门大楼",
        "articleTitle": "卜内门大楼",
        "address": "四川中路133号",
        "addressComparison": "exact",
        "coordinateScope": "address-reference-point",
        "coordinateSystem": "WGS84",
        "precisionDegrees": null,
        "origin": "shanghai-library",
        "sourceUrl": "https://data.library.sh.cn/entity/architecture/uczrbwid4tse7ise",
        "coordinateSourceTitle": "上海图书馆历史建筑开放数据",
        "sourceAddress": "四川中路133号",
        "locationNote": "此为来源目录门牌参考点，未独立测绘或核定建筑轮廓。",
        "wikipediaUrl": "https://zh.wikipedia.org/wiki/%E5%8D%9C%E5%86%85%E9%97%A8%E5%A4%A7%E6%A5%BC",
        "wikidataId": null,
        "historicalGeometryVerified": false
      }
    },
    {
      "type": "Feature",
      "id": "sh-fgj-2A048-01-address-reference",
      "geometry": {
        "type": "Point",
        "coordinates": [
          121.484315,
          31.238067
        ]
      },
      "properties": {
        "officialId": "sh-fgj-2A048-01",
        "wikipediaId": "wiki-heritage-t03-r0027",
        "batch": 2,
        "officialCodeRaw": "2A048",
        "name": "汇丰大楼",
        "articleTitle": "汇丰大楼",
        "address": "四川中路210-220号（双号）",
        "addressComparison": "different-as-listed",
        "coordinateScope": "building-complex-reference-point",
        "coordinateSystem": "WGS84",
        "precisionDegrees": null,
        "origin": "shanghai-library",
        "sourceUrl": "https://data.library.sh.cn/entity/architecture/2amsd6lsc6xsu17z",
        "coordinateSourceTitle": "上海图书馆历史建筑开放数据",
        "sourceAddress": "四川中路220号",
        "locationNote": "此为门址所在里弄、院落或建筑群参考点，未逐栋核定位置。 来源门址与官方写法有差异，原始门牌和对照理由均保留。",
        "wikipediaUrl": "https://zh.wikipedia.org/wiki/%E6%96%B0%E6%B1%87%E4%B8%B0%E5%A4%A7%E6%A5%BC",
        "wikidataId": null,
        "historicalGeometryVerified": false
      }
    },
    {
      "type": "Feature",
      "id": "sh-fgj-2A049-01-address-reference",
      "geometry": {
        "type": "Point",
        "coordinates": [
          121.48378,
          31.238893
        ]
      },
      "properties": {
        "officialId": "sh-fgj-2A049-01",
        "wikipediaId": "wiki-heritage-t03-r0025",
        "batch": 2,
        "officialCodeRaw": "2A049",
        "name": "四行储蓄会大楼",
        "articleTitle": "四行储蓄会大楼",
        "address": "四川中路261号",
        "addressComparison": "exact",
        "coordinateScope": "address-reference-point",
        "coordinateSystem": "WGS84",
        "precisionDegrees": null,
        "origin": "shanghai-library",
        "sourceUrl": "https://data.library.sh.cn/entity/architecture/1fnib2nv04ye5yl6",
        "coordinateSourceTitle": "上海图书馆历史建筑开放数据",
        "sourceAddress": "四川中路261号",
        "locationNote": "此为来源目录门牌参考点，未独立测绘或核定建筑轮廓。",
        "wikipediaUrl": "https://zh.wikipedia.org/wiki/%E5%9B%9B%E8%A1%8C%E5%84%B2%E8%93%84%E6%9C%83%E5%A4%A7%E6%A8%93_(%E4%B8%8A%E6%B5%B7)",
        "wikidataId": null,
        "historicalGeometryVerified": false
      }
    },
    {
      "type": "Feature",
      "id": "sh-fgj-2A051-01-address-reference",
      "geometry": {
        "type": "Point",
        "coordinates": [
          121.485216,
          31.234508
        ]
      },
      "properties": {
        "officialId": "sh-fgj-2A051-01",
        "wikipediaId": "wiki-heritage-t03-r0036",
        "batch": 2,
        "officialCodeRaw": "2A051",
        "name": "德士古大楼(会德丰大楼)",
        "articleTitle": "德士古大楼(会德丰大楼)",
        "address": "延安东路110号",
        "addressComparison": "exact",
        "coordinateScope": "address-reference-point",
        "coordinateSystem": "WGS84",
        "precisionDegrees": null,
        "origin": "shanghai-library",
        "sourceUrl": "https://data.library.sh.cn/entity/architecture/wohvgft06bs01ope",
        "coordinateSourceTitle": "上海图书馆历史建筑开放数据",
        "sourceAddress": "延安东路110号",
        "locationNote": "此为来源目录门牌参考点，未独立测绘或核定建筑轮廓。",
        "wikipediaUrl": "https://zh.wikipedia.org/wiki/%E5%BE%B7%E5%A3%AB%E5%8F%A4%E5%A4%A7%E6%A5%BC",
        "wikidataId": null,
        "historicalGeometryVerified": false
      }
    },
    {
      "type": "Feature",
      "id": "sh-fgj-2A053-01-address-reference",
      "geometry": {
        "type": "Point",
        "coordinates": [
          121.482844,
          31.23327
        ]
      },
      "properties": {
        "officialId": "sh-fgj-2A053-01",
        "wikipediaId": "wiki-heritage-t03-r0059",
        "batch": 2,
        "officialCodeRaw": "2A053",
        "name": "华商纱布交易所",
        "articleTitle": "华商纱布交易所",
        "address": "延安东路260号",
        "addressComparison": "exact",
        "coordinateScope": "address-reference-point",
        "coordinateSystem": "WGS84",
        "precisionDegrees": null,
        "origin": "shanghai-library",
        "sourceUrl": "https://data.library.sh.cn/entity/architecture/t8ga0klaem45bn51",
        "coordinateSourceTitle": "上海图书馆历史建筑开放数据",
        "sourceAddress": "延安东路260号",
        "locationNote": "此为来源目录门牌参考点，未独立测绘或核定建筑轮廓。",
        "wikipediaUrl": "https://zh.wikipedia.org/wiki/%E4%B8%8A%E6%B5%B7%E5%8D%8E%E5%95%86%E7%BA%B1%E5%B8%83%E4%BA%A4%E6%98%93%E6%89%80",
        "wikidataId": null,
        "historicalGeometryVerified": false
      }
    },
    {
      "type": "Feature",
      "id": "sh-fgj-2A054-01-address-reference",
      "geometry": {
        "type": "Point",
        "coordinates": [
          121.476736,
          31.228119
        ]
      },
      "properties": {
        "officialId": "sh-fgj-2A054-01",
        "wikipediaId": "wiki-heritage-t03-r0074",
        "batch": 2,
        "officialCodeRaw": "2A054",
        "name": "中法学堂",
        "articleTitle": "中法学堂",
        "address": "淮海东路70号",
        "addressComparison": "exact",
        "coordinateScope": "building-complex-reference-point",
        "coordinateSystem": "WGS84",
        "precisionDegrees": null,
        "origin": "shanghai-library",
        "sourceUrl": "https://data.library.sh.cn/entity/architecture/qsleb2vdpo481qra",
        "coordinateSourceTitle": "上海图书馆历史建筑开放数据",
        "sourceAddress": "淮海东路70号",
        "locationNote": "此为门址所在里弄、院落或建筑群参考点，未逐栋核定位置。",
        "wikipediaUrl": "https://zh.wikipedia.org/wiki/%E4%B8%8A%E6%B5%B7%E5%B8%82%E5%85%89%E6%98%8E%E4%B8%AD%E5%AD%A6",
        "wikidataId": null,
        "historicalGeometryVerified": false
      }
    },
    {
      "type": "Feature",
      "id": "sh-fgj-2A055-01-address-reference",
      "geometry": {
        "type": "Point",
        "coordinates": [
          121.484295,
          31.237409
        ]
      },
      "properties": {
        "officialId": "sh-fgj-2A055-01",
        "wikipediaId": "wiki-heritage-t03-r0179",
        "batch": 2,
        "officialCodeRaw": "2A055",
        "name": "三井洋行",
        "articleTitle": "三井洋行",
        "address": "四川中路185号",
        "addressComparison": "different-as-listed",
        "coordinateScope": "building-complex-reference-point",
        "coordinateSystem": "WGS84",
        "precisionDegrees": null,
        "origin": "shanghai-library",
        "sourceUrl": "https://data.library.sh.cn/entity/architecture/21eot70gjbry8z0l",
        "coordinateSourceTitle": "上海图书馆历史建筑开放数据",
        "sourceAddress": "四川中路175号",
        "locationNote": "此为门址所在里弄、院落或建筑群参考点，未逐栋核定位置。 来源门址与官方写法有差异，原始门牌和对照理由均保留。",
        "wikipediaUrl": "https://zh.wikipedia.org/wiki/%E4%B8%89%E4%BA%95%E6%B4%8B%E8%A1%8C%E5%A4%A7%E6%A8%93",
        "wikidataId": null,
        "historicalGeometryVerified": false
      }
    },
    {
      "type": "Feature",
      "id": "sh-fgj-2A058-01-address-reference",
      "geometry": {
        "type": "Point",
        "coordinates": [
          121.490754,
          31.215554
        ]
      },
      "properties": {
        "officialId": "sh-fgj-2A058-01",
        "wikipediaId": "wiki-heritage-t03-r0079",
        "batch": 2,
        "officialCodeRaw": "2A058 (2E003)",
        "name": "清心堂",
        "articleTitle": "清心堂",
        "address": "大昌街30号",
        "addressComparison": "exact",
        "coordinateScope": "address-reference-point",
        "coordinateSystem": "WGS84",
        "precisionDegrees": null,
        "origin": "shanghai-library",
        "sourceUrl": "https://data.library.sh.cn/entity/architecture/qdulu2sikf1vnkfd",
        "coordinateSourceTitle": "上海图书馆历史建筑开放数据",
        "sourceAddress": "大昌街30号",
        "locationNote": "此为来源目录门牌参考点，未独立测绘或核定建筑轮廓。",
        "wikipediaUrl": "https://zh.wikipedia.org/wiki/%E6%B8%85%E5%BF%83%E5%A0%82",
        "wikidataId": null,
        "historicalGeometryVerified": false
      }
    },
    {
      "type": "Feature",
      "id": "sh-fgj-2C001-01-address-reference",
      "geometry": {
        "type": "Point",
        "coordinates": [
          121.468344,
          31.224229
        ]
      },
      "properties": {
        "officialId": "sh-fgj-2C001-01",
        "wikipediaId": "wiki-heritage-t03-r0039",
        "batch": 2,
        "officialCodeRaw": "2C001",
        "name": "法公董局",
        "articleTitle": "法公董局",
        "address": "淮海中路381号",
        "addressComparison": "different-as-listed",
        "coordinateScope": "building-complex-reference-point",
        "coordinateSystem": "WGS84",
        "precisionDegrees": null,
        "origin": "shanghai-library",
        "sourceUrl": "https://data.library.sh.cn/entity/architecture/a60v0ene0uvshpac",
        "coordinateSourceTitle": "上海图书馆历史建筑开放数据",
        "sourceAddress": "淮海中路375号",
        "locationNote": "此为门址所在里弄、院落或建筑群参考点，未逐栋核定位置。 来源门址与官方写法有差异，原始门牌和对照理由均保留。",
        "wikipediaUrl": "https://zh.wikipedia.org/wiki/%E4%B8%8A%E6%B5%B7%E6%B3%95%E7%A7%9F%E7%95%8C%E5%85%AC%E8%91%A3%E5%B1%80",
        "wikidataId": null,
        "historicalGeometryVerified": false
      }
    },
    {
      "type": "Feature",
      "id": "sh-fgj-2C002-01-address-reference",
      "geometry": {
        "type": "Point",
        "coordinates": [
          121.466492,
          31.223492
        ]
      },
      "properties": {
        "officialId": "sh-fgj-2C002-01",
        "wikipediaId": "wiki-heritage-t03-r0136",
        "batch": 2,
        "officialCodeRaw": "2C002",
        "name": "培文公寓",
        "articleTitle": "培文公寓",
        "address": "淮海中路449号",
        "addressComparison": "exact",
        "coordinateScope": "building-complex-reference-point",
        "coordinateSystem": "WGS84",
        "precisionDegrees": null,
        "origin": "shanghai-library",
        "sourceUrl": "https://data.library.sh.cn/entity/architecture/un7l2fts7gnk0ta5",
        "coordinateSourceTitle": "上海图书馆历史建筑开放数据",
        "sourceAddress": "淮海中路449-479号",
        "locationNote": "此为门址所在里弄、院落或建筑群参考点，未逐栋核定位置。 来源门址与官方写法有差异，原始门牌和对照理由均保留。",
        "wikipediaUrl": "https://zh.wikipedia.org/wiki/%E5%9F%B9%E6%81%A9%E5%85%AC%E5%AF%93",
        "wikidataId": null,
        "historicalGeometryVerified": false
      }
    },
    {
      "type": "Feature",
      "id": "sh-fgj-2C003-01-address-reference",
      "geometry": {
        "type": "Point",
        "coordinates": [
          121.46539,
          31.223105
        ]
      },
      "properties": {
        "officialId": "sh-fgj-2C003-01",
        "wikipediaId": "wiki-heritage-t03-r0155",
        "batch": 2,
        "officialCodeRaw": "2C003",
        "name": "永业大楼",
        "articleTitle": "永业大楼",
        "address": "淮海中路481-501号（单号），雁荡路2-34号（双号）",
        "addressComparison": "different-as-listed",
        "coordinateScope": "building-complex-reference-point",
        "coordinateSystem": "WGS84",
        "precisionDegrees": null,
        "origin": "shanghai-library",
        "sourceUrl": "https://data.library.sh.cn/entity/architecture/7uy8t77giamnnn52",
        "coordinateSourceTitle": "上海图书馆历史建筑开放数据",
        "sourceAddress": "淮海中路481号",
        "locationNote": "此为门址所在里弄、院落或建筑群参考点，未逐栋核定位置。 来源门址与官方写法有差异，原始门牌和对照理由均保留。",
        "wikipediaUrl": "https://zh.wikipedia.org/zh-hans/上海市优秀历史建筑",
        "wikidataId": null,
        "historicalGeometryVerified": false
      }
    },
    {
      "type": "Feature",
      "id": "sh-fgj-2C005-01-address-reference",
      "geometry": {
        "type": "Point",
        "coordinates": [
          121.455413,
          31.22171
        ]
      },
      "properties": {
        "officialId": "sh-fgj-2C005-01",
        "wikipediaId": "wiki-heritage-t03-r0006",
        "batch": 2,
        "officialCodeRaw": "2C005",
        "name": "法国总会",
        "articleTitle": "法国总会",
        "address": "茂名南路58号",
        "addressComparison": "exact",
        "coordinateScope": "building-complex-reference-point",
        "coordinateSystem": "WGS84",
        "precisionDegrees": null,
        "origin": "shanghai-library",
        "sourceUrl": "https://data.library.sh.cn/entity/architecture/mmwlfr4kvzftzl4h",
        "coordinateSourceTitle": "上海图书馆历史建筑开放数据",
        "sourceAddress": "茂名南路58号",
        "locationNote": "此为门址所在里弄、院落或建筑群参考点，未逐栋核定位置。",
        "wikipediaUrl": "https://zh.wikipedia.org/wiki/%E8%8A%B1%E5%9B%AD%E9%A5%AD%E5%BA%97",
        "wikidataId": null,
        "historicalGeometryVerified": false
      }
    },
    {
      "type": "Feature",
      "id": "sh-fgj-2C007-01-address-reference",
      "geometry": {
        "type": "Point",
        "coordinates": [
          121.457168,
          31.218625
        ]
      },
      "properties": {
        "officialId": "sh-fgj-2C007-01",
        "wikipediaId": "wiki-heritage-t03-r0139",
        "batch": 2,
        "officialCodeRaw": "2C007",
        "name": "ASTRID公寓",
        "articleTitle": "ASTRID公寓",
        "address": "茂名南路143号",
        "addressComparison": "exact",
        "coordinateScope": "address-reference-point",
        "coordinateSystem": "WGS84",
        "precisionDegrees": null,
        "origin": "shanghai-library",
        "sourceUrl": "https://data.library.sh.cn/entity/architecture/7r3nmyume8ciavzo",
        "coordinateSourceTitle": "上海图书馆历史建筑开放数据",
        "sourceAddress": "茂名南路143号、151号",
        "locationNote": "此为来源目录门牌参考点，未独立测绘或核定建筑轮廓。 来源门址与官方写法有差异，原始门牌和对照理由均保留。",
        "wikipediaUrl": "https://zh.wikipedia.org/wiki/%E5%8D%97%E6%98%8C%E5%A4%A7%E6%A5%BC",
        "wikidataId": null,
        "historicalGeometryVerified": false
      }
    },
    {
      "type": "Feature",
      "id": "sh-fgj-2C009-01-address-reference",
      "geometry": {
        "type": "Point",
        "coordinates": [
          121.453277,
          31.222209
        ]
      },
      "properties": {
        "officialId": "sh-fgj-2C009-01",
        "wikipediaId": "wiki-heritage-t03-r0097",
        "batch": 2,
        "officialCodeRaw": "2C009",
        "name": "梵尔登花园",
        "articleTitle": "梵尔登花园",
        "address": "陕西南路39弄（1-103号），长乐路197-247（单号）",
        "addressComparison": "different-as-listed",
        "coordinateScope": "building-complex-reference-point",
        "coordinateSystem": "WGS84",
        "precisionDegrees": null,
        "origin": "shanghai-library",
        "sourceUrl": "https://data.library.sh.cn/entity/architecture/wyc28hqjou27c33m",
        "coordinateSourceTitle": "上海图书馆历史建筑开放数据",
        "sourceAddress": "陕西南路39-45弄",
        "locationNote": "此为门址所在里弄、院落或建筑群参考点，未逐栋核定位置。 来源门址与官方写法有差异，原始门牌和对照理由均保留。",
        "wikipediaUrl": "https://zh.wikipedia.org/wiki/%E9%95%BF%E4%B9%90%E6%9D%91_(%E4%B8%8A%E6%B5%B7)",
        "wikidataId": null,
        "historicalGeometryVerified": false
      }
    },
    {
      "type": "Feature",
      "id": "sh-fgj-2C010-01-address-reference",
      "geometry": {
        "type": "Point",
        "coordinates": [
          121.456306,
          31.215696
        ]
      },
      "properties": {
        "officialId": "sh-fgj-2C010-01",
        "wikipediaId": "wiki-heritage-t03-r0100",
        "batch": 2,
        "officialCodeRaw": "2C010",
        "name": "陕南村",
        "articleTitle": "陕南村",
        "address": "陕西南路157-187号",
        "addressComparison": "different-as-listed",
        "coordinateScope": "building-complex-reference-point",
        "coordinateSystem": "WGS84",
        "precisionDegrees": null,
        "origin": "shanghai-library",
        "sourceUrl": "https://data.library.sh.cn/entity/architecture/yw7om0xrfmzi72yk",
        "coordinateSourceTitle": "上海图书馆历史建筑开放数据",
        "sourceAddress": "陕西南路151-187号",
        "locationNote": "此为门址所在里弄、院落或建筑群参考点，未逐栋核定位置。 来源门址与官方写法有差异，原始门牌和对照理由均保留。",
        "wikipediaUrl": "https://zh.wikipedia.org/wiki/%E9%99%95%E5%8D%97%E6%9D%91",
        "wikidataId": null,
        "historicalGeometryVerified": false
      }
    },
    {
      "type": "Feature",
      "id": "sh-fgj-2B001-01-address-reference",
      "geometry": {
        "type": "Point",
        "coordinates": [
          121.459363,
          31.233012
        ]
      },
      "properties": {
        "officialId": "sh-fgj-2B001-01",
        "wikipediaId": "wiki-heritage-t03-r0007",
        "batch": 2,
        "officialCodeRaw": "2B001",
        "name": "犹太人总会/黄河皮鞋店",
        "articleTitle": "犹太人总会/黄河皮鞋店",
        "address": "南京西路722号/南京西路702号",
        "addressComparison": "exact",
        "coordinateScope": "building-complex-reference-point",
        "coordinateSystem": "WGS84",
        "precisionDegrees": null,
        "origin": "shanghai-library",
        "sourceUrl": "https://data.library.sh.cn/entity/architecture/eykqs8xvl5wmzyma",
        "coordinateSourceTitle": "上海图书馆历史建筑开放数据",
        "sourceAddress": "南京西路722号,南京西路702号",
        "locationNote": "此为门址所在里弄、院落或建筑群参考点，未逐栋核定位置。 来源门址与官方写法有差异，原始门牌和对照理由均保留。",
        "wikipediaUrl": "https://zh.wikipedia.org/wiki/%E4%B8%8A%E6%B5%B7%E7%8A%B9%E5%A4%AA%E4%BA%BA%E6%80%BB%E4%BC%9A",
        "wikidataId": null,
        "historicalGeometryVerified": false
      }
    },
    {
      "type": "Feature",
      "id": "sh-fgj-2B002-01-address-reference",
      "geometry": {
        "type": "Point",
        "coordinates": [
          121.457147,
          31.232964
        ]
      },
      "properties": {
        "officialId": "sh-fgj-2B002-01",
        "wikipediaId": "wiki-heritage-t03-r0137",
        "batch": 2,
        "officialCodeRaw": "2B002",
        "name": "德义大楼",
        "articleTitle": "德义大楼",
        "address": "南京西路778号",
        "addressComparison": "exact",
        "coordinateScope": "address-reference-point",
        "coordinateSystem": "WGS84",
        "precisionDegrees": null,
        "origin": "shanghai-library",
        "sourceUrl": "https://data.library.sh.cn/entity/architecture/dqhq553czucwt4og",
        "coordinateSourceTitle": "上海图书馆历史建筑开放数据",
        "sourceAddress": "南京西路778号",
        "locationNote": "此为来源目录门牌参考点，未独立测绘或核定建筑轮廓。",
        "wikipediaUrl": "https://zh.wikipedia.org/wiki/%E5%BE%B7%E4%B9%89%E5%A4%A7%E6%A5%BC",
        "wikidataId": null,
        "historicalGeometryVerified": false
      }
    },
    {
      "type": "Feature",
      "id": "sh-fgj-2B004-01-address-reference",
      "geometry": {
        "type": "Point",
        "coordinates": [
          121.454368,
          31.232112
        ]
      },
      "properties": {
        "officialId": "sh-fgj-2B004-01",
        "wikipediaId": "wiki-heritage-t03-r0135",
        "batch": 2,
        "officialCodeRaw": "2B004",
        "name": "MEDHURST大楼",
        "articleTitle": "MEDHURST大楼",
        "address": "南京西路934号",
        "addressComparison": "exact",
        "coordinateScope": "address-reference-point",
        "coordinateSystem": "WGS84",
        "precisionDegrees": null,
        "origin": "shanghai-library",
        "sourceUrl": "https://data.library.sh.cn/entity/architecture/gemjyjr0xyjft7ya",
        "coordinateSourceTitle": "上海图书馆历史建筑开放数据",
        "sourceAddress": "南京西路934号",
        "locationNote": "此为来源目录门牌参考点，未独立测绘或核定建筑轮廓。",
        "wikipediaUrl": "https://zh.wikipedia.org/wiki/%E6%B3%B0%E5%85%B4%E5%A4%A7%E6%A5%BC",
        "wikidataId": null,
        "historicalGeometryVerified": false
      }
    },
    {
      "type": "Feature",
      "id": "sh-fgj-2B005-01-address-reference",
      "geometry": {
        "type": "Point",
        "coordinates": [
          121.454462,
          31.229002
        ]
      },
      "properties": {
        "officialId": "sh-fgj-2B005-01",
        "wikipediaId": "wiki-heritage-t03-r0092",
        "batch": 2,
        "officialCodeRaw": "2B005",
        "name": "静安别墅",
        "articleTitle": "静安别墅",
        "address": "南京西路1025弄",
        "addressComparison": "exact",
        "coordinateScope": "building-complex-reference-point",
        "coordinateSystem": "WGS84",
        "precisionDegrees": null,
        "origin": "shanghai-library",
        "sourceUrl": "https://data.library.sh.cn/entity/architecture/ntzw3megdqvc3r65",
        "coordinateSourceTitle": "上海图书馆历史建筑开放数据",
        "sourceAddress": "南京西路1025弄",
        "locationNote": "此为门址所在里弄、院落或建筑群参考点，未逐栋核定位置。",
        "wikipediaUrl": "https://zh.wikipedia.org/wiki/%E9%9D%99%E5%AE%89%E5%88%AB%E5%A2%85",
        "wikidataId": null,
        "historicalGeometryVerified": false
      }
    },
    {
      "type": "Feature",
      "id": "sh-fgj-2B006-01-address-reference",
      "geometry": {
        "type": "Point",
        "coordinates": [
          121.446021,
          31.22766
        ]
      },
      "properties": {
        "officialId": "sh-fgj-2B006-01",
        "wikipediaId": "wiki-heritage-t03-r0116",
        "batch": 2,
        "officialCodeRaw": "2B006",
        "name": "花园住宅",
        "articleTitle": "南京西路1418号 市政府外事办公室",
        "address": "南京西路1418号",
        "addressComparison": "exact",
        "coordinateScope": "address-reference-point",
        "coordinateSystem": "WGS84",
        "precisionDegrees": null,
        "origin": "shanghai-library",
        "sourceUrl": "https://data.library.sh.cn/entity/architecture/exkkoexbiqk3ynwk",
        "coordinateSourceTitle": "上海图书馆历史建筑开放数据",
        "sourceAddress": "南京西路1418号",
        "locationNote": "此为来源目录门牌参考点，未独立测绘或核定建筑轮廓。",
        "wikipediaUrl": "https://zh.wikipedia.org/wiki/%E5%8D%97%E4%BA%AC%E8%A5%BF%E8%B7%AF1418%E5%8F%B7%E9%83%AD%E6%B0%8F%E5%85%84%E5%BC%9F%E6%A5%BC",
        "wikidataId": null,
        "historicalGeometryVerified": false
      }
    },
    {
      "type": "Feature",
      "id": "sh-fgj-2B007-01-address-reference",
      "geometry": {
        "type": "Point",
        "coordinates": [
          121.44937,
          31.224555
        ]
      },
      "properties": {
        "officialId": "sh-fgj-2B007-01",
        "wikipediaId": "wiki-heritage-t03-r0093",
        "batch": 2,
        "officialCodeRaw": "2B007",
        "name": "模范村",
        "articleTitle": "模范村",
        "address": "延安中路877号",
        "addressComparison": "different-as-listed",
        "coordinateScope": "building-complex-reference-point",
        "coordinateSystem": "WGS84",
        "precisionDegrees": null,
        "origin": "shanghai-library",
        "sourceUrl": "https://data.library.sh.cn/entity/architecture/dtws5t88vr163ebk",
        "coordinateSourceTitle": "上海图书馆历史建筑开放数据",
        "sourceAddress": "延安中路877弄",
        "locationNote": "此为门址所在里弄、院落或建筑群参考点，未逐栋核定位置。 来源门址与官方写法有差异，原始门牌和对照理由均保留。",
        "wikipediaUrl": "https://zh.wikipedia.org/zh-hans/上海市优秀历史建筑",
        "wikidataId": null,
        "historicalGeometryVerified": false
      }
    },
    {
      "type": "Feature",
      "id": "sh-fgj-2B009-01-address-reference",
      "geometry": {
        "type": "Point",
        "coordinates": [
          121.436613,
          31.221543
        ]
      },
      "properties": {
        "officialId": "sh-fgj-2B009-01",
        "wikipediaId": "wiki-heritage-t03-r0180",
        "batch": 2,
        "officialCodeRaw": "2B009",
        "name": "意大利总会",
        "articleTitle": "意大利总会",
        "address": "延安西路238号",
        "addressComparison": "exact",
        "coordinateScope": "address-reference-point",
        "coordinateSystem": "WGS84",
        "precisionDegrees": null,
        "origin": "shanghai-library",
        "sourceUrl": "https://data.library.sh.cn/entity/architecture/uegi3npjhxzbpg31",
        "coordinateSourceTitle": "上海图书馆历史建筑开放数据",
        "sourceAddress": "延安西路238号",
        "locationNote": "此为来源目录门牌参考点，未独立测绘或核定建筑轮廓。",
        "wikipediaUrl": "https://zh.wikipedia.org/wiki/%E4%B8%8A%E6%B5%B7%E6%84%8F%E5%A4%A7%E5%88%A9%E6%80%BB%E4%BC%9A",
        "wikidataId": null,
        "historicalGeometryVerified": false
      }
    },
    {
      "type": "Feature",
      "id": "sh-fgj-2B010-01-address-reference",
      "geometry": {
        "type": "Point",
        "coordinates": [
          121.439604,
          31.225447
        ]
      },
      "properties": {
        "officialId": "sh-fgj-2B010-01",
        "wikipediaId": "wiki-heritage-t03-r0009",
        "batch": 2,
        "officialCodeRaw": "2B010",
        "name": "百乐门舞厅",
        "articleTitle": "百乐门舞厅",
        "address": "愚园路218号",
        "addressComparison": "exact",
        "coordinateScope": "address-reference-point",
        "coordinateSystem": "WGS84",
        "precisionDegrees": null,
        "origin": "shanghai-library",
        "sourceUrl": "https://data.library.sh.cn/entity/architecture/c3sez6dzgrm70rpe",
        "coordinateSourceTitle": "上海图书馆历史建筑开放数据",
        "sourceAddress": "愚园路218号",
        "locationNote": "此为来源目录门牌参考点，未独立测绘或核定建筑轮廓。",
        "wikipediaUrl": "https://zh.wikipedia.org/wiki/%E7%99%BE%E4%B9%90%E9%97%A8%E8%88%9E%E5%8E%85",
        "wikidataId": null,
        "historicalGeometryVerified": false
      }
    },
    {
      "type": "Feature",
      "id": "sh-fgj-2B011-01-address-reference",
      "geometry": {
        "type": "Point",
        "coordinates": [
          121.437608,
          31.223702
        ]
      },
      "properties": {
        "officialId": "sh-fgj-2B011-01",
        "wikipediaId": "wiki-heritage-t03-r0091",
        "batch": 2,
        "officialCodeRaw": "2B011",
        "name": "愚谷村",
        "articleTitle": "愚谷村",
        "address": "愚园路361弄",
        "addressComparison": "exact",
        "coordinateScope": "building-complex-reference-point",
        "coordinateSystem": "WGS84",
        "precisionDegrees": null,
        "origin": "shanghai-library",
        "sourceUrl": "https://data.library.sh.cn/entity/architecture/0r0evzxokqvzxqg3",
        "coordinateSourceTitle": "上海图书馆历史建筑开放数据",
        "sourceAddress": "愚园路361弄",
        "locationNote": "此为门址所在里弄、院落或建筑群参考点，未逐栋核定位置。",
        "wikipediaUrl": "https://zh.wikipedia.org/wiki/%E6%84%9A%E8%B0%B7%E6%9D%91",
        "wikidataId": null,
        "historicalGeometryVerified": false
      }
    },
    {
      "type": "Feature",
      "id": "sh-fgj-2B012-01-address-reference",
      "geometry": {
        "type": "Point",
        "coordinates": [
          121.452246,
          31.227309
        ]
      },
      "properties": {
        "officialId": "sh-fgj-2B012-01",
        "wikipediaId": "wiki-heritage-t03-r0160",
        "batch": 2,
        "officialCodeRaw": "2B012*",
        "name": "住宅",
        "articleTitle": "陕西北路80号 住宅",
        "address": "陕西北路80号",
        "addressComparison": "exact",
        "coordinateScope": "building-complex-reference-point",
        "coordinateSystem": "WGS84",
        "precisionDegrees": null,
        "origin": "shanghai-library",
        "sourceUrl": "https://data.library.sh.cn/entity/architecture/4x2dsdna5j3cv78m",
        "coordinateSourceTitle": "上海图书馆历史建筑开放数据",
        "sourceAddress": "陕西北路80号",
        "locationNote": "此为门址所在里弄、院落或建筑群参考点，未逐栋核定位置。 官方名录已注明灭失；点位仅作原门址参考，不表示建筑仍存在。 同址有多个保护项，分别保留记录；共用门址点不能区分各楼栋。 图书馆同址多个实体使用同一点，尚未区分具体楼栋；仅作共用门址参考，不采用其中任一楼名。",
        "wikipediaUrl": "https://zh.wikipedia.org/zh-hans/上海市优秀历史建筑",
        "wikidataId": null,
        "historicalGeometryVerified": false
      }
    },
    {
      "type": "Feature",
      "id": "sh-fgj-2B013-01-address-reference",
      "geometry": {
        "type": "Point",
        "coordinates": [
          121.448588,
          31.231191
        ]
      },
      "properties": {
        "officialId": "sh-fgj-2B013-01",
        "wikipediaId": "wiki-heritage-t03-r0082",
        "batch": 2,
        "officialCodeRaw": "2B013",
        "name": "怀恩堂",
        "articleTitle": "怀恩堂",
        "address": "陕西北路375号",
        "addressComparison": "exact",
        "coordinateScope": "address-reference-point",
        "coordinateSystem": "WGS84",
        "precisionDegrees": null,
        "origin": "shanghai-library",
        "sourceUrl": "https://data.library.sh.cn/entity/architecture/c3361012vt23cyh0",
        "coordinateSourceTitle": "上海图书馆历史建筑开放数据",
        "sourceAddress": "陕西北路375号",
        "locationNote": "此为来源目录门牌参考点，未独立测绘或核定建筑轮廓。",
        "wikipediaUrl": "https://zh.wikipedia.org/wiki/%E6%80%80%E6%81%A9%E5%A0%82_(%E4%B8%8A%E6%B5%B7)",
        "wikidataId": null,
        "historicalGeometryVerified": false
      }
    },
    {
      "type": "Feature",
      "id": "sh-fgj-2B015-01-address-reference",
      "geometry": {
        "type": "Point",
        "coordinates": [
          121.444626,
          31.229769
        ]
      },
      "properties": {
        "officialId": "sh-fgj-2B015-01",
        "wikipediaId": "wiki-heritage-t03-r0118",
        "batch": 2,
        "officialCodeRaw": "2B015",
        "name": "花园住宅",
        "articleTitle": "铜仁路333号 恒豪国际贸易上海公司",
        "address": "铜仁路333号",
        "addressComparison": "exact",
        "coordinateScope": "address-reference-point",
        "coordinateSystem": "WGS84",
        "precisionDegrees": null,
        "origin": "shanghai-library",
        "sourceUrl": "https://data.library.sh.cn/entity/architecture/wjr55ie10irmmrxd",
        "coordinateSourceTitle": "上海图书馆历史建筑开放数据",
        "sourceAddress": "铜仁路333号",
        "locationNote": "此为来源目录门牌参考点，未独立测绘或核定建筑轮廓。",
        "wikipediaUrl": "https://zh.wikipedia.org/wiki/%E5%90%B4%E5%90%8C%E6%96%87%E4%BD%8F%E5%AE%85",
        "wikidataId": null,
        "historicalGeometryVerified": false
      }
    },
    {
      "type": "Feature",
      "id": "sh-fgj-2B016-01-address-reference",
      "geometry": {
        "type": "Point",
        "coordinates": [
          121.44579,
          31.230353
        ]
      },
      "properties": {
        "officialId": "sh-fgj-2B016-01",
        "wikipediaId": "wiki-heritage-t03-r0119",
        "batch": 2,
        "officialCodeRaw": "2B016",
        "name": "花园住宅",
        "articleTitle": "北京西路1301号 中信公司",
        "address": "北京西路1301号",
        "addressComparison": "exact",
        "coordinateScope": "address-reference-point",
        "coordinateSystem": "WGS84",
        "precisionDegrees": null,
        "origin": "shanghai-library",
        "sourceUrl": "https://data.library.sh.cn/entity/architecture/ge4bb0mdy0ygi4ld",
        "coordinateSourceTitle": "上海图书馆历史建筑开放数据",
        "sourceAddress": "北京西路1301号",
        "locationNote": "此为来源目录门牌参考点，未独立测绘或核定建筑轮廓。",
        "wikipediaUrl": "https://zh.wikipedia.org/wiki/%E8%B4%9D%E8%BD%A9%E5%A4%A7%E5%85%AC%E9%A6%86",
        "wikidataId": null,
        "historicalGeometryVerified": false
      }
    },
    {
      "type": "Feature",
      "id": "sh-fgj-2B017-01-address-reference",
      "geometry": {
        "type": "Point",
        "coordinates": [
          121.441442,
          31.221947
        ]
      },
      "properties": {
        "officialId": "sh-fgj-2B017-01",
        "wikipediaId": "wiki-heritage-t03-r0095",
        "batch": 2,
        "officialCodeRaw": "2B017",
        "name": "大胜胡同",
        "articleTitle": "大胜胡同",
        "address": "华山路229-285弄",
        "addressComparison": "formatting-only",
        "coordinateScope": "building-complex-reference-point",
        "coordinateSystem": "WGS84",
        "precisionDegrees": null,
        "origin": "shanghai-library",
        "sourceUrl": "https://data.library.sh.cn/entity/architecture/2qnqpkqrnvnhgetk",
        "coordinateSourceTitle": "上海图书馆历史建筑开放数据",
        "sourceAddress": "华山路229-285弄",
        "locationNote": "此为门址所在里弄、院落或建筑群参考点，未逐栋核定位置。",
        "wikipediaUrl": "https://zh.wikipedia.org/wiki/%E5%A4%A7%E8%83%9C%E8%83%A1%E5%90%8C",
        "wikidataId": null,
        "historicalGeometryVerified": false
      }
    },
    {
      "type": "Feature",
      "id": "sh-fgj-2B018-01-address-reference",
      "geometry": {
        "type": "Point",
        "coordinates": [
          121.441054,
          31.219859
        ]
      },
      "properties": {
        "officialId": "sh-fgj-2B018-01",
        "wikipediaId": "wiki-heritage-t03-r0148",
        "batch": 2,
        "officialCodeRaw": "2B018",
        "name": "海格大楼",
        "articleTitle": "海格大楼",
        "address": "华山路400号",
        "addressComparison": "different-as-listed",
        "coordinateScope": "address-reference-point",
        "coordinateSystem": "WGS84",
        "precisionDegrees": null,
        "origin": "shanghai-library",
        "sourceUrl": "https://data.library.sh.cn/entity/architecture/ylu5yyck1p0q3moe",
        "coordinateSourceTitle": "上海图书馆历史建筑开放数据",
        "sourceAddress": "华山路370号",
        "locationNote": "此为来源目录门牌参考点，未独立测绘或核定建筑轮廓。 来源门址与官方写法有差异，原始门牌和对照理由均保留。",
        "wikipediaUrl": "https://zh.wikipedia.org/zh-hans/上海市优秀历史建筑",
        "wikidataId": null,
        "historicalGeometryVerified": false
      }
    },
    {
      "type": "Feature",
      "id": "sh-fgj-2B019-01-address-reference",
      "geometry": {
        "type": "Point",
        "coordinates": [
          121.436163,
          31.218558
        ]
      },
      "properties": {
        "officialId": "sh-fgj-2B019-01",
        "wikipediaId": "wiki-heritage-t03-r0073",
        "batch": 2,
        "officialCodeRaw": "2B019",
        "name": "美国学校",
        "articleTitle": "美国学校",
        "address": "华山路643号/华山路639号",
        "addressComparison": "exact",
        "coordinateScope": "building-complex-reference-point",
        "coordinateSystem": "WGS84",
        "precisionDegrees": null,
        "origin": "shanghai-library",
        "sourceUrl": "https://data.library.sh.cn/entity/architecture/z2wknyfhyalqarld",
        "coordinateSourceTitle": "上海图书馆历史建筑开放数据",
        "sourceAddress": "华山路639、643号",
        "locationNote": "此为门址所在里弄、院落或建筑群参考点，未逐栋核定位置。 来源门址与官方写法有差异，原始门牌和对照理由均保留。",
        "wikipediaUrl": "https://zh.wikipedia.org/zh-hans/上海市优秀历史建筑",
        "wikidataId": null,
        "historicalGeometryVerified": false
      }
    },
    {
      "type": "Feature",
      "id": "sh-fgj-2B021-01-address-reference",
      "geometry": {
        "type": "Point",
        "coordinates": [
          121.444803,
          31.221982
        ]
      },
      "properties": {
        "officialId": "sh-fgj-2B021-01",
        "wikipediaId": "wiki-heritage-t03-r0094",
        "batch": 2,
        "officialCodeRaw": "2B021",
        "name": "景华新邨",
        "articleTitle": "景华新邨",
        "address": "巨鹿路820弄（1-51号），巨鹿路800-818号、822-836号（双号）",
        "addressComparison": "different-as-listed",
        "coordinateScope": "building-complex-reference-point",
        "coordinateSystem": "WGS84",
        "precisionDegrees": null,
        "origin": "shanghai-library",
        "sourceUrl": "https://data.library.sh.cn/entity/architecture/vsscvyqmdguynm5k",
        "coordinateSourceTitle": "上海图书馆历史建筑开放数据",
        "sourceAddress": "巨鹿路820弄、804-836号",
        "locationNote": "此为门址所在里弄、院落或建筑群参考点，未逐栋核定位置。 来源门址与官方写法有差异，原始门牌和对照理由均保留。",
        "wikipediaUrl": "https://zh.wikipedia.org/wiki/%E6%99%AF%E5%8D%8E%E6%96%B0%E6%9D%91",
        "wikidataId": null,
        "historicalGeometryVerified": false
      }
    },
    {
      "type": "Feature",
      "id": "sh-fgj-2B022-01-address-reference",
      "geometry": {
        "type": "Point",
        "coordinates": [
          121.443041,
          31.22665
        ]
      },
      "properties": {
        "officialId": "sh-fgj-2B022-01",
        "wikipediaId": "wiki-heritage-t03-r0133",
        "batch": 2,
        "officialCodeRaw": "2B022",
        "name": "爱登公寓",
        "articleTitle": "爱登公寓",
        "address": "常德路195号",
        "addressComparison": "exact",
        "coordinateScope": "address-reference-point",
        "coordinateSystem": "WGS84",
        "precisionDegrees": null,
        "origin": "shanghai-library",
        "sourceUrl": "https://data.library.sh.cn/entity/architecture/mjgvhdblpic52u22",
        "coordinateSourceTitle": "上海图书馆历史建筑开放数据",
        "sourceAddress": "常德路195号",
        "locationNote": "此为来源目录门牌参考点，未独立测绘或核定建筑轮廓。",
        "wikipediaUrl": "https://zh.wikipedia.org/wiki/%E5%B8%B8%E5%BE%B7%E5%85%AC%E5%AF%93",
        "wikidataId": null,
        "historicalGeometryVerified": false
      }
    },
    {
      "type": "Feature",
      "id": "sh-fgj-2B023-01-address-reference",
      "geometry": {
        "type": "Point",
        "coordinates": [
          121.447299,
          31.231489
        ]
      },
      "properties": {
        "officialId": "sh-fgj-2B023-01",
        "wikipediaId": "wiki-heritage-t03-r0132",
        "batch": 2,
        "officialCodeRaw": "2B023",
        "name": "望德堂",
        "articleTitle": "望德堂",
        "address": "北京西路1220弄2号",
        "addressComparison": "exact",
        "coordinateScope": "building-complex-reference-point",
        "coordinateSystem": "WGS84",
        "precisionDegrees": null,
        "origin": "shanghai-library",
        "sourceUrl": "https://data.library.sh.cn/entity/architecture/iszn1llq2c1z37qu",
        "coordinateSourceTitle": "上海图书馆历史建筑开放数据",
        "sourceAddress": "北京西路1220弄2号",
        "locationNote": "此为门址所在里弄、院落或建筑群参考点，未逐栋核定位置。",
        "wikipediaUrl": "https://zh.wikipedia.org/wiki/%E6%9C%9B%E5%BE%B7%E5%A0%82_(%E4%B8%8A%E6%B5%B7)",
        "wikidataId": null,
        "historicalGeometryVerified": false
      }
    },
    {
      "type": "Feature",
      "id": "sh-fgj-2B024-01-address-reference",
      "geometry": {
        "type": "Point",
        "coordinates": [
          121.445629,
          31.230538
        ]
      },
      "properties": {
        "officialId": "sh-fgj-2B024-01",
        "wikipediaId": "wiki-heritage-t03-r0072",
        "batch": 2,
        "officialCodeRaw": "2B024",
        "name": "雷氏德医学院",
        "articleTitle": "雷氏德医学院",
        "address": "北京西路1320号",
        "addressComparison": "exact",
        "coordinateScope": "address-reference-point",
        "coordinateSystem": "WGS84",
        "precisionDegrees": null,
        "origin": "shanghai-library",
        "sourceUrl": "https://data.library.sh.cn/entity/architecture/hbbohs1g6t07rbfr",
        "coordinateSourceTitle": "上海图书馆历史建筑开放数据",
        "sourceAddress": "北京西路1320号",
        "locationNote": "此为来源目录门牌参考点，未独立测绘或核定建筑轮廓。",
        "wikipediaUrl": "https://zh.wikipedia.org/wiki/%E9%9B%B7%E6%B0%8F%E5%BE%B7%E5%8C%BB%E5%AD%A6%E7%A0%94%E7%A9%B6%E9%99%A2",
        "wikidataId": null,
        "historicalGeometryVerified": false
      }
    },
    {
      "type": "Feature",
      "id": "sh-fgj-2B025-01-address-reference",
      "geometry": {
        "type": "Point",
        "coordinates": [
          121.453763,
          31.22615
        ]
      },
      "properties": {
        "officialId": "sh-fgj-2B025-01",
        "wikipediaId": "wiki-heritage-t03-r0129",
        "batch": 2,
        "officialCodeRaw": "2B025",
        "name": "花园住宅",
        "articleTitle": "延安中路816号 上海仪电物业开发有限公司",
        "address": "延安中路816号",
        "addressComparison": "exact",
        "coordinateScope": "address-reference-point",
        "coordinateSystem": "WGS84",
        "precisionDegrees": null,
        "origin": "shanghai-library",
        "sourceUrl": "https://data.library.sh.cn/entity/architecture/lb3j1sg2ylercid3",
        "coordinateSourceTitle": "上海图书馆历史建筑开放数据",
        "sourceAddress": "延安中路816号",
        "locationNote": "此为来源目录门牌参考点，未独立测绘或核定建筑轮廓。",
        "wikipediaUrl": "https://zh.wikipedia.org/zh-hans/上海市优秀历史建筑",
        "wikidataId": null,
        "historicalGeometryVerified": false
      }
    },
    {
      "type": "Feature",
      "id": "sh-fgj-2D001-01-address-reference",
      "geometry": {
        "type": "Point",
        "coordinates": [
          121.451143,
          31.21749
        ]
      },
      "properties": {
        "officialId": "sh-fgj-2D001-01",
        "wikipediaId": "wiki-heritage-t03-r0121",
        "batch": 2,
        "officialCodeRaw": "2D001",
        "name": "花园住宅",
        "articleTitle": "淮海中路1110号 东湖宾馆",
        "address": "淮海中路1110号",
        "addressComparison": "exact",
        "coordinateScope": "address-reference-point",
        "coordinateSystem": "WGS84",
        "precisionDegrees": null,
        "origin": "shanghai-library",
        "sourceUrl": "https://data.library.sh.cn/entity/architecture/yjusrb8q67fx1su4",
        "coordinateSourceTitle": "上海图书馆历史建筑开放数据",
        "sourceAddress": "淮海中路1110号",
        "locationNote": "此为来源目录门牌参考点，未独立测绘或核定建筑轮廓。",
        "wikipediaUrl": "https://zh.wikipedia.org/wiki/%E4%B8%9C%E6%B9%96%E5%AE%BE%E9%A6%86_(%E4%B8%8A%E6%B5%B7)",
        "wikidataId": null,
        "historicalGeometryVerified": false
      }
    },
    {
      "type": "Feature",
      "id": "sh-fgj-2D002-01-address-reference",
      "geometry": {
        "type": "Point",
        "coordinates": [
          121.449465,
          31.216779
        ]
      },
      "properties": {
        "officialId": "sh-fgj-2D002-01",
        "wikipediaId": "wiki-heritage-t03-r0145",
        "batch": 2,
        "officialCodeRaw": "2D002",
        "name": "亨利公寓",
        "articleTitle": "亨利公寓",
        "address": "淮海中路1160-1164号",
        "addressComparison": "formatting-only",
        "coordinateScope": "building-complex-reference-point",
        "coordinateSystem": "WGS84",
        "precisionDegrees": null,
        "origin": "shanghai-library",
        "sourceUrl": "https://data.library.sh.cn/entity/architecture/a0cn6jzj8mo5g3i6",
        "coordinateSourceTitle": "上海图书馆历史建筑开放数据",
        "sourceAddress": "淮海中路1160-1164号",
        "locationNote": "此为门址所在里弄、院落或建筑群参考点，未逐栋核定位置。",
        "wikipediaUrl": "https://zh.wikipedia.org/wiki/%E6%B7%AE%E4%B8%AD%E5%A4%A7%E6%A5%BC",
        "wikidataId": null,
        "historicalGeometryVerified": false
      }
    },
    {
      "type": "Feature",
      "id": "sh-fgj-2D003-01-address-reference",
      "geometry": {
        "type": "Point",
        "coordinates": [
          121.448645,
          31.216641
        ]
      },
      "properties": {
        "officialId": "sh-fgj-2D003-01",
        "wikipediaId": "wiki-heritage-t03-r0146",
        "batch": 2,
        "officialCodeRaw": "2D003",
        "name": "盖司康公寓",
        "articleTitle": "盖司康公寓",
        "address": "淮海中路1202号",
        "addressComparison": "exact",
        "coordinateScope": "address-reference-point",
        "coordinateSystem": "WGS84",
        "precisionDegrees": null,
        "origin": "shanghai-library",
        "sourceUrl": "https://data.library.sh.cn/entity/architecture/mfvq76tle2v0o17p",
        "coordinateSourceTitle": "上海图书馆历史建筑开放数据",
        "sourceAddress": "淮海中路1202号",
        "locationNote": "此为来源目录门牌参考点，未独立测绘或核定建筑轮廓。",
        "wikipediaUrl": "https://zh.wikipedia.org/wiki/%E6%B7%AE%E6%B5%B7%E5%85%AC%E5%AF%93",
        "wikidataId": null,
        "historicalGeometryVerified": false
      }
    },
    {
      "type": "Feature",
      "id": "sh-fgj-2D004-01-address-reference",
      "geometry": {
        "type": "Point",
        "coordinates": [
          121.446377,
          31.215115
        ]
      },
      "properties": {
        "officialId": "sh-fgj-2D004-01",
        "wikipediaId": "wiki-heritage-t03-r0103",
        "batch": 2,
        "officialCodeRaw": "2D004",
        "name": "上方花园",
        "articleTitle": "上方花园",
        "address": "淮海中路1285弄",
        "addressComparison": "exact",
        "coordinateScope": "building-complex-reference-point",
        "coordinateSystem": "WGS84",
        "precisionDegrees": null,
        "origin": "shanghai-library",
        "sourceUrl": "https://data.library.sh.cn/entity/architecture/i552u5ohprzmxn4s",
        "coordinateSourceTitle": "上海图书馆历史建筑开放数据",
        "sourceAddress": "淮海中路1285弄4-77号",
        "locationNote": "此为门址所在里弄、院落或建筑群参考点，未逐栋核定位置。 来源门址与官方写法有差异，原始门牌和对照理由均保留。",
        "wikipediaUrl": "https://zh.wikipedia.org/wiki/%E4%B8%8A%E6%96%B9%E8%8A%B1%E5%9B%AD",
        "wikidataId": null,
        "historicalGeometryVerified": false
      }
    },
    {
      "type": "Feature",
      "id": "sh-fgj-2D005-01-address-reference",
      "geometry": {
        "type": "Point",
        "coordinates": [
          121.445318,
          31.214983
        ]
      },
      "properties": {
        "officialId": "sh-fgj-2D005-01",
        "wikipediaId": "wiki-heritage-t03-r0153",
        "batch": 2,
        "officialCodeRaw": "2D005",
        "name": "皇家公寓",
        "articleTitle": "皇家公寓",
        "address": "淮海中路1300-1326号",
        "addressComparison": "formatting-only",
        "coordinateScope": "address-reference-point",
        "coordinateSystem": "WGS84",
        "precisionDegrees": null,
        "origin": "shanghai-library",
        "sourceUrl": "https://data.library.sh.cn/entity/architecture/ladjctmrc3dbpa0l",
        "coordinateSourceTitle": "上海图书馆历史建筑开放数据",
        "sourceAddress": "淮海中路1326号",
        "locationNote": "此为来源目录门牌参考点，未独立测绘或核定建筑轮廓。 来源门址与官方写法有差异，原始门牌和对照理由均保留。",
        "wikipediaUrl": "https://zh.wikipedia.org/wiki/%E6%B7%AE%E6%B5%B7%E5%A4%A7%E6%A5%BC",
        "wikidataId": null,
        "historicalGeometryVerified": false
      }
    },
    {
      "type": "Feature",
      "id": "sh-fgj-2D006-01-address-reference",
      "geometry": {
        "type": "Point",
        "coordinates": [
          121.442841,
          31.21154
        ]
      },
      "properties": {
        "officialId": "sh-fgj-2D006-01",
        "wikipediaId": "wiki-heritage-t03-r0115",
        "batch": 2,
        "officialCodeRaw": "2D006",
        "name": "花园住宅",
        "articleTitle": "淮海中路1431号 法国领事馆",
        "address": "淮海中路1431号",
        "addressComparison": "exact",
        "coordinateScope": "address-reference-point",
        "coordinateSystem": "WGS84",
        "precisionDegrees": null,
        "origin": "shanghai-library",
        "sourceUrl": "https://data.library.sh.cn/entity/architecture/uax3023muk3eksds",
        "coordinateSourceTitle": "上海图书馆历史建筑开放数据",
        "sourceAddress": "淮海中路1431号",
        "locationNote": "此为来源目录门牌参考点，未独立测绘或核定建筑轮廓。",
        "wikipediaUrl": "https://zh.wikipedia.org/wiki/%E6%B7%AE%E6%B5%B7%E4%B8%AD%E8%B7%AF1431%E5%8F%B7%E8%8A%B1%E5%9B%AD%E4%BD%8F%E5%AE%85",
        "wikidataId": null,
        "historicalGeometryVerified": false
      }
    },
    {
      "type": "Feature",
      "id": "sh-fgj-2D008-01-address-reference",
      "geometry": {
        "type": "Point",
        "coordinates": [
          121.43949,
          31.209954
        ]
      },
      "properties": {
        "officialId": "sh-fgj-2D008-01",
        "wikipediaId": "wiki-heritage-t03-r0104",
        "batch": 2,
        "officialCodeRaw": "2D008",
        "name": "逸村",
        "articleTitle": "逸村",
        "address": "淮海中路1610弄",
        "addressComparison": "exact",
        "coordinateScope": "building-complex-reference-point",
        "coordinateSystem": "WGS84",
        "precisionDegrees": null,
        "origin": "shanghai-library",
        "sourceUrl": "https://data.library.sh.cn/entity/architecture/3gig4zvbc84l1tky",
        "coordinateSourceTitle": "上海图书馆历史建筑开放数据",
        "sourceAddress": "淮海中路1610弄1-8号",
        "locationNote": "此为门址所在里弄、院落或建筑群参考点，未逐栋核定位置。 来源门址与官方写法有差异，原始门牌和对照理由均保留。",
        "wikipediaUrl": "https://zh.wikipedia.org/wiki/%E9%80%B8%E6%9D%91",
        "wikidataId": null,
        "historicalGeometryVerified": false
      }
    },
    {
      "type": "Feature",
      "id": "sh-fgj-2D009-01-address-reference",
      "geometry": {
        "type": "Point",
        "coordinates": [
          121.438906,
          31.209565
        ]
      },
      "properties": {
        "officialId": "sh-fgj-2D009-01",
        "wikipediaId": "wiki-heritage-t03-r0159",
        "batch": 2,
        "officialCodeRaw": "2D009",
        "name": "花园住宅",
        "articleTitle": "淮海中路1634号 上海市科学技术委员会",
        "address": "淮海中路1634号",
        "addressComparison": "exact",
        "coordinateScope": "address-reference-point",
        "coordinateSystem": "WGS84",
        "precisionDegrees": null,
        "origin": "shanghai-library",
        "sourceUrl": "https://data.library.sh.cn/entity/architecture/0no8iauuynjdvbwj",
        "coordinateSourceTitle": "上海图书馆历史建筑开放数据",
        "sourceAddress": "淮海中路1634号",
        "locationNote": "此为来源目录门牌参考点，未独立测绘或核定建筑轮廓。",
        "wikipediaUrl": "https://zh.wikipedia.org/zh-hans/上海市优秀历史建筑",
        "wikidataId": null,
        "historicalGeometryVerified": false
      }
    },
    {
      "type": "Feature",
      "id": "sh-fgj-2D010-01-address-reference",
      "geometry": {
        "type": "Point",
        "coordinates": [
          121.437539,
          31.209597
        ]
      },
      "properties": {
        "officialId": "sh-fgj-2D010-01",
        "wikipediaId": "wiki-heritage-t03-r0098",
        "batch": 2,
        "officialCodeRaw": "2D010",
        "name": "中南新村",
        "articleTitle": "中南新村",
        "address": "淮海中路1670弄",
        "addressComparison": "exact",
        "coordinateScope": "building-complex-reference-point",
        "coordinateSystem": "WGS84",
        "precisionDegrees": null,
        "origin": "shanghai-library",
        "sourceUrl": "https://data.library.sh.cn/entity/architecture/0ovdu1ejmimut2u8",
        "coordinateSourceTitle": "上海图书馆历史建筑开放数据",
        "sourceAddress": "淮海中路1670弄",
        "locationNote": "此为门址所在里弄、院落或建筑群参考点，未逐栋核定位置。",
        "wikipediaUrl": "https://zh.wikipedia.org/wiki/%E4%B8%AD%E5%8D%97%E6%96%B0%E6%9D%91",
        "wikidataId": null,
        "historicalGeometryVerified": false
      }
    },
    {
      "type": "Feature",
      "id": "sh-fgj-2D011-01-address-reference",
      "geometry": {
        "type": "Point",
        "coordinates": [
          121.435948,
          31.207768
        ]
      },
      "properties": {
        "officialId": "sh-fgj-2D011-01",
        "wikipediaId": "wiki-heritage-t03-r0170",
        "batch": 2,
        "officialCodeRaw": "2D011",
        "name": "花园住宅",
        "articleTitle": "淮海中路1754弄 住宅",
        "address": "淮海中路1754弄",
        "addressComparison": "different-as-listed",
        "coordinateScope": "building-complex-reference-point",
        "coordinateSystem": "WGS84",
        "precisionDegrees": null,
        "origin": "shanghai-library",
        "sourceUrl": "https://data.library.sh.cn/entity/architecture/atknwifyiijfd5kf",
        "coordinateSourceTitle": "上海图书馆历史建筑开放数据",
        "sourceAddress": "淮海中路1754弄",
        "locationNote": "此为门址所在里弄、院落或建筑群参考点，未逐栋核定位置。",
        "wikipediaUrl": "https://zh.wikipedia.org/zh-hans/上海市优秀历史建筑",
        "wikidataId": null,
        "historicalGeometryVerified": false
      }
    },
    {
      "type": "Feature",
      "id": "sh-fgj-2D014-01-address-reference",
      "geometry": {
        "type": "Point",
        "coordinates": [
          121.432325,
          31.213044
        ]
      },
      "properties": {
        "officialId": "sh-fgj-2D014-01",
        "wikipediaId": "wiki-heritage-t03-r0113",
        "batch": 2,
        "officialCodeRaw": "2D014",
        "name": "住宅",
        "articleTitle": "华山路893号 上海铭源实业集团有限公司",
        "address": "华山路893号",
        "addressComparison": "exact",
        "coordinateScope": "address-reference-point",
        "coordinateSystem": "WGS84",
        "precisionDegrees": null,
        "origin": "shanghai-library",
        "sourceUrl": "https://data.library.sh.cn/entity/architecture/lk364mgxsln8djpr",
        "coordinateSourceTitle": "上海图书馆历史建筑开放数据",
        "sourceAddress": "华山路893号",
        "locationNote": "此为来源目录门牌参考点，未独立测绘或核定建筑轮廓。",
        "wikipediaUrl": "https://zh.wikipedia.org/zh-hans/上海市优秀历史建筑",
        "wikidataId": null,
        "historicalGeometryVerified": false
      }
    },
    {
      "type": "Feature",
      "id": "sh-fgj-2D015-01-address-reference",
      "geometry": {
        "type": "Point",
        "coordinates": [
          121.431878,
          31.200509
        ]
      },
      "properties": {
        "officialId": "sh-fgj-2D015-01",
        "wikipediaId": "wiki-heritage-t03-r0063",
        "batch": 2,
        "officialCodeRaw": "2D015",
        "name": "南洋公学",
        "articleTitle": "南洋公学",
        "address": "华山路1954号",
        "addressComparison": "exact",
        "coordinateScope": "building-complex-reference-point",
        "coordinateSystem": "WGS84",
        "precisionDegrees": null,
        "origin": "shanghai-library",
        "sourceUrl": "https://data.library.sh.cn/entity/architecture/ovb7kirnkzdsxswz",
        "coordinateSourceTitle": "上海图书馆历史建筑开放数据",
        "sourceAddress": "华山路1954号",
        "locationNote": "此为门址所在里弄、院落或建筑群参考点，未逐栋核定位置。 同址有多个保护项，分别保留记录；共用门址点不能区分各楼栋。",
        "wikipediaUrl": "https://zh.wikipedia.org/wiki/%E5%8D%97%E6%B4%8B%E5%85%AC%E5%AD%A6",
        "wikidataId": null,
        "historicalGeometryVerified": false
      }
    },
    {
      "type": "Feature",
      "id": "sh-fgj-2D016-01-address-reference",
      "geometry": {
        "type": "Point",
        "coordinates": [
          121.449605,
          31.205822
        ]
      },
      "properties": {
        "officialId": "sh-fgj-2D016-01",
        "wikipediaId": "wiki-heritage-t03-r0141",
        "batch": 2,
        "officialCodeRaw": "2D016",
        "name": "道斐南公寓",
        "articleTitle": "道斐南公寓",
        "address": "建国西路394号",
        "addressComparison": "exact",
        "coordinateScope": "address-reference-point",
        "coordinateSystem": "WGS84",
        "precisionDegrees": null,
        "origin": "shanghai-library",
        "sourceUrl": "https://data.library.sh.cn/entity/architecture/1lhz8zmcb85yddbi",
        "coordinateSourceTitle": "上海图书馆历史建筑开放数据",
        "sourceAddress": "建国西路394号",
        "locationNote": "此为来源目录门牌参考点，未独立测绘或核定建筑轮廓。",
        "wikipediaUrl": "https://zh.wikipedia.org/wiki/%E5%BB%BA%E5%9B%BD%E5%85%AC%E5%AF%93",
        "wikidataId": null,
        "historicalGeometryVerified": false
      }
    },
    {
      "type": "Feature",
      "id": "sh-fgj-2D017-01-address-reference",
      "geometry": {
        "type": "Point",
        "coordinates": [
          121.447417,
          31.205276
        ]
      },
      "properties": {
        "officialId": "sh-fgj-2D017-01",
        "wikipediaId": "wiki-heritage-t03-r0090",
        "batch": 2,
        "officialCodeRaw": "2D017",
        "name": "建业里",
        "articleTitle": "建业里",
        "address": "建国西路468弄、488弄、424-498号（双号）",
        "addressComparison": "different-as-listed",
        "coordinateScope": "building-complex-reference-point",
        "coordinateSystem": "WGS84",
        "precisionDegrees": null,
        "origin": "shanghai-library",
        "sourceUrl": "https://data.library.sh.cn/entity/architecture/t5den4dko02lboh5",
        "coordinateSourceTitle": "上海图书馆历史建筑开放数据",
        "sourceAddress": "建国西路440、456、496弄",
        "locationNote": "此为门址所在里弄、院落或建筑群参考点，未逐栋核定位置。 来源门址与官方写法有差异，原始门牌和对照理由均保留。",
        "wikipediaUrl": "https://zh.wikipedia.org/wiki/%E5%BB%BA%E4%B8%9A%E9%87%8C_(%E4%B8%8A%E6%B5%B7)",
        "wikidataId": null,
        "historicalGeometryVerified": false
      }
    },
    {
      "type": "Feature",
      "id": "sh-fgj-2D018-01-address-reference",
      "geometry": {
        "type": "Point",
        "coordinates": [
          121.445322,
          31.205907
        ]
      },
      "properties": {
        "officialId": "sh-fgj-2D018-01",
        "wikipediaId": "wiki-heritage-t03-r0099",
        "batch": 2,
        "officialCodeRaw": "2D018",
        "name": "懿园",
        "articleTitle": "懿园",
        "address": "建国西路506弄",
        "addressComparison": "exact",
        "coordinateScope": "building-complex-reference-point",
        "coordinateSystem": "WGS84",
        "precisionDegrees": null,
        "origin": "shanghai-library",
        "sourceUrl": "https://data.library.sh.cn/entity/architecture/auqzck16c86lfkq3",
        "coordinateSourceTitle": "上海图书馆历史建筑开放数据",
        "sourceAddress": "建国西路506弄",
        "locationNote": "此为门址所在里弄、院落或建筑群参考点，未逐栋核定位置。",
        "wikipediaUrl": "https://zh.wikipedia.org/wiki/%E6%87%BF%E5%9B%AD",
        "wikidataId": null,
        "historicalGeometryVerified": false
      }
    },
    {
      "type": "Feature",
      "id": "sh-fgj-2D019-01-address-reference",
      "geometry": {
        "type": "Point",
        "coordinates": [
          121.443179,
          31.203334
        ]
      },
      "properties": {
        "officialId": "sh-fgj-2D019-01",
        "wikipediaId": "wiki-heritage-t03-r0123",
        "batch": 2,
        "officialCodeRaw": "2D019",
        "name": "住宅",
        "articleTitle": "建国西路618号 波兰领事馆",
        "address": "建国西路618号",
        "addressComparison": "exact",
        "coordinateScope": "address-reference-point",
        "coordinateSystem": "WGS84",
        "precisionDegrees": null,
        "origin": "shanghai-library",
        "sourceUrl": "https://data.library.sh.cn/entity/architecture/k2ohgizq6cdrimfj",
        "coordinateSourceTitle": "上海图书馆历史建筑开放数据",
        "sourceAddress": "建国西路618号",
        "locationNote": "此为来源目录门牌参考点，未独立测绘或核定建筑轮廓。",
        "wikipediaUrl": "https://zh.wikipedia.org/zh-hans/上海市优秀历史建筑",
        "wikidataId": null,
        "historicalGeometryVerified": false
      }
    },
    {
      "type": "Feature",
      "id": "sh-fgj-2D020-01-address-reference",
      "geometry": {
        "type": "Point",
        "coordinates": [
          121.442434,
          31.207622
        ]
      },
      "properties": {
        "officialId": "sh-fgj-2D020-01",
        "wikipediaId": "wiki-heritage-t03-r0068",
        "batch": 2,
        "officialCodeRaw": "2D020",
        "name": "美童公学",
        "articleTitle": "美童公学",
        "address": "衡山路10号",
        "addressComparison": "exact",
        "coordinateScope": "building-complex-reference-point",
        "coordinateSystem": "WGS84",
        "precisionDegrees": null,
        "origin": "shanghai-library",
        "sourceUrl": "https://data.library.sh.cn/entity/architecture/x42f2htt2tiqok30",
        "coordinateSourceTitle": "上海图书馆历史建筑开放数据",
        "sourceAddress": "衡山路10号",
        "locationNote": "此为门址所在里弄、院落或建筑群参考点，未逐栋核定位置。 同址有多个保护项，分别保留记录；共用门址点不能区分各楼栋。 图书馆同址多个实体使用同一点，尚未区分具体楼栋；仅作共用门址参考，不采用其中任一楼名。",
        "wikipediaUrl": "https://zh.wikipedia.org/wiki/%E7%BE%8E%E7%AB%A5%E5%85%AC%E5%AD%A6",
        "wikidataId": null,
        "historicalGeometryVerified": false
      }
    },
    {
      "type": "Feature",
      "id": "sh-fgj-2D021-01-address-reference",
      "geometry": {
        "type": "Point",
        "coordinates": [
          121.440767,
          31.20482
        ]
      },
      "properties": {
        "officialId": "sh-fgj-2D021-01",
        "wikipediaId": "wiki-heritage-t03-r0142",
        "batch": 2,
        "officialCodeRaw": "2D021",
        "name": "华盛顿公寓",
        "articleTitle": "华盛顿公寓",
        "address": "衡山路303号",
        "addressComparison": "exact",
        "coordinateScope": "address-reference-point",
        "coordinateSystem": "WGS84",
        "precisionDegrees": null,
        "origin": "shanghai-library",
        "sourceUrl": "https://data.library.sh.cn/entity/architecture/5xfzxukdpbdast1a",
        "coordinateSourceTitle": "上海图书馆历史建筑开放数据",
        "sourceAddress": "衡山路303号",
        "locationNote": "此为来源目录门牌参考点，未独立测绘或核定建筑轮廓。",
        "wikipediaUrl": "https://zh.wikipedia.org/wiki/%E8%A5%BF%E6%B9%96%E5%85%AC%E5%AF%93",
        "wikidataId": null,
        "historicalGeometryVerified": false
      }
    },
    {
      "type": "Feature",
      "id": "sh-fgj-2D023-01-address-reference",
      "geometry": {
        "type": "Point",
        "coordinates": [
          121.438423,
          31.211114
        ]
      },
      "properties": {
        "officialId": "sh-fgj-2D023-01",
        "wikipediaId": "wiki-heritage-t03-r0111",
        "batch": 2,
        "officialCodeRaw": "2D023",
        "name": "住宅",
        "articleTitle": "永福路151号 德国领事馆",
        "address": "永福路151号",
        "addressComparison": "exact",
        "coordinateScope": "address-reference-point",
        "coordinateSystem": "WGS84",
        "precisionDegrees": null,
        "origin": "shanghai-library",
        "sourceUrl": "https://data.library.sh.cn/entity/architecture/mhdi77os0jik8ja0",
        "coordinateSourceTitle": "上海图书馆历史建筑开放数据",
        "sourceAddress": "永福路151号",
        "locationNote": "此为来源目录门牌参考点，未独立测绘或核定建筑轮廓。",
        "wikipediaUrl": "https://zh.wikipedia.org/zh-hans/上海市优秀历史建筑",
        "wikidataId": null,
        "historicalGeometryVerified": false
      }
    },
    {
      "type": "Feature",
      "id": "sh-fgj-2D024-01-address-reference",
      "geometry": {
        "type": "Point",
        "coordinates": [
          121.447955,
          31.207155
        ]
      },
      "properties": {
        "officialId": "sh-fgj-2D024-01",
        "wikipediaId": "wiki-heritage-t03-r0108",
        "batch": 2,
        "officialCodeRaw": "2D024",
        "name": "花园住宅",
        "articleTitle": "岳阳路145号 市老干部局",
        "address": "岳阳路145号",
        "addressComparison": "different-as-listed",
        "coordinateScope": "building-complex-reference-point",
        "coordinateSystem": "WGS84",
        "precisionDegrees": null,
        "origin": "shanghai-library",
        "sourceUrl": "https://data.library.sh.cn/entity/architecture/fji3nec0eb7dz5ad",
        "coordinateSourceTitle": "上海图书馆历史建筑开放数据",
        "sourceAddress": "岳阳路145号",
        "locationNote": "此为门址所在里弄、院落或建筑群参考点，未逐栋核定位置。 同址有多个保护项，分别保留记录；共用门址点不能区分各楼栋。",
        "wikipediaUrl": "https://zh.wikipedia.org/wiki/%E6%B0%B8%E5%98%89%E8%B7%AF501%E5%8F%B7%E4%BD%8F%E5%AE%85",
        "wikidataId": null,
        "historicalGeometryVerified": false
      }
    },
    {
      "type": "Feature",
      "id": "sh-fgj-2D025-01-address-reference",
      "geometry": {
        "type": "Point",
        "coordinates": [
          121.444671,
          31.207386
        ]
      },
      "properties": {
        "officialId": "sh-fgj-2D025-01",
        "wikipediaId": "wiki-heritage-t03-r0101",
        "batch": 2,
        "officialCodeRaw": "2D025",
        "name": "永嘉新村",
        "articleTitle": "永嘉新村",
        "address": "永嘉路580号",
        "addressComparison": "different-as-listed",
        "coordinateScope": "building-complex-reference-point",
        "coordinateSystem": "WGS84",
        "precisionDegrees": null,
        "origin": "shanghai-library",
        "sourceUrl": "https://data.library.sh.cn/entity/architecture/jczig870hw1e2en4",
        "coordinateSourceTitle": "上海图书馆历史建筑开放数据",
        "sourceAddress": "永嘉路580弄",
        "locationNote": "此为门址所在里弄、院落或建筑群参考点，未逐栋核定位置。 来源门址与官方写法有差异，原始门牌和对照理由均保留。",
        "wikipediaUrl": "https://zh.wikipedia.org/wiki/%E6%B0%B8%E5%98%89%E6%96%B0%E6%9D%91",
        "wikidataId": null,
        "historicalGeometryVerified": false
      }
    },
    {
      "type": "Feature",
      "id": "sh-fgj-2D026-01-address-reference",
      "geometry": {
        "type": "Point",
        "coordinates": [
          121.440872,
          31.214181
        ]
      },
      "properties": {
        "officialId": "sh-fgj-2D026-01",
        "wikipediaId": "wiki-heritage-t03-r0102",
        "batch": 2,
        "officialCodeRaw": "2D026",
        "name": "永康新村",
        "articleTitle": "永康新村",
        "address": "永康路580号",
        "addressComparison": "different-as-listed",
        "coordinateScope": "building-complex-reference-point",
        "coordinateSystem": "WGS84",
        "precisionDegrees": null,
        "origin": "shanghai-library",
        "sourceUrl": "https://data.library.sh.cn/entity/architecture/xlvfuu8q7sna5bj8",
        "coordinateSourceTitle": "上海图书馆历史建筑开放数据",
        "sourceAddress": "永康路109、175弄",
        "locationNote": "此为门址所在里弄、院落或建筑群参考点，未逐栋核定位置。 来源门址与官方写法有差异，原始门牌和对照理由均保留。",
        "wikipediaUrl": "https://zh.wikipedia.org/wiki/%E9%9B%B7%E7%B1%B3%E5%9D%8A",
        "wikidataId": null,
        "historicalGeometryVerified": false
      }
    },
    {
      "type": "Feature",
      "id": "sh-fgj-2D027-01-address-reference",
      "geometry": {
        "type": "Point",
        "coordinates": [
          121.447474,
          31.208461
        ]
      },
      "properties": {
        "officialId": "sh-fgj-2D027-01",
        "wikipediaId": "wiki-heritage-t03-r0117",
        "batch": 2,
        "officialCodeRaw": "2D027",
        "name": "花园住宅",
        "articleTitle": "岳阳路110号 103所",
        "address": "岳阳路110号",
        "addressComparison": "exact",
        "coordinateScope": "address-reference-point",
        "coordinateSystem": "WGS84",
        "precisionDegrees": null,
        "origin": "shanghai-library",
        "sourceUrl": "https://data.library.sh.cn/entity/architecture/egyekoehniz0dhn3",
        "coordinateSourceTitle": "上海图书馆历史建筑开放数据",
        "sourceAddress": "岳阳路110号",
        "locationNote": "此为来源目录门牌参考点，未独立测绘或核定建筑轮廓。",
        "wikipediaUrl": "https://zh.wikipedia.org/zh-hans/上海市优秀历史建筑",
        "wikidataId": null,
        "historicalGeometryVerified": false
      }
    },
    {
      "type": "Feature",
      "id": "sh-fgj-2D028-01-address-reference",
      "geometry": {
        "type": "Point",
        "coordinates": [
          121.447955,
          31.207155
        ]
      },
      "properties": {
        "officialId": "sh-fgj-2D028-01",
        "wikipediaId": "wiki-heritage-t03-r0109",
        "batch": 2,
        "officialCodeRaw": "2D028",
        "name": "花园住宅",
        "articleTitle": "岳阳路145号 市老干部局",
        "address": "岳阳路145号",
        "addressComparison": "exact",
        "coordinateScope": "building-complex-reference-point",
        "coordinateSystem": "WGS84",
        "precisionDegrees": null,
        "origin": "shanghai-library",
        "sourceUrl": "https://data.library.sh.cn/entity/architecture/fji3nec0eb7dz5ad",
        "coordinateSourceTitle": "上海图书馆历史建筑开放数据",
        "sourceAddress": "岳阳路145号",
        "locationNote": "此为门址所在里弄、院落或建筑群参考点，未逐栋核定位置。 同址有多个保护项，分别保留记录；共用门址点不能区分各楼栋。",
        "wikipediaUrl": "https://zh.wikipedia.org/zh-hans/上海市优秀历史建筑",
        "wikidataId": null,
        "historicalGeometryVerified": false
      }
    },
    {
      "type": "Feature",
      "id": "sh-fgj-2D029-01-address-reference",
      "geometry": {
        "type": "Point",
        "coordinates": [
          121.447136,
          31.206391
        ]
      },
      "properties": {
        "officialId": "sh-fgj-2D029-01",
        "wikipediaId": "wiki-heritage-t03-r0096",
        "batch": 2,
        "officialCodeRaw": "2D029",
        "name": "住宅",
        "articleTitle": "岳阳路200弄 住宅",
        "address": "岳阳路200弄",
        "addressComparison": "exact",
        "coordinateScope": "building-complex-reference-point",
        "coordinateSystem": "WGS84",
        "precisionDegrees": null,
        "origin": "shanghai-library",
        "sourceUrl": "https://data.library.sh.cn/entity/architecture/276xv4clb7oi6zgt",
        "coordinateSourceTitle": "上海图书馆历史建筑开放数据",
        "sourceAddress": "岳阳路200弄",
        "locationNote": "此为门址所在里弄、院落或建筑群参考点，未逐栋核定位置。",
        "wikipediaUrl": "https://zh.wikipedia.org/wiki/%E5%B2%B3%E9%98%B3%E8%B7%AF200%E5%BC%84%E4%BD%8F%E5%AE%85",
        "wikidataId": null,
        "historicalGeometryVerified": false
      }
    },
    {
      "type": "Feature",
      "id": "sh-fgj-2D030-01-address-reference",
      "geometry": {
        "type": "Point",
        "coordinates": [
          121.448478,
          31.203311
        ]
      },
      "properties": {
        "officialId": "sh-fgj-2D030-01",
        "wikipediaId": "wiki-heritage-t03-r0070",
        "batch": 2,
        "officialCodeRaw": "2D030",
        "name": "中央研究院",
        "articleTitle": "中央研究院",
        "address": "岳阳路320号",
        "addressComparison": "exact",
        "coordinateScope": "address-reference-point",
        "coordinateSystem": "WGS84",
        "precisionDegrees": null,
        "origin": "shanghai-library",
        "sourceUrl": "https://data.library.sh.cn/entity/architecture/bdfrbxx4ql5alvop",
        "coordinateSourceTitle": "上海图书馆历史建筑开放数据",
        "sourceAddress": "岳阳路320号",
        "locationNote": "此为来源目录门牌参考点，未独立测绘或核定建筑轮廓。",
        "wikipediaUrl": "https://zh.wikipedia.org/wiki/%E4%B8%8A%E6%B5%B7%E8%87%AA%E7%84%B6%E7%A7%91%E5%AD%A6%E7%A0%94%E7%A9%B6%E6%89%80",
        "wikidataId": null,
        "historicalGeometryVerified": false
      }
    },
    {
      "type": "Feature",
      "id": "sh-fgj-2D032-01-address-reference",
      "geometry": {
        "type": "Point",
        "coordinates": [
          121.435302,
          31.193936
        ]
      },
      "properties": {
        "officialId": "sh-fgj-2D032-01",
        "wikipediaId": "wiki-heritage-t03-r0176",
        "batch": 2,
        "officialCodeRaw": "2D032",
        "name": "徐家汇圣母院",
        "articleTitle": "徐家汇圣母院",
        "address": "漕溪北路45号",
        "addressComparison": "exact",
        "coordinateScope": "address-reference-point",
        "coordinateSystem": "WGS84",
        "precisionDegrees": null,
        "origin": "shanghai-library",
        "sourceUrl": "https://data.library.sh.cn/entity/architecture/wxfx4nbey48qqi5m",
        "coordinateSourceTitle": "上海图书馆历史建筑开放数据",
        "sourceAddress": "漕溪北路45号",
        "locationNote": "此为来源目录门牌参考点，未独立测绘或核定建筑轮廓。",
        "wikipediaUrl": "https://zh.wikipedia.org/wiki/%E5%BE%90%E5%AE%B6%E6%B1%87%E5%9C%A3%E6%AF%8D%E9%99%A2",
        "wikidataId": null,
        "historicalGeometryVerified": false
      }
    },
    {
      "type": "Feature",
      "id": "sh-fgj-2D036-01-address-reference",
      "geometry": {
        "type": "Point",
        "coordinates": [
          121.436718,
          31.213001
        ]
      },
      "properties": {
        "officialId": "sh-fgj-2D036-01",
        "wikipediaId": "wiki-heritage-t03-r0112",
        "batch": 2,
        "officialCodeRaw": "2D036",
        "name": "正广和大班住宅",
        "articleTitle": "正广和大班住宅",
        "address": "武康路99号",
        "addressComparison": "exact",
        "coordinateScope": "address-reference-point",
        "coordinateSystem": "WGS84",
        "precisionDegrees": null,
        "origin": "shanghai-library",
        "sourceUrl": "https://data.library.sh.cn/entity/architecture/ewchziernu4ciy73",
        "coordinateSourceTitle": "上海图书馆历史建筑开放数据",
        "sourceAddress": "武康路99号",
        "locationNote": "此为来源目录门牌参考点，未独立测绘或核定建筑轮廓。",
        "wikipediaUrl": "https://zh.wikipedia.org/wiki/%E6%AD%A3%E5%B9%BF%E5%92%8C%E5%A4%A7%E7%8F%AD%E4%BD%8F%E5%AE%85",
        "wikidataId": null,
        "historicalGeometryVerified": false
      }
    },
    {
      "type": "Feature",
      "id": "sh-fgj-2D037-01-address-reference",
      "geometry": {
        "type": "Point",
        "coordinates": [
          121.435846,
          31.210277
        ]
      },
      "properties": {
        "officialId": "sh-fgj-2D037-01",
        "wikipediaId": "wiki-heritage-t03-r0152",
        "batch": 2,
        "officialCodeRaw": "2D037",
        "name": "密丹公寓",
        "articleTitle": "密丹公寓",
        "address": "武康路115号",
        "addressComparison": "exact",
        "coordinateScope": "address-reference-point",
        "coordinateSystem": "WGS84",
        "precisionDegrees": null,
        "origin": "shanghai-library",
        "sourceUrl": "https://data.library.sh.cn/entity/architecture/v1o7edukux2mikix",
        "coordinateSourceTitle": "上海图书馆历史建筑开放数据",
        "sourceAddress": "武康路115号",
        "locationNote": "此为来源目录门牌参考点，未独立测绘或核定建筑轮廓。",
        "wikipediaUrl": "https://zh.wikipedia.org/wiki/%E5%AF%86%E4%B8%B9%E5%85%AC%E5%AF%93",
        "wikidataId": null,
        "historicalGeometryVerified": false
      }
    },
    {
      "type": "Feature",
      "id": "sh-fgj-2D038-01-address-reference",
      "geometry": {
        "type": "Point",
        "coordinates": [
          121.43969,
          31.204487
        ]
      },
      "properties": {
        "officialId": "sh-fgj-2D038-01",
        "wikipediaId": "wiki-heritage-t03-r0122",
        "batch": 2,
        "officialCodeRaw": "2D038",
        "name": "丽波花园东主楼",
        "articleTitle": "丽波花园东主楼",
        "address": "吴兴路87号",
        "addressComparison": "exact",
        "coordinateScope": "address-reference-point",
        "coordinateSystem": "WGS84",
        "precisionDegrees": null,
        "origin": "shanghai-library",
        "sourceUrl": "https://data.library.sh.cn/entity/architecture/q5kvvg3uue8re4gp",
        "coordinateSourceTitle": "上海图书馆历史建筑开放数据",
        "sourceAddress": "吴兴路87号",
        "locationNote": "此为来源目录门牌参考点，未独立测绘或核定建筑轮廓。",
        "wikipediaUrl": "https://zh.wikipedia.org/wiki/%E4%B8%BD%E6%B3%A2%E8%8A%B1%E5%9B%AD",
        "wikidataId": null,
        "historicalGeometryVerified": false
      }
    },
    {
      "type": "Feature",
      "id": "sh-fgj-2D039-01-address-reference",
      "geometry": {
        "type": "Point",
        "coordinates": [
          121.444858,
          31.205259
        ]
      },
      "properties": {
        "officialId": "sh-fgj-2D039-01",
        "wikipediaId": "wiki-heritage-t03-r0120",
        "batch": 2,
        "officialCodeRaw": "2D039",
        "name": "朱敏堂住宅",
        "articleTitle": "朱敏堂住宅",
        "address": "乌鲁木齐南路151号",
        "addressComparison": "exact",
        "coordinateScope": "address-reference-point",
        "coordinateSystem": "WGS84",
        "precisionDegrees": null,
        "origin": "shanghai-library",
        "sourceUrl": "https://data.library.sh.cn/entity/architecture/edznurq48p3cd7gc",
        "coordinateSourceTitle": "上海图书馆历史建筑开放数据",
        "sourceAddress": "乌鲁木齐南路151号",
        "locationNote": "此为来源目录门牌参考点，未独立测绘或核定建筑轮廓。",
        "wikipediaUrl": "https://zh.wikipedia.org/wiki/%E6%9C%B1%E6%95%8F%E5%A0%82%E4%BD%8F%E5%AE%85",
        "wikidataId": null,
        "historicalGeometryVerified": false
      }
    },
    {
      "type": "Feature",
      "id": "sh-fgj-2D040-01-address-reference",
      "geometry": {
        "type": "Point",
        "coordinates": [
          121.439367,
          31.214139
        ]
      },
      "properties": {
        "officialId": "sh-fgj-2D040-01",
        "wikipediaId": "wiki-heritage-t03-r0151",
        "batch": 2,
        "officialCodeRaw": "2D040",
        "name": "自由公寓",
        "articleTitle": "自由公寓",
        "address": "五原路258号",
        "addressComparison": "exact",
        "coordinateScope": "address-reference-point",
        "coordinateSystem": "WGS84",
        "precisionDegrees": null,
        "origin": "shanghai-library",
        "sourceUrl": "https://data.library.sh.cn/entity/architecture/5t5iuq0no13fr0od",
        "coordinateSourceTitle": "上海图书馆历史建筑开放数据",
        "sourceAddress": "五原路258号",
        "locationNote": "此为来源目录门牌参考点，未独立测绘或核定建筑轮廓。",
        "wikipediaUrl": "https://zh.wikipedia.org/wiki/%E8%87%AA%E7%94%B1%E5%85%AC%E5%AF%93",
        "wikidataId": null,
        "historicalGeometryVerified": false
      }
    },
    {
      "type": "Feature",
      "id": "sh-fgj-2D042-01-address-reference",
      "geometry": {
        "type": "Point",
        "coordinates": [
          121.439784,
          31.2072
        ]
      },
      "properties": {
        "officialId": "sh-fgj-2D042-01",
        "wikipediaId": "wiki-heritage-t03-r0147",
        "batch": 2,
        "officialCodeRaw": "2D042",
        "name": "高安公寓",
        "articleTitle": "高安公寓",
        "address": "高安路14号",
        "addressComparison": "exact",
        "coordinateScope": "address-reference-point",
        "coordinateSystem": "WGS84",
        "precisionDegrees": null,
        "origin": "shanghai-library",
        "sourceUrl": "https://data.library.sh.cn/entity/architecture/dkv54ia1hefdg3kg",
        "coordinateSourceTitle": "上海图书馆历史建筑开放数据",
        "sourceAddress": "高安路14号",
        "locationNote": "此为来源目录门牌参考点，未独立测绘或核定建筑轮廓。",
        "wikipediaUrl": "https://zh.wikipedia.org/wiki/%E9%AB%98%E5%AE%89%E5%85%AC%E5%AF%93",
        "wikidataId": null,
        "historicalGeometryVerified": false
      }
    },
    {
      "type": "Feature",
      "id": "sh-fgj-2D043-01-address-reference",
      "geometry": {
        "type": "Point",
        "coordinates": [
          121.441449,
          31.212735
        ]
      },
      "properties": {
        "officialId": "sh-fgj-2D043-01",
        "wikipediaId": "wiki-heritage-t03-r0150",
        "batch": 2,
        "officialCodeRaw": "2D043",
        "name": "会乐精舍",
        "articleTitle": "会乐精舍",
        "address": "复兴西路34号",
        "addressComparison": "exact",
        "coordinateScope": "address-reference-point",
        "coordinateSystem": "WGS84",
        "precisionDegrees": null,
        "origin": "shanghai-library",
        "sourceUrl": "https://data.library.sh.cn/entity/architecture/18eyuzlckyw0ity3",
        "coordinateSourceTitle": "上海图书馆历史建筑开放数据",
        "sourceAddress": "复兴西路34号",
        "locationNote": "此为来源目录门牌参考点，未独立测绘或核定建筑轮廓。",
        "wikipediaUrl": "https://zh.wikipedia.org/wiki/%E5%8D%AB%E4%B9%90%E5%85%AC%E5%AF%93",
        "wikidataId": null,
        "historicalGeometryVerified": false
      }
    },
    {
      "type": "Feature",
      "id": "sh-fgj-2D044-01-address-reference",
      "geometry": {
        "type": "Point",
        "coordinates": [
          121.44701,
          31.212412
        ]
      },
      "properties": {
        "officialId": "sh-fgj-2D044-01",
        "wikipediaId": "wiki-heritage-t03-r0143",
        "batch": 2,
        "officialCodeRaw": "2D044",
        "name": "克莱门公寓",
        "articleTitle": "克莱门公寓",
        "address": "复兴中路1363弄",
        "addressComparison": "exact",
        "coordinateScope": "building-complex-reference-point",
        "coordinateSystem": "WGS84",
        "precisionDegrees": null,
        "origin": "shanghai-library",
        "sourceUrl": "https://data.library.sh.cn/entity/architecture/fyai1frytp446mxs",
        "coordinateSourceTitle": "上海图书馆历史建筑开放数据",
        "sourceAddress": "复兴中路1363弄",
        "locationNote": "此为门址所在里弄、院落或建筑群参考点，未逐栋核定位置。",
        "wikipediaUrl": "https://zh.wikipedia.org/wiki/%E5%85%8B%E8%8E%B1%E9%97%A8%E5%85%AC%E5%AF%93",
        "wikidataId": null,
        "historicalGeometryVerified": false
      }
    },
    {
      "type": "Feature",
      "id": "sh-fgj-2D045-01-address-reference",
      "geometry": {
        "type": "Point",
        "coordinates": [
          121.451433,
          31.215404
        ]
      },
      "properties": {
        "officialId": "sh-fgj-2D045-01",
        "wikipediaId": "wiki-heritage-t03-r0131",
        "batch": 2,
        "officialCodeRaw": "2D045",
        "name": "住宅",
        "articleTitle": "汾阳路9弄3号 住宅",
        "address": "汾阳路9弄3号",
        "addressComparison": "exact",
        "coordinateScope": "building-complex-reference-point",
        "coordinateSystem": "WGS84",
        "precisionDegrees": null,
        "origin": "shanghai-library",
        "sourceUrl": "https://data.library.sh.cn/entity/architecture/vaj626f0ip2e8568",
        "coordinateSourceTitle": "上海图书馆历史建筑开放数据",
        "sourceAddress": "汾阳路9弄3号",
        "locationNote": "此为门址所在里弄、院落或建筑群参考点，未逐栋核定位置。",
        "wikipediaUrl": "https://zh.wikipedia.org/zh-hans/上海市优秀历史建筑",
        "wikidataId": null,
        "historicalGeometryVerified": false
      }
    },
    {
      "type": "Feature",
      "id": "sh-fgj-2D046-01-address-reference",
      "geometry": {
        "type": "Point",
        "coordinates": [
          121.445712,
          31.210369
        ]
      },
      "properties": {
        "officialId": "sh-fgj-2D046-01",
        "wikipediaId": "wiki-heritage-t03-r0157",
        "batch": 2,
        "officialCodeRaw": "2D046",
        "name": "住宅",
        "articleTitle": "东平路9号 上海音乐学院附校",
        "address": "东平路9号",
        "addressComparison": "exact",
        "coordinateScope": "address-reference-point",
        "coordinateSystem": "WGS84",
        "precisionDegrees": null,
        "origin": "shanghai-library",
        "sourceUrl": "https://data.library.sh.cn/entity/architecture/1kqoajb4oy3veu47",
        "coordinateSourceTitle": "上海图书馆历史建筑开放数据",
        "sourceAddress": "东平路9号",
        "locationNote": "此为来源目录门牌参考点，未独立测绘或核定建筑轮廓。",
        "wikipediaUrl": "https://zh.wikipedia.org/wiki/%E7%88%B1%E5%BA%90",
        "wikidataId": null,
        "historicalGeometryVerified": false
      }
    },
    {
      "type": "Feature",
      "id": "sh-fgj-2D047-01-address-reference",
      "geometry": {
        "type": "Point",
        "coordinates": [
          121.444634,
          31.215688
        ]
      },
      "properties": {
        "officialId": "sh-fgj-2D047-01",
        "wikipediaId": "wiki-heritage-t03-r0156",
        "batch": 2,
        "officialCodeRaw": "2D047",
        "name": "赛华公寓",
        "articleTitle": "赛华公寓",
        "address": "常熟路209号",
        "addressComparison": "exact",
        "coordinateScope": "address-reference-point",
        "coordinateSystem": "WGS84",
        "precisionDegrees": null,
        "origin": "shanghai-library",
        "sourceUrl": "https://data.library.sh.cn/entity/architecture/8h4eh0vbyf7hrfyn",
        "coordinateSourceTitle": "上海图书馆历史建筑开放数据",
        "sourceAddress": "常熟路209号",
        "locationNote": "此为来源目录门牌参考点，未独立测绘或核定建筑轮廓。",
        "wikipediaUrl": "https://zh.wikipedia.org/wiki/%E7%91%9E%E5%8D%8E%E5%85%AC%E5%AF%93",
        "wikidataId": null,
        "historicalGeometryVerified": false
      }
    },
    {
      "type": "Feature",
      "id": "sh-fgj-2D048-01-address-reference",
      "geometry": {
        "type": "Point",
        "coordinates": [
          121.445707,
          31.216902
        ]
      },
      "properties": {
        "officialId": "sh-fgj-2D048-01",
        "wikipediaId": "wiki-heritage-t03-r0171",
        "batch": 2,
        "officialCodeRaw": "2D048",
        "name": "住宅",
        "articleTitle": "延庆路130号 上海肺科医院",
        "address": "延庆路130号",
        "addressComparison": "exact",
        "coordinateScope": "address-reference-point",
        "coordinateSystem": "WGS84",
        "precisionDegrees": null,
        "origin": "shanghai-library",
        "sourceUrl": "https://data.library.sh.cn/entity/architecture/nowjurdae6eulelk",
        "coordinateSourceTitle": "上海图书馆历史建筑开放数据",
        "sourceAddress": "延庆路130号",
        "locationNote": "此为来源目录门牌参考点，未独立测绘或核定建筑轮廓。",
        "wikipediaUrl": "https://zh.wikipedia.org/zh-hans/上海市优秀历史建筑",
        "wikidataId": null,
        "historicalGeometryVerified": false
      }
    },
    {
      "type": "Feature",
      "id": "sh-fgj-2F001-01-address-reference",
      "geometry": {
        "type": "Point",
        "coordinates": [
          121.488054,
          31.246201
        ]
      },
      "properties": {
        "officialId": "sh-fgj-2F001-01",
        "wikipediaId": "wiki-heritage-t03-r0174",
        "batch": 2,
        "officialCodeRaw": "2F001",
        "name": "日本领事馆/联合救济总署",
        "articleTitle": "日本领事馆/联合救济总署",
        "address": "黄浦路106号红楼/灰楼",
        "addressComparison": "different-as-listed",
        "coordinateScope": "building-complex-reference-point",
        "coordinateSystem": "WGS84",
        "precisionDegrees": null,
        "origin": "shanghai-library",
        "sourceUrl": "https://data.library.sh.cn/entity/architecture/l28p1bjoxus5pu6i",
        "coordinateSourceTitle": "上海图书馆历史建筑开放数据",
        "sourceAddress": "黄浦路106号",
        "locationNote": "此为门址所在里弄、院落或建筑群参考点，未逐栋核定位置。 来源门址与官方写法有差异，原始门牌和对照理由均保留。",
        "wikipediaUrl": "https://zh.wikipedia.org/wiki/%E6%97%A5%E6%9C%AC%E9%A2%86%E4%BA%8B%E9%A6%86_(%E4%B8%8A%E6%B5%B7)",
        "wikidataId": null,
        "historicalGeometryVerified": false
      }
    },
    {
      "type": "Feature",
      "id": "sh-fgj-2F002-01-address-reference",
      "geometry": {
        "type": "Point",
        "coordinates": [
          121.479647,
          31.245608
        ]
      },
      "properties": {
        "officialId": "sh-fgj-2F002-01",
        "wikipediaId": "wiki-heritage-t03-r0134",
        "batch": 2,
        "officialCodeRaw": "2F002",
        "name": "河滨公寓",
        "articleTitle": "河滨公寓",
        "address": "北苏州路340号",
        "addressComparison": "exact",
        "coordinateScope": "address-reference-point",
        "coordinateSystem": "WGS84",
        "precisionDegrees": null,
        "origin": "shanghai-library",
        "sourceUrl": "https://data.library.sh.cn/entity/architecture/c6z6csmhak21giuv",
        "coordinateSourceTitle": "上海图书馆历史建筑开放数据",
        "sourceAddress": "北苏州路340号",
        "locationNote": "此为来源目录门牌参考点，未独立测绘或核定建筑轮廓。",
        "wikipediaUrl": "https://zh.wikipedia.org/wiki/%E6%B2%B3%E6%BB%A8%E5%A4%A7%E6%A5%BC",
        "wikidataId": null,
        "historicalGeometryVerified": false
      }
    },
    {
      "type": "Feature",
      "id": "sh-fgj-2F003-01-address-reference",
      "geometry": {
        "type": "Point",
        "coordinates": [
          121.477993,
          31.263977
        ]
      },
      "properties": {
        "officialId": "sh-fgj-2F003-01",
        "wikipediaId": "wiki-heritage-t03-r0080",
        "batch": 2,
        "officialCodeRaw": "2F003",
        "name": "鸿德堂",
        "articleTitle": "鸿德堂",
        "address": "多伦路59号",
        "addressComparison": "exact",
        "coordinateScope": "address-reference-point",
        "coordinateSystem": "WGS84",
        "precisionDegrees": null,
        "origin": "shanghai-library",
        "sourceUrl": "https://data.library.sh.cn/entity/architecture/hftnzhlqq0is5kbr",
        "coordinateSourceTitle": "上海图书馆历史建筑开放数据",
        "sourceAddress": "多伦路59号",
        "locationNote": "此为来源目录门牌参考点，未独立测绘或核定建筑轮廓。",
        "wikipediaUrl": "https://zh.wikipedia.org/wiki/%E9%B8%BF%E5%BE%B7%E5%A0%82",
        "wikidataId": null,
        "historicalGeometryVerified": false
      }
    },
    {
      "type": "Feature",
      "id": "sh-fgj-2F004-01-address-reference",
      "geometry": {
        "type": "Point",
        "coordinates": [
          121.493571,
          31.252358
        ]
      },
      "properties": {
        "officialId": "sh-fgj-2F004-01",
        "wikipediaId": "wiki-heritage-t03-r0071",
        "batch": 2,
        "officialCodeRaw": "2F004",
        "name": "雷氏德工学院",
        "articleTitle": "雷氏德工学院",
        "address": "东长治路505号",
        "addressComparison": "exact",
        "coordinateScope": "address-reference-point",
        "coordinateSystem": "WGS84",
        "precisionDegrees": null,
        "origin": "shanghai-library",
        "sourceUrl": "https://data.library.sh.cn/entity/architecture/diesr32ubxudyq2e",
        "coordinateSourceTitle": "上海图书馆历史建筑开放数据",
        "sourceAddress": "东长治路505号",
        "locationNote": "此为来源目录门牌参考点，未独立测绘或核定建筑轮廓。",
        "wikipediaUrl": "https://zh.wikipedia.org/wiki/%E9%9B%B7%E5%A3%AB%E5%BE%B7%E5%B7%A5%E5%AD%A6%E9%99%A2",
        "wikidataId": null,
        "historicalGeometryVerified": false
      }
    },
    {
      "type": "Feature",
      "id": "sh-fgj-2F005-01-address-reference",
      "geometry": {
        "type": "Point",
        "coordinates": [
          121.492003,
          31.249135
        ]
      },
      "properties": {
        "officialId": "sh-fgj-2F005-01",
        "wikipediaId": "wiki-heritage-t03-r0060",
        "batch": 2,
        "officialCodeRaw": "2F005",
        "name": "北方局",
        "articleTitle": "北方局",
        "address": "东大名路378号",
        "addressComparison": "exact",
        "coordinateScope": "address-reference-point",
        "coordinateSystem": "WGS84",
        "precisionDegrees": null,
        "origin": "shanghai-library",
        "sourceUrl": "https://data.library.sh.cn/entity/architecture/q332q08ke788qt5u",
        "coordinateSourceTitle": "上海图书馆历史建筑开放数据",
        "sourceAddress": "东大名路378号",
        "locationNote": "此为来源目录门牌参考点，未独立测绘或核定建筑轮廓。",
        "wikipediaUrl": "https://zh.wikipedia.org/wiki/%E4%B8%8A%E6%B5%B7%E8%88%B9%E5%8E%82",
        "wikidataId": null,
        "historicalGeometryVerified": false
      }
    },
    {
      "type": "Feature",
      "id": "sh-fgj-2F006-01-address-reference",
      "geometry": {
        "type": "Point",
        "coordinates": [
          121.499504,
          31.252733
        ]
      },
      "properties": {
        "officialId": "sh-fgj-2F006-01",
        "wikipediaId": "wiki-heritage-t03-r0168",
        "batch": 2,
        "officialCodeRaw": "2F006",
        "name": "高阳大楼",
        "articleTitle": "高阳大楼",
        "address": "东大名路817号",
        "addressComparison": "exact",
        "coordinateScope": "address-reference-point",
        "coordinateSystem": "WGS84",
        "precisionDegrees": null,
        "origin": "shanghai-library",
        "sourceUrl": "https://data.library.sh.cn/entity/architecture/3wndllll77mak3mj",
        "coordinateSourceTitle": "上海图书馆历史建筑开放数据",
        "sourceAddress": "东大名路817号",
        "locationNote": "此为来源目录门牌参考点，未独立测绘或核定建筑轮廓。",
        "wikipediaUrl": "https://zh.wikipedia.org/zh-hans/上海市优秀历史建筑",
        "wikidataId": null,
        "historicalGeometryVerified": false
      }
    },
    {
      "type": "Feature",
      "id": "sh-fgj-2F008-01-address-reference",
      "geometry": {
        "type": "Point",
        "coordinates": [
          121.480182,
          31.252716
        ]
      },
      "properties": {
        "officialId": "sh-fgj-2F008-01",
        "wikipediaId": "wiki-heritage-t03-r0154",
        "batch": 2,
        "officialCodeRaw": "2F008",
        "name": "四行大楼",
        "articleTitle": "四行大楼",
        "address": "四川北路1274号",
        "addressComparison": "exact",
        "coordinateScope": "address-reference-point",
        "coordinateSystem": "WGS84",
        "precisionDegrees": null,
        "origin": "shanghai-library",
        "sourceUrl": "https://data.library.sh.cn/entity/architecture/yfr7kim5vxbt4cdo",
        "coordinateSourceTitle": "上海图书馆历史建筑开放数据",
        "sourceAddress": "四川北路1274号",
        "locationNote": "此为来源目录门牌参考点，未独立测绘或核定建筑轮廓。",
        "wikipediaUrl": "https://zh.wikipedia.org/wiki/%E5%9B%9B%E8%A1%8C%E5%A4%A7%E6%A5%BC",
        "wikidataId": null,
        "historicalGeometryVerified": false
      }
    },
    {
      "type": "Feature",
      "id": "sh-fgj-2F010-01-address-reference",
      "geometry": {
        "type": "Point",
        "coordinates": [
          121.483306,
          31.251429
        ]
      },
      "properties": {
        "officialId": "sh-fgj-2F010-01",
        "wikipediaId": "wiki-heritage-t03-r0083",
        "batch": 2,
        "officialCodeRaw": "2F010",
        "name": "景灵堂",
        "articleTitle": "景灵堂",
        "address": "昆山路135号",
        "addressComparison": "exact",
        "coordinateScope": "address-reference-point",
        "coordinateSystem": "WGS84",
        "precisionDegrees": null,
        "origin": "shanghai-library",
        "sourceUrl": "https://data.library.sh.cn/entity/architecture/oanew610xsj8jcgu",
        "coordinateSourceTitle": "上海图书馆历史建筑开放数据",
        "sourceAddress": "昆山路135号",
        "locationNote": "此为来源目录门牌参考点，未独立测绘或核定建筑轮廓。",
        "wikipediaUrl": "https://zh.wikipedia.org/wiki/%E6%99%AF%E6%9E%97%E5%A0%82",
        "wikidataId": null,
        "historicalGeometryVerified": false
      }
    },
    {
      "type": "Feature",
      "id": "sh-fgj-2F011-01-address-reference",
      "geometry": {
        "type": "Point",
        "coordinates": [
          121.483485,
          31.255361
        ]
      },
      "properties": {
        "officialId": "sh-fgj-2F011-01",
        "wikipediaId": "wiki-heritage-t03-r0014",
        "batch": 2,
        "officialCodeRaw": "2F011",
        "name": "虹口救火会",
        "articleTitle": "虹口救火会",
        "address": "哈尔滨路2号",
        "addressComparison": "different-as-listed",
        "coordinateScope": "address-reference-point",
        "coordinateSystem": "WGS84",
        "precisionDegrees": null,
        "origin": "shanghai-library",
        "sourceUrl": "https://data.library.sh.cn/entity/architecture/3f7aka0jb7s5in02",
        "coordinateSourceTitle": "上海图书馆历史建筑开放数据",
        "sourceAddress": "吴淞路560号",
        "locationNote": "此为来源目录门牌参考点，未独立测绘或核定建筑轮廓。 来源门址与官方写法有差异，原始门牌和对照理由均保留。",
        "wikipediaUrl": "https://zh.wikipedia.org/wiki/%E8%99%B9%E5%8F%A3%E6%95%91%E7%81%AB%E4%BC%9A",
        "wikidataId": null,
        "historicalGeometryVerified": false
      }
    },
    {
      "type": "Feature",
      "id": "sh-fgj-2M001-01-address-reference",
      "geometry": {
        "type": "Point",
        "coordinates": [
          121.423818,
          31.203576
        ]
      },
      "properties": {
        "officialId": "sh-fgj-2M001-01",
        "wikipediaId": "wiki-heritage-t03-r0125",
        "batch": 2,
        "officialCodeRaw": "2M001",
        "name": "住宅",
        "articleTitle": "新华路185弄1号 安徽省驻沪办事处招待所",
        "address": "新华路185弄1号",
        "addressComparison": "exact",
        "coordinateScope": "building-complex-reference-point",
        "coordinateSystem": "WGS84",
        "precisionDegrees": null,
        "origin": "shanghai-library",
        "sourceUrl": "https://data.library.sh.cn/entity/architecture/pb7znbajo5y8rhpd",
        "coordinateSourceTitle": "上海图书馆历史建筑开放数据",
        "sourceAddress": "新华路185弄1号",
        "locationNote": "此为门址所在里弄、院落或建筑群参考点，未逐栋核定位置。",
        "wikipediaUrl": "https://zh.wikipedia.org/zh-hans/上海市优秀历史建筑",
        "wikidataId": null,
        "historicalGeometryVerified": false
      }
    },
    {
      "type": "Feature",
      "id": "sh-fgj-2M002-01-address-reference",
      "geometry": {
        "type": "Point",
        "coordinates": [
          121.422211,
          31.204645
        ]
      },
      "properties": {
        "officialId": "sh-fgj-2M002-01",
        "wikipediaId": "wiki-heritage-t03-r0126",
        "batch": 2,
        "officialCodeRaw": "2M002",
        "name": "住宅",
        "articleTitle": "新华路315号 长发集团",
        "address": "新华路315号",
        "addressComparison": "exact",
        "coordinateScope": "address-reference-point",
        "coordinateSystem": "WGS84",
        "precisionDegrees": null,
        "origin": "shanghai-library",
        "sourceUrl": "https://data.library.sh.cn/entity/architecture/0bqsj3lb2tfgacv0",
        "coordinateSourceTitle": "上海图书馆历史建筑开放数据",
        "sourceAddress": "新华路315号",
        "locationNote": "此为来源目录门牌参考点，未独立测绘或核定建筑轮廓。",
        "wikipediaUrl": "https://zh.wikipedia.org/wiki/%E5%93%A5%E4%BC%A6%E6%AF%94%E4%BA%9A%E4%BD%8F%E5%AE%85%E5%9C%88",
        "wikidataId": null,
        "historicalGeometryVerified": false
      }
    },
    {
      "type": "Feature",
      "id": "sh-fgj-2M003-01-address-reference",
      "geometry": {
        "type": "Point",
        "coordinates": [
          121.421508,
          31.204444
        ]
      },
      "properties": {
        "officialId": "sh-fgj-2M003-01",
        "wikipediaId": "wiki-heritage-t03-r0127",
        "batch": 2,
        "officialCodeRaw": "2M003",
        "name": "住宅",
        "articleTitle": "新华路329弄17号 住宅",
        "address": "新华路329弄17号",
        "addressComparison": "exact",
        "coordinateScope": "building-complex-reference-point",
        "coordinateSystem": "WGS84",
        "precisionDegrees": null,
        "origin": "shanghai-library",
        "sourceUrl": "https://data.library.sh.cn/entity/architecture/13h07pkbdnvio6hz",
        "coordinateSourceTitle": "上海图书馆历史建筑开放数据",
        "sourceAddress": "新华路329弄17号",
        "locationNote": "此为门址所在里弄、院落或建筑群参考点，未逐栋核定位置。",
        "wikipediaUrl": "https://zh.wikipedia.org/zh-hans/上海市优秀历史建筑",
        "wikidataId": null,
        "historicalGeometryVerified": false
      }
    },
    {
      "type": "Feature",
      "id": "sh-fgj-2M004-01-address-reference",
      "geometry": {
        "type": "Point",
        "coordinates": [
          121.418012,
          31.220867
        ]
      },
      "properties": {
        "officialId": "sh-fgj-2M004-01",
        "wikipediaId": "wiki-heritage-t03-r0138",
        "batch": 2,
        "officialCodeRaw": "2M004",
        "name": "西园大厦",
        "articleTitle": "西园大厦",
        "address": "愚园路1396号",
        "addressComparison": "exact",
        "coordinateScope": "address-reference-point",
        "coordinateSystem": "WGS84",
        "precisionDegrees": null,
        "origin": "shanghai-library",
        "sourceUrl": "https://data.library.sh.cn/entity/architecture/v81h6by6qsozc6zd",
        "coordinateSourceTitle": "上海图书馆历史建筑开放数据",
        "sourceAddress": "愚园路1396号",
        "locationNote": "此为来源目录门牌参考点，未独立测绘或核定建筑轮廓。",
        "wikipediaUrl": "https://zh.wikipedia.org/wiki/%E8%A5%BF%E5%9B%AD%E5%A4%A7%E5%8E%A6",
        "wikidataId": null,
        "historicalGeometryVerified": false
      }
    },
    {
      "type": "Feature",
      "id": "sh-fgj-2M005-01-address-reference",
      "geometry": {
        "type": "Point",
        "coordinates": [
          121.423987,
          31.215655
        ]
      },
      "properties": {
        "officialId": "sh-fgj-2M005-01",
        "wikipediaId": "wiki-heritage-t03-r0124",
        "batch": 2,
        "officialCodeRaw": "2M005",
        "name": "住宅",
        "articleTitle": "武夷路127号 意大利领事馆",
        "address": "武夷路127号",
        "addressComparison": "exact",
        "coordinateScope": "address-reference-point",
        "coordinateSystem": "WGS84",
        "precisionDegrees": null,
        "origin": "shanghai-library",
        "sourceUrl": "https://data.library.sh.cn/entity/architecture/obnh63nty0875ni5",
        "coordinateSourceTitle": "上海图书馆历史建筑开放数据",
        "sourceAddress": "武夷路127号",
        "locationNote": "此为来源目录门牌参考点，未独立测绘或核定建筑轮廓。",
        "wikipediaUrl": "https://zh.wikipedia.org/zh-hans/上海市优秀历史建筑",
        "wikidataId": null,
        "historicalGeometryVerified": false
      }
    },
    {
      "type": "Feature",
      "id": "sh-fgj-2M007-01-address-reference",
      "geometry": {
        "type": "Point",
        "coordinates": [
          121.430747,
          31.207473
        ]
      },
      "properties": {
        "officialId": "sh-fgj-2M007-01",
        "wikipediaId": "wiki-heritage-t03-r0105",
        "batch": 2,
        "officialCodeRaw": "2M007",
        "name": "卫乐园",
        "articleTitle": "卫乐园",
        "address": "泰安路120号",
        "addressComparison": "different-as-listed",
        "coordinateScope": "building-complex-reference-point",
        "coordinateSystem": "WGS84",
        "precisionDegrees": null,
        "origin": "shanghai-library",
        "sourceUrl": "https://data.library.sh.cn/entity/architecture/7vi4dkpe0csavxxn",
        "coordinateSourceTitle": "上海图书馆历史建筑开放数据",
        "sourceAddress": "泰安路120弄",
        "locationNote": "此为门址所在里弄、院落或建筑群参考点，未逐栋核定位置。 来源门址与官方写法有差异，原始门牌和对照理由均保留。",
        "wikipediaUrl": "https://zh.wikipedia.org/wiki/%E5%8D%AB%E4%B9%90%E5%9B%AD",
        "wikidataId": null,
        "historicalGeometryVerified": false
      }
    },
    {
      "type": "Feature",
      "id": "sh-fgj-2M008-01-address-reference",
      "geometry": {
        "type": "Point",
        "coordinates": [
          121.425296,
          31.224314
        ]
      },
      "properties": {
        "officialId": "sh-fgj-2M008-01",
        "wikipediaId": "wiki-heritage-t03-r0075",
        "batch": 2,
        "officialCodeRaw": "2M008",
        "name": "中西女中",
        "articleTitle": "中西女中",
        "address": "江苏路155号东楼/北楼",
        "addressComparison": "exact",
        "coordinateScope": "building-complex-reference-point",
        "coordinateSystem": "WGS84",
        "precisionDegrees": null,
        "origin": "shanghai-library",
        "sourceUrl": "https://data.library.sh.cn/entity/architecture/0vfbevbnka5yycck",
        "coordinateSourceTitle": "上海图书馆历史建筑开放数据",
        "sourceAddress": "江苏路155号",
        "locationNote": "此为门址所在里弄、院落或建筑群参考点，未逐栋核定位置。 来源门址与官方写法有差异，原始门牌和对照理由均保留。",
        "wikipediaUrl": "https://zh.wikipedia.org/wiki/%E4%B8%AD%E8%A5%BF%E5%A5%B3%E5%AD%90%E4%B8%AD%E5%AD%A6_(%E4%B8%8A%E6%B5%B7)",
        "wikidataId": null,
        "historicalGeometryVerified": false
      }
    },
    {
      "type": "Feature",
      "id": "sh-fgj-2M009-01-address-reference",
      "geometry": {
        "type": "Point",
        "coordinates": [
          121.37178,
          31.194358
        ]
      },
      "properties": {
        "officialId": "sh-fgj-2M009-01",
        "wikipediaId": "wiki-heritage-t03-r0128",
        "batch": 2,
        "officialCodeRaw": "2M009*",
        "name": "住宅",
        "articleTitle": "虹桥路2275号 住宅",
        "address": "虹桥路2275号",
        "addressComparison": "exact",
        "coordinateScope": "address-reference-point",
        "coordinateSystem": "WGS84",
        "precisionDegrees": null,
        "origin": "shanghai-library",
        "sourceUrl": "https://data.library.sh.cn/entity/architecture/mcnnqw7so5rbpe3x",
        "coordinateSourceTitle": "上海图书馆历史建筑开放数据",
        "sourceAddress": "虹桥路2275号",
        "locationNote": "此为来源目录门牌参考点，未独立测绘或核定建筑轮廓。 官方名录已注明灭失；点位仅作原门址参考，不表示建筑仍存在。",
        "wikipediaUrl": "https://zh.wikipedia.org/zh-hans/上海市优秀历史建筑",
        "wikidataId": null,
        "historicalGeometryVerified": false
      }
    },
    {
      "type": "Feature",
      "id": "sh-fgj-2M011-01-address-reference",
      "geometry": {
        "type": "Point",
        "coordinates": [
          121.429852,
          31.222718
        ]
      },
      "properties": {
        "officialId": "sh-fgj-2M011-01",
        "wikipediaId": "wiki-heritage-t03-r0130",
        "batch": 2,
        "officialCodeRaw": "2M011",
        "name": "住宅",
        "articleTitle": "愚园路754号 住宅",
        "address": "愚园路754号",
        "addressComparison": "exact",
        "coordinateScope": "address-reference-point",
        "coordinateSystem": "WGS84",
        "precisionDegrees": null,
        "origin": "shanghai-library",
        "sourceUrl": "https://data.library.sh.cn/entity/architecture/sz5xi0f1p2h4e34r",
        "coordinateSourceTitle": "上海图书馆历史建筑开放数据",
        "sourceAddress": "愚园路754号",
        "locationNote": "此为来源目录门牌参考点，未独立测绘或核定建筑轮廓。",
        "wikipediaUrl": "https://zh.wikipedia.org/zh-hans/上海市优秀历史建筑",
        "wikidataId": null,
        "historicalGeometryVerified": false
      }
    },
    {
      "type": "Feature",
      "id": "sh-fgj-2N001-01-address-reference",
      "geometry": {
        "type": "Point",
        "coordinates": [
          121.429998,
          31.251846
        ]
      },
      "properties": {
        "officialId": "sh-fgj-2N001-01",
        "wikipediaId": "wiki-heritage-t03-r0172",
        "batch": 2,
        "officialCodeRaw": "2N001",
        "name": "中国造币厂",
        "articleTitle": "中国造币厂",
        "address": "光复西路17号",
        "addressComparison": "exact",
        "coordinateScope": "building-complex-reference-point",
        "coordinateSystem": "WGS84",
        "precisionDegrees": null,
        "origin": "shanghai-library",
        "sourceUrl": "https://data.library.sh.cn/entity/architecture/vlyu3vn7q6xsygqc",
        "coordinateSourceTitle": "上海图书馆历史建筑开放数据",
        "sourceAddress": "光复西路17号",
        "locationNote": "此为门址所在里弄、院落或建筑群参考点，未逐栋核定位置。",
        "wikipediaUrl": "https://zh.wikipedia.org/zh-hans/上海市优秀历史建筑",
        "wikidataId": null,
        "historicalGeometryVerified": false
      }
    },
    {
      "type": "Feature",
      "id": "sh-fgj-3A004-01-address-reference",
      "geometry": {
        "type": "Point",
        "coordinates": [
          121.484879,
          31.236176
        ]
      },
      "properties": {
        "officialId": "sh-fgj-3A004-01",
        "wikipediaId": "wiki-heritage-t04-r0005",
        "batch": 3,
        "officialCodeRaw": "3A004",
        "name": "普益大楼/普益地产公司",
        "articleTitle": "普益大楼/普益地产公司",
        "address": "四川中路106-110号",
        "addressComparison": "formatting-only",
        "coordinateScope": "building-complex-reference-point",
        "coordinateSystem": "WGS84",
        "precisionDegrees": null,
        "origin": "shanghai-library",
        "sourceUrl": "https://data.library.sh.cn/entity/architecture/63j7pw6jf3lt15l4",
        "coordinateSourceTitle": "上海图书馆历史建筑开放数据",
        "sourceAddress": "四川中路106-110号",
        "locationNote": "此为门址所在里弄、院落或建筑群参考点，未逐栋核定位置。",
        "wikipediaUrl": "https://zh.wikipedia.org/zh-hans/上海市优秀历史建筑",
        "wikidataId": null,
        "historicalGeometryVerified": false
      }
    },
    {
      "type": "Feature",
      "id": "sh-fgj-3A005-01-address-reference",
      "geometry": {
        "type": "Point",
        "coordinates": [
          121.486517,
          31.235217
        ]
      },
      "properties": {
        "officialId": "sh-fgj-3A005-01",
        "wikipediaId": "wiki-heritage-t04-r0006",
        "batch": 3,
        "officialCodeRaw": "3A005",
        "name": "大北大楼电报局",
        "articleTitle": "大北大楼电报局",
        "address": "延安东路34号",
        "addressComparison": "exact",
        "coordinateScope": "address-reference-point",
        "coordinateSystem": "WGS84",
        "precisionDegrees": null,
        "origin": "shanghai-library",
        "sourceUrl": "https://data.library.sh.cn/entity/architecture/2cvzqkeb7sztmo78",
        "coordinateSourceTitle": "上海图书馆历史建筑开放数据",
        "sourceAddress": "延安东路34号",
        "locationNote": "此为来源目录门牌参考点，未独立测绘或核定建筑轮廓。",
        "wikipediaUrl": "https://zh.wikipedia.org/wiki/%E4%B8%8A%E6%B5%B7%E7%94%B5%E4%BF%A1%E5%8D%9A%E7%89%A9%E9%A6%86",
        "wikidataId": null,
        "historicalGeometryVerified": false
      }
    },
    {
      "type": "Feature",
      "id": "sh-fgj-3A006-01-address-reference",
      "geometry": {
        "type": "Point",
        "coordinates": [
          121.483521,
          31.238586
        ]
      },
      "properties": {
        "officialId": "sh-fgj-3A006-01",
        "wikipediaId": "wiki-heritage-t04-r0007",
        "batch": 3,
        "officialCodeRaw": "3A006",
        "name": "中南大楼/中南银行",
        "articleTitle": "中南大楼/中南银行",
        "address": "汉口路110号",
        "addressComparison": "exact",
        "coordinateScope": "address-reference-point",
        "coordinateSystem": "WGS84",
        "precisionDegrees": null,
        "origin": "shanghai-library",
        "sourceUrl": "https://data.library.sh.cn/entity/architecture/xcf4a6v8p58qpu8g",
        "coordinateSourceTitle": "上海图书馆历史建筑开放数据",
        "sourceAddress": "汉口路110号",
        "locationNote": "此为来源目录门牌参考点，未独立测绘或核定建筑轮廓。",
        "wikipediaUrl": "https://zh.wikipedia.org/wiki/%E4%B8%AD%E5%8D%97%E9%8A%80%E8%A1%8C",
        "wikidataId": null,
        "historicalGeometryVerified": false
      }
    },
    {
      "type": "Feature",
      "id": "sh-fgj-3A007-01-address-reference",
      "geometry": {
        "type": "Point",
        "coordinates": [
          121.482424,
          31.240084
        ]
      },
      "properties": {
        "officialId": "sh-fgj-3A007-01",
        "wikipediaId": "wiki-heritage-t04-r0008",
        "batch": 3,
        "officialCodeRaw": "3A007",
        "name": "美伦大楼",
        "articleTitle": "美伦大楼",
        "address": "南京东路161号",
        "addressComparison": "different-as-listed",
        "coordinateScope": "building-complex-reference-point",
        "coordinateSystem": "WGS84",
        "precisionDegrees": null,
        "origin": "shanghai-library",
        "sourceUrl": "https://data.library.sh.cn/entity/architecture/zbh1uouqo5yvabdf",
        "coordinateSourceTitle": "上海图书馆历史建筑开放数据",
        "sourceAddress": "南京东路161号",
        "locationNote": "此为门址所在里弄、院落或建筑群参考点，未逐栋核定位置。 同址有多个保护项，分别保留记录；共用门址点不能区分各楼栋。",
        "wikipediaUrl": "https://zh.wikipedia.org/zh-hans/上海市优秀历史建筑",
        "wikidataId": null,
        "historicalGeometryVerified": false
      }
    },
    {
      "type": "Feature",
      "id": "sh-fgj-3A008-01-address-reference",
      "geometry": {
        "type": "Point",
        "coordinates": [
          121.481975,
          31.239915
        ]
      },
      "properties": {
        "officialId": "sh-fgj-3A008-01",
        "wikipediaId": "wiki-heritage-t04-r0009",
        "batch": 3,
        "officialCodeRaw": "3A008",
        "name": "电力大楼/上海电力公司",
        "articleTitle": "电力大楼/上海电力公司",
        "address": "南京东路181号",
        "addressComparison": "exact",
        "coordinateScope": "address-reference-point",
        "coordinateSystem": "WGS84",
        "precisionDegrees": null,
        "origin": "shanghai-library",
        "sourceUrl": "https://data.library.sh.cn/entity/architecture/hqa6nfv01y0t58pn",
        "coordinateSourceTitle": "上海图书馆历史建筑开放数据",
        "sourceAddress": "南京东路181号",
        "locationNote": "此为来源目录门牌参考点，未独立测绘或核定建筑轮廓。",
        "wikipediaUrl": "https://zh.wikipedia.org/zh-hans/上海市优秀历史建筑",
        "wikidataId": null,
        "historicalGeometryVerified": false
      }
    },
    {
      "type": "Feature",
      "id": "sh-fgj-3A009-01-address-reference",
      "geometry": {
        "type": "Point",
        "coordinates": [
          121.482996,
          31.243115
        ]
      },
      "properties": {
        "officialId": "sh-fgj-3A009-01",
        "wikipediaId": "wiki-heritage-t04-r0010",
        "batch": 3,
        "officialCodeRaw": "3A009",
        "name": "博物院大楼/亚洲文会、英国皇家亚洲文会北中国支会",
        "articleTitle": "博物院大楼/亚洲文会、英国皇家亚洲文会北中国支会",
        "address": "虎丘路20号",
        "addressComparison": "exact",
        "coordinateScope": "address-reference-point",
        "coordinateSystem": "WGS84",
        "precisionDegrees": null,
        "origin": "shanghai-library",
        "sourceUrl": "https://data.library.sh.cn/entity/architecture/gg0j40r8xk260xsf",
        "coordinateSourceTitle": "上海图书馆历史建筑开放数据",
        "sourceAddress": "虎丘路20号",
        "locationNote": "此为来源目录门牌参考点，未独立测绘或核定建筑轮廓。",
        "wikipediaUrl": "https://zh.wikipedia.org/wiki/%E4%B8%8A%E6%B5%B7%E4%BA%9A%E6%B4%B2%E6%96%87%E4%BC%9A%E5%A4%A7%E6%A5%BC",
        "wikidataId": null,
        "historicalGeometryVerified": false
      }
    },
    {
      "type": "Feature",
      "id": "sh-fgj-3A010-01-address-reference",
      "geometry": {
        "type": "Point",
        "coordinates": [
          121.482727,
          31.245403
        ]
      },
      "properties": {
        "officialId": "sh-fgj-3A010-01",
        "wikipediaId": "wiki-heritage-t04-r0011",
        "batch": 3,
        "officialCodeRaw": "3A010",
        "name": "颐中大楼/ 英美颐中烟草股份有限公司",
        "articleTitle": "颐中大楼/ 英美颐中烟草股份有限公司",
        "address": "南苏州路175号",
        "addressComparison": "different-as-listed",
        "coordinateScope": "address-reference-point",
        "coordinateSystem": "WGS84",
        "precisionDegrees": null,
        "origin": "shanghai-library",
        "sourceUrl": "https://data.library.sh.cn/entity/architecture/ir2zihrohly5wixa",
        "coordinateSourceTitle": "上海图书馆历史建筑开放数据",
        "sourceAddress": "南苏州路161-175号",
        "locationNote": "此为来源目录门牌参考点，未独立测绘或核定建筑轮廓。 来源门址与官方写法有差异，原始门牌和对照理由均保留。",
        "wikipediaUrl": "https://zh.wikipedia.org/zh-hans/上海市优秀历史建筑",
        "wikidataId": null,
        "historicalGeometryVerified": false
      }
    },
    {
      "type": "Feature",
      "id": "sh-fgj-3A011-01-address-reference",
      "geometry": {
        "type": "Point",
        "coordinates": [
          121.48491,
          31.236612
        ]
      },
      "properties": {
        "officialId": "sh-fgj-3A011-01",
        "wikipediaId": "wiki-heritage-t04-r0012",
        "batch": 3,
        "officialCodeRaw": "3A011",
        "name": "沪宁铁路总公司",
        "articleTitle": "沪宁铁路总公司",
        "address": "四川中路126弄（5、21号）",
        "addressComparison": "formatting-only",
        "coordinateScope": "building-complex-reference-point",
        "coordinateSystem": "WGS84",
        "precisionDegrees": null,
        "origin": "shanghai-library",
        "sourceUrl": "https://data.library.sh.cn/entity/architecture/fbc0ulbmv7wlj8eh",
        "coordinateSourceTitle": "上海图书馆历史建筑开放数据",
        "sourceAddress": "四川中路126弄5-21号",
        "locationNote": "此为门址所在里弄、院落或建筑群参考点，未逐栋核定位置。 来源门址与官方写法有差异，原始门牌和对照理由均保留。",
        "wikipediaUrl": "https://zh.wikipedia.org/zh-hans/上海市优秀历史建筑",
        "wikidataId": null,
        "historicalGeometryVerified": false
      }
    },
    {
      "type": "Feature",
      "id": "sh-fgj-3A012-01-address-reference",
      "geometry": {
        "type": "Point",
        "coordinates": [
          121.484635,
          31.236203
        ]
      },
      "properties": {
        "officialId": "sh-fgj-3A012-01",
        "wikipediaId": "wiki-heritage-t04-r0013",
        "batch": 3,
        "officialCodeRaw": "3A012",
        "name": "三菱大楼、美孚大楼",
        "articleTitle": "三菱大楼、美孚大楼",
        "address": "广东路94-102号/\n四川中路109号",
        "addressComparison": "formatting-only",
        "coordinateScope": "building-complex-reference-point",
        "coordinateSystem": "WGS84",
        "precisionDegrees": null,
        "origin": "shanghai-library",
        "sourceUrl": "https://data.library.sh.cn/entity/architecture/wa8msrodbsmu6m8e",
        "coordinateSourceTitle": "上海图书馆历史建筑开放数据",
        "sourceAddress": "广东路94-102号,四川中路109号",
        "locationNote": "此为门址所在里弄、院落或建筑群参考点，未逐栋核定位置。 来源门址与官方写法有差异，原始门牌和对照理由均保留。",
        "wikipediaUrl": "https://zh.wikipedia.org/zh-hans/上海市优秀历史建筑",
        "wikidataId": null,
        "historicalGeometryVerified": false
      }
    },
    {
      "type": "Feature",
      "id": "sh-fgj-3A013-01-address-reference",
      "geometry": {
        "type": "Point",
        "coordinates": [
          121.482817,
          31.244986
        ]
      },
      "properties": {
        "officialId": "sh-fgj-3A013-01",
        "wikipediaId": "wiki-heritage-t04-r0015",
        "batch": 3,
        "officialCodeRaw": "3A013",
        "name": "青年协会大楼",
        "articleTitle": "青年协会大楼",
        "address": "虎丘路131号",
        "addressComparison": "exact",
        "coordinateScope": "address-reference-point",
        "coordinateSystem": "WGS84",
        "precisionDegrees": null,
        "origin": "shanghai-library",
        "sourceUrl": "https://data.library.sh.cn/entity/architecture/yrwikmj56wiguufb",
        "coordinateSourceTitle": "上海图书馆历史建筑开放数据",
        "sourceAddress": "虎丘路131号",
        "locationNote": "此为来源目录门牌参考点，未独立测绘或核定建筑轮廓。",
        "wikipediaUrl": "https://zh.wikipedia.org/wiki/%E8%99%8E%E4%B8%98%E5%85%AC%E5%AF%93",
        "wikidataId": null,
        "historicalGeometryVerified": false
      }
    },
    {
      "type": "Feature",
      "id": "sh-fgj-3A014-01-address-reference",
      "geometry": {
        "type": "Point",
        "coordinates": [
          121.483448,
          31.244614
        ]
      },
      "properties": {
        "officialId": "sh-fgj-3A014-01",
        "wikipediaId": "wiki-heritage-t04-r0016",
        "batch": 3,
        "officialCodeRaw": "3A014",
        "name": "兰心大楼",
        "articleTitle": "兰心大楼",
        "address": "圆明园路185号",
        "addressComparison": "exact",
        "coordinateScope": "address-reference-point",
        "coordinateSystem": "WGS84",
        "precisionDegrees": null,
        "origin": "shanghai-library",
        "sourceUrl": "https://data.library.sh.cn/entity/architecture/yf8srformx48h80b",
        "coordinateSourceTitle": "上海图书馆历史建筑开放数据",
        "sourceAddress": "圆明园路185号",
        "locationNote": "此为来源目录门牌参考点，未独立测绘或核定建筑轮廓。",
        "wikipediaUrl": "https://zh.wikipedia.org/zh-hans/上海市优秀历史建筑",
        "wikidataId": null,
        "historicalGeometryVerified": false
      }
    },
    {
      "type": "Feature",
      "id": "sh-fgj-3A015-01-address-reference",
      "geometry": {
        "type": "Point",
        "coordinates": [
          121.483154,
          31.236201
        ]
      },
      "properties": {
        "officialId": "sh-fgj-3A015-01",
        "wikipediaId": "wiki-heritage-t04-r0017",
        "batch": 3,
        "officialCodeRaw": "3A015",
        "name": "恒业里",
        "articleTitle": "恒业里",
        "address": "江西中路135弄（1-11号），江西中路115-147号（单号），泗泾路10-24号（双号）",
        "addressComparison": "different-as-listed",
        "coordinateScope": "building-complex-reference-point",
        "coordinateSystem": "WGS84",
        "precisionDegrees": null,
        "origin": "shanghai-library",
        "sourceUrl": "https://data.library.sh.cn/entity/architecture/a523ij3ei2r2ntnr",
        "coordinateSourceTitle": "上海图书馆历史建筑开放数据",
        "sourceAddress": "江西中路135弄1-13号",
        "locationNote": "此为门址所在里弄、院落或建筑群参考点，未逐栋核定位置。 来源门址与官方写法有差异，原始门牌和对照理由均保留。",
        "wikipediaUrl": "https://zh.wikipedia.org/zh-hans/上海市优秀历史建筑",
        "wikidataId": null,
        "historicalGeometryVerified": false
      }
    },
    {
      "type": "Feature",
      "id": "sh-fgj-3A016-01-address-reference",
      "geometry": {
        "type": "Point",
        "coordinates": [
          121.480886,
          31.242671
        ]
      },
      "properties": {
        "officialId": "sh-fgj-3A016-01",
        "wikipediaId": "wiki-heritage-t04-r0018",
        "batch": 3,
        "officialCodeRaw": "3A016",
        "name": "四明大楼",
        "articleTitle": "四明大楼",
        "address": "北京东路232-240号",
        "addressComparison": "formatting-only",
        "coordinateScope": "building-complex-reference-point",
        "coordinateSystem": "WGS84",
        "precisionDegrees": null,
        "origin": "shanghai-library",
        "sourceUrl": "https://data.library.sh.cn/entity/architecture/lmp7wcw3q20bbspc",
        "coordinateSourceTitle": "上海图书馆历史建筑开放数据",
        "sourceAddress": "北京东路232-240号",
        "locationNote": "此为门址所在里弄、院落或建筑群参考点，未逐栋核定位置。",
        "wikipediaUrl": "https://zh.wikipedia.org/wiki/%E5%9B%9B%E6%98%8E%E5%A4%A7%E6%A5%BC",
        "wikidataId": null,
        "historicalGeometryVerified": false
      }
    },
    {
      "type": "Feature",
      "id": "sh-fgj-3A017-01-address-reference",
      "geometry": {
        "type": "Point",
        "coordinates": [
          121.483595,
          31.240726
        ]
      },
      "properties": {
        "officialId": "sh-fgj-3A017-01",
        "wikipediaId": "wiki-heritage-t04-r0019",
        "batch": 3,
        "officialCodeRaw": "3A017",
        "name": "哈同大楼",
        "articleTitle": "哈同大楼",
        "address": "南京东路98-114号",
        "addressComparison": "formatting-only",
        "coordinateScope": "building-complex-reference-point",
        "coordinateSystem": "WGS84",
        "precisionDegrees": null,
        "origin": "shanghai-library",
        "sourceUrl": "https://data.library.sh.cn/entity/architecture/jkk4zmbo4jpdfpbb",
        "coordinateSourceTitle": "上海图书馆历史建筑开放数据",
        "sourceAddress": "南京东路98-114号",
        "locationNote": "此为门址所在里弄、院落或建筑群参考点，未逐栋核定位置。",
        "wikipediaUrl": "https://zh.wikipedia.org/wiki/%E6%85%88%E5%AE%89%E9%87%8C%E5%A4%A7%E6%A5%BC",
        "wikidataId": null,
        "historicalGeometryVerified": false
      }
    },
    {
      "type": "Feature",
      "id": "sh-fgj-3A018-01-address-reference",
      "geometry": {
        "type": "Point",
        "coordinates": [
          121.483635,
          31.239229
        ]
      },
      "properties": {
        "officialId": "sh-fgj-3A018-01",
        "wikipediaId": "wiki-heritage-t04-r0020",
        "batch": 3,
        "officialCodeRaw": "3A018",
        "name": "东亚大楼",
        "articleTitle": "东亚大楼",
        "address": "四川中路299号",
        "addressComparison": "exact",
        "coordinateScope": "address-reference-point",
        "coordinateSystem": "WGS84",
        "precisionDegrees": null,
        "origin": "shanghai-library",
        "sourceUrl": "https://data.library.sh.cn/entity/architecture/5jsoga1s0hd63yjm",
        "coordinateSourceTitle": "上海图书馆历史建筑开放数据",
        "sourceAddress": "四川中路299号",
        "locationNote": "此为来源目录门牌参考点，未独立测绘或核定建筑轮廓。",
        "wikipediaUrl": "https://zh.wikipedia.org/wiki/%E6%B2%AA%E6%B8%AF%E9%93%B6%E8%A1%8C%E5%8E%86%E5%8F%B2%E5%B1%95%E8%A7%88%E9%A6%86",
        "wikidataId": null,
        "historicalGeometryVerified": false
      }
    },
    {
      "type": "Feature",
      "id": "sh-fgj-3A019-01-address-reference",
      "geometry": {
        "type": "Point",
        "coordinates": [
          121.483144,
          31.236201
        ]
      },
      "properties": {
        "officialId": "sh-fgj-3A019-01",
        "wikipediaId": "wiki-heritage-t04-r0021",
        "batch": 3,
        "officialCodeRaw": "3A019",
        "name": "谦信大楼",
        "articleTitle": "谦信大楼",
        "address": "江西中路138号",
        "addressComparison": "exact",
        "coordinateScope": "address-reference-point",
        "coordinateSystem": "WGS84",
        "precisionDegrees": null,
        "origin": "shanghai-library",
        "sourceUrl": "https://data.library.sh.cn/entity/architecture/es5rdd62ich21dq7",
        "coordinateSourceTitle": "上海图书馆历史建筑开放数据",
        "sourceAddress": "江西中路138号",
        "locationNote": "此为来源目录门牌参考点，未独立测绘或核定建筑轮廓。",
        "wikipediaUrl": "https://zh.wikipedia.org/zh-hans/上海市优秀历史建筑",
        "wikidataId": null,
        "historicalGeometryVerified": false
      }
    },
    {
      "type": "Feature",
      "id": "sh-fgj-3A020-01-address-reference",
      "geometry": {
        "type": "Point",
        "coordinates": [
          121.469256,
          31.226295
        ]
      },
      "properties": {
        "officialId": "sh-fgj-3A020-01",
        "wikipediaId": "wiki-heritage-t04-r0022",
        "batch": 3,
        "officialCodeRaw": "3A020*",
        "name": "瑞康洋行买办住宅",
        "articleTitle": "瑞康洋行买办住宅",
        "address": "黄陂南路25号乙",
        "addressComparison": "exact",
        "coordinateScope": "building-complex-reference-point",
        "coordinateSystem": "WGS84",
        "precisionDegrees": null,
        "origin": "shanghai-library",
        "sourceUrl": "https://data.library.sh.cn/entity/architecture/jkometc3ho70zhsi",
        "coordinateSourceTitle": "上海图书馆历史建筑开放数据",
        "sourceAddress": "黄陂南路25号乙",
        "locationNote": "此为门址所在里弄、院落或建筑群参考点，未逐栋核定位置。 官方名录已注明灭失；点位仅作原门址参考，不表示建筑仍存在。",
        "wikipediaUrl": "https://zh.wikipedia.org/zh-hans/上海市优秀历史建筑",
        "wikidataId": null,
        "historicalGeometryVerified": false
      }
    },
    {
      "type": "Feature",
      "id": "sh-fgj-3A021-01-address-reference",
      "geometry": {
        "type": "Point",
        "coordinates": [
          121.491507,
          31.214835
        ]
      },
      "properties": {
        "officialId": "sh-fgj-3A021-01",
        "wikipediaId": "wiki-heritage-t04-r0134",
        "batch": 3,
        "officialCodeRaw": "3A021",
        "name": "清心女中",
        "articleTitle": "清心女中",
        "address": "陆家浜路550号",
        "addressComparison": "different-as-listed",
        "coordinateScope": "building-complex-reference-point",
        "coordinateSystem": "WGS84",
        "precisionDegrees": null,
        "origin": "shanghai-library",
        "sourceUrl": "https://data.library.sh.cn/entity/architecture/fvld46tfqxwqedc1",
        "coordinateSourceTitle": "上海图书馆历史建筑开放数据",
        "sourceAddress": "陆家浜路650号",
        "locationNote": "此为门址所在里弄、院落或建筑群参考点，未逐栋核定位置。 来源门址与官方写法有差异，原始门牌和对照理由均保留。",
        "wikipediaUrl": "https://zh.wikipedia.org/wiki/%E4%B8%8A%E6%B5%B7%E5%B8%82%E7%AC%AC%E5%85%AB%E4%B8%AD%E5%AD%A6",
        "wikidataId": null,
        "historicalGeometryVerified": false
      }
    },
    {
      "type": "Feature",
      "id": "sh-fgj-3A023-01-address-reference",
      "geometry": {
        "type": "Point",
        "coordinates": [
          121.498125,
          31.208267
        ]
      },
      "properties": {
        "officialId": "sh-fgj-3A023-01",
        "wikipediaId": "wiki-heritage-t04-r0136",
        "batch": 3,
        "officialCodeRaw": "3A023",
        "name": "中法求新机器轮船制造厂",
        "articleTitle": "中法求新机器轮船制造厂",
        "address": "机厂路132号",
        "addressComparison": "different-as-listed",
        "coordinateScope": "building-complex-reference-point",
        "coordinateSystem": "WGS84",
        "precisionDegrees": null,
        "origin": "shanghai-library",
        "sourceUrl": "https://data.library.sh.cn/entity/architecture/dkd8frs88f6y2ssg",
        "coordinateSourceTitle": "上海图书馆历史建筑开放数据",
        "sourceAddress": "机厂路132号",
        "locationNote": "此为门址所在里弄、院落或建筑群参考点，未逐栋核定位置。",
        "wikipediaUrl": "https://zh.wikipedia.org/wiki/%E6%B1%82%E6%96%B0%E9%80%A0%E8%88%B9%E5%8E%82",
        "wikidataId": null,
        "historicalGeometryVerified": false
      }
    },
    {
      "type": "Feature",
      "id": "sh-fgj-3A024-01-address-reference",
      "geometry": {
        "type": "Point",
        "coordinates": [
          121.491414,
          31.216893
        ]
      },
      "properties": {
        "officialId": "sh-fgj-3A024-01",
        "wikipediaId": "wiki-heritage-t04-r0138",
        "batch": 3,
        "officialCodeRaw": "3A024",
        "name": "上海电话局南市总局",
        "articleTitle": "上海电话局南市总局",
        "address": "中华路734号",
        "addressComparison": "exact",
        "coordinateScope": "address-reference-point",
        "coordinateSystem": "WGS84",
        "precisionDegrees": null,
        "origin": "shanghai-library",
        "sourceUrl": "https://data.library.sh.cn/entity/architecture/bb3en1w0kicw6e3x",
        "coordinateSourceTitle": "上海图书馆历史建筑开放数据",
        "sourceAddress": "中华路734号",
        "locationNote": "此为来源目录门牌参考点，未独立测绘或核定建筑轮廓。",
        "wikipediaUrl": "https://zh.wikipedia.org/zh-hans/上海市优秀历史建筑",
        "wikidataId": null,
        "historicalGeometryVerified": false
      }
    },
    {
      "type": "Feature",
      "id": "sh-fgj-3C001-01-address-reference",
      "geometry": {
        "type": "Point",
        "coordinates": [
          121.459224,
          31.220919
        ]
      },
      "properties": {
        "officialId": "sh-fgj-3C001-01",
        "wikipediaId": "wiki-heritage-t04-r0050",
        "batch": 3,
        "officialCodeRaw": "3C001",
        "name": "爱司公寓",
        "articleTitle": "爱司公寓",
        "address": "瑞金一路150号",
        "addressComparison": "exact",
        "coordinateScope": "address-reference-point",
        "coordinateSystem": "WGS84",
        "precisionDegrees": null,
        "origin": "shanghai-library",
        "sourceUrl": "https://data.library.sh.cn/entity/architecture/zxwf46odxox8wyes",
        "coordinateSourceTitle": "上海图书馆历史建筑开放数据",
        "sourceAddress": "瑞金一路150号",
        "locationNote": "此为来源目录门牌参考点，未独立测绘或核定建筑轮廓。",
        "wikipediaUrl": "https://zh.wikipedia.org/zh-hans/上海市优秀历史建筑",
        "wikidataId": null,
        "historicalGeometryVerified": false
      }
    },
    {
      "type": "Feature",
      "id": "sh-fgj-3C002-01-address-reference",
      "geometry": {
        "type": "Point",
        "coordinates": [
          121.46229,
          31.222462
        ]
      },
      "properties": {
        "officialId": "sh-fgj-3C002-01",
        "wikipediaId": "wiki-heritage-t04-r0051",
        "batch": 3,
        "officialCodeRaw": "3C002",
        "name": "泰山公寓",
        "articleTitle": "泰山公寓",
        "address": "淮海中路622弄",
        "addressComparison": "exact",
        "coordinateScope": "building-complex-reference-point",
        "coordinateSystem": "WGS84",
        "precisionDegrees": null,
        "origin": "shanghai-library",
        "sourceUrl": "https://data.library.sh.cn/entity/architecture/xivutv8lnmoy6daz",
        "coordinateSourceTitle": "上海图书馆历史建筑开放数据",
        "sourceAddress": "淮海中路622弄",
        "locationNote": "此为门址所在里弄、院落或建筑群参考点，未逐栋核定位置。",
        "wikipediaUrl": "https://zh.wikipedia.org/wiki/%E6%B3%B0%E5%B1%B1%E5%85%AC%E5%AF%93",
        "wikidataId": null,
        "historicalGeometryVerified": false
      }
    },
    {
      "type": "Feature",
      "id": "sh-fgj-3C003-01-address-reference",
      "geometry": {
        "type": "Point",
        "coordinates": [
          121.462859,
          31.222785
        ]
      },
      "properties": {
        "officialId": "sh-fgj-3C003-01",
        "wikipediaId": "wiki-heritage-t04-r0052",
        "batch": 3,
        "officialCodeRaw": "3C003",
        "name": "飞霞别墅",
        "articleTitle": "飞霞别墅",
        "address": "淮海中路584弄1-14号，成都南路142弄1-7号，成都南路132弄33-38号",
        "addressComparison": "different-as-listed",
        "coordinateScope": "building-complex-reference-point",
        "coordinateSystem": "WGS84",
        "precisionDegrees": null,
        "origin": "shanghai-library",
        "sourceUrl": "https://data.library.sh.cn/entity/architecture/cbmanr1qy051pw5u",
        "coordinateSourceTitle": "上海图书馆历史建筑开放数据",
        "sourceAddress": "淮海中路584弄",
        "locationNote": "此为门址所在里弄、院落或建筑群参考点，未逐栋核定位置。 来源门址与官方写法有差异，原始门牌和对照理由均保留。",
        "wikipediaUrl": "https://zh.wikipedia.org/zh-hans/上海市优秀历史建筑",
        "wikidataId": null,
        "historicalGeometryVerified": false
      }
    },
    {
      "type": "Feature",
      "id": "sh-fgj-3C004-01-address-reference",
      "geometry": {
        "type": "Point",
        "coordinates": [
          121.463943,
          31.223254
        ]
      },
      "properties": {
        "officialId": "sh-fgj-3C004-01",
        "wikipediaId": "wiki-heritage-t04-r0053",
        "batch": 3,
        "officialCodeRaw": "3C004",
        "name": "飞龙公寓",
        "articleTitle": "飞龙公寓",
        "address": "淮海中路538-544号及542弄",
        "addressComparison": "formatting-only",
        "coordinateScope": "building-complex-reference-point",
        "coordinateSystem": "WGS84",
        "precisionDegrees": null,
        "origin": "shanghai-library",
        "sourceUrl": "https://data.library.sh.cn/entity/architecture/i8w6jjuu1l1qahx6",
        "coordinateSourceTitle": "上海图书馆历史建筑开放数据",
        "sourceAddress": "淮海中路538-544号、542弄",
        "locationNote": "此为门址所在里弄、院落或建筑群参考点，未逐栋核定位置。 来源门址与官方写法有差异，原始门牌和对照理由均保留。",
        "wikipediaUrl": "https://zh.wikipedia.org/zh-hans/上海市优秀历史建筑",
        "wikidataId": null,
        "historicalGeometryVerified": false
      }
    },
    {
      "type": "Feature",
      "id": "sh-fgj-3C005-01-address-reference",
      "geometry": {
        "type": "Point",
        "coordinates": [
          121.471193,
          31.22549
        ]
      },
      "properties": {
        "officialId": "sh-fgj-3C005-01",
        "wikipediaId": "wiki-heritage-t04-r0054",
        "batch": 3,
        "officialCodeRaw": "3C005",
        "name": "法租界霞飞路巡捕房",
        "articleTitle": "法租界霞飞路巡捕房",
        "address": "淮海中路217、233号，嵩山路65、67号",
        "addressComparison": "different-as-listed",
        "coordinateScope": "address-reference-point",
        "coordinateSystem": "WGS84",
        "precisionDegrees": null,
        "origin": "shanghai-library",
        "sourceUrl": "https://data.library.sh.cn/entity/architecture/xde8xeagdd6wc5uk",
        "coordinateSourceTitle": "上海图书馆历史建筑开放数据",
        "sourceAddress": "淮海中路235号",
        "locationNote": "此为来源目录门牌参考点，未独立测绘或核定建筑轮廓。 来源门址与官方写法有差异，原始门牌和对照理由均保留。",
        "wikipediaUrl": "https://zh.wikipedia.org/wiki/%E9%9C%9E%E9%A3%9E%E8%B7%AF%E6%8D%95%E6%88%BF",
        "wikidataId": null,
        "historicalGeometryVerified": false
      }
    },
    {
      "type": "Feature",
      "id": "sh-fgj-3C006-01-address-reference",
      "geometry": {
        "type": "Point",
        "coordinates": [
          121.456547,
          31.214437
        ]
      },
      "properties": {
        "officialId": "sh-fgj-3C006-01",
        "wikipediaId": "wiki-heritage-t04-r0056",
        "batch": 3,
        "officialCodeRaw": "3C006",
        "name": "白尔登公寓",
        "articleTitle": "白尔登公寓",
        "address": "陕西南路213号",
        "addressComparison": "exact",
        "coordinateScope": "address-reference-point",
        "coordinateSystem": "WGS84",
        "precisionDegrees": null,
        "origin": "shanghai-library",
        "sourceUrl": "https://data.library.sh.cn/entity/architecture/ic0im8qq7shhu1jx",
        "coordinateSourceTitle": "上海图书馆历史建筑开放数据",
        "sourceAddress": "陕西南路213号",
        "locationNote": "此为来源目录门牌参考点，未独立测绘或核定建筑轮廓。",
        "wikipediaUrl": "https://zh.wikipedia.org/wiki/%E7%99%BD%E7%88%BE%E7%99%BB%E5%85%AC%E5%AF%93",
        "wikidataId": null,
        "historicalGeometryVerified": false
      }
    },
    {
      "type": "Feature",
      "id": "sh-fgj-3C007-01-address-reference",
      "geometry": {
        "type": "Point",
        "coordinates": [
          121.460799,
          31.215038
        ]
      },
      "properties": {
        "officialId": "sh-fgj-3C007-01",
        "wikipediaId": "wiki-heritage-t04-r0057",
        "batch": 3,
        "officialCodeRaw": "3C007",
        "name": "住宅",
        "articleTitle": "瑞金二路118号 瑞金宾馆3号楼",
        "address": "瑞金二路118号",
        "addressComparison": "exact",
        "coordinateScope": "building-complex-reference-point",
        "coordinateSystem": "WGS84",
        "precisionDegrees": null,
        "origin": "shanghai-library",
        "sourceUrl": "https://data.library.sh.cn/entity/architecture/pquyknye6e1pcwnb",
        "coordinateSourceTitle": "上海图书馆历史建筑开放数据",
        "sourceAddress": "瑞金二路118号",
        "locationNote": "此为门址所在里弄、院落或建筑群参考点，未逐栋核定位置。 同址有多个保护项，分别保留记录；共用门址点不能区分各楼栋。",
        "wikipediaUrl": "https://zh.wikipedia.org/zh-hans/上海市优秀历史建筑",
        "wikidataId": null,
        "historicalGeometryVerified": false
      }
    },
    {
      "type": "Feature",
      "id": "sh-fgj-3C008-01-address-reference",
      "geometry": {
        "type": "Point",
        "coordinates": [
          121.460799,
          31.215038
        ]
      },
      "properties": {
        "officialId": "sh-fgj-3C008-01",
        "wikipediaId": "wiki-heritage-t04-r0058",
        "batch": 3,
        "officialCodeRaw": "3C008",
        "name": "住宅",
        "articleTitle": "瑞金二路118号 瑞金宾馆4号楼",
        "address": "瑞金二路118号",
        "addressComparison": "exact",
        "coordinateScope": "building-complex-reference-point",
        "coordinateSystem": "WGS84",
        "precisionDegrees": null,
        "origin": "shanghai-library",
        "sourceUrl": "https://data.library.sh.cn/entity/architecture/xqsuckhl3kw5o6tj",
        "coordinateSourceTitle": "上海图书馆历史建筑开放数据",
        "sourceAddress": "瑞金二路118号",
        "locationNote": "此为门址所在里弄、院落或建筑群参考点，未逐栋核定位置。 同址有多个保护项，分别保留记录；共用门址点不能区分各楼栋。",
        "wikipediaUrl": "https://zh.wikipedia.org/zh-hans/上海市优秀历史建筑",
        "wikidataId": null,
        "historicalGeometryVerified": false
      }
    },
    {
      "type": "Feature",
      "id": "sh-fgj-3C009-01-address-reference",
      "geometry": {
        "type": "Point",
        "coordinates": [
          121.462759,
          31.217968
        ]
      },
      "properties": {
        "officialId": "sh-fgj-3C009-01",
        "wikipediaId": "wiki-heritage-t04-r0059",
        "batch": 3,
        "officialCodeRaw": "3C009",
        "name": "住宅",
        "articleTitle": "思南路39-41号 上海文史馆",
        "address": "思南路39号-41号",
        "addressComparison": "formatting-only",
        "coordinateScope": "address-reference-point",
        "coordinateSystem": "WGS84",
        "precisionDegrees": null,
        "origin": "shanghai-library",
        "sourceUrl": "https://data.library.sh.cn/entity/architecture/0oy5bjmloiphscsg",
        "coordinateSourceTitle": "上海图书馆历史建筑开放数据",
        "sourceAddress": "思南路39-41号",
        "locationNote": "此为来源目录门牌参考点，未独立测绘或核定建筑轮廓。 来源门址与官方写法有差异，原始门牌和对照理由均保留。",
        "wikipediaUrl": "https://zh.wikipedia.org/zh-hans/上海市优秀历史建筑",
        "wikidataId": null,
        "historicalGeometryVerified": false
      }
    },
    {
      "type": "Feature",
      "id": "sh-fgj-3C010-01-address-reference",
      "geometry": {
        "type": "Point",
        "coordinates": [
          121.466904,
          31.218875
        ]
      },
      "properties": {
        "officialId": "sh-fgj-3C010-01",
        "wikipediaId": "wiki-heritage-t04-r0060",
        "batch": 3,
        "officialCodeRaw": "3C010",
        "name": "巴黎公寓",
        "articleTitle": "巴黎公寓",
        "address": "重庆南路165号",
        "addressComparison": "exact",
        "coordinateScope": "address-reference-point",
        "coordinateSystem": "WGS84",
        "precisionDegrees": null,
        "origin": "shanghai-library",
        "sourceUrl": "https://data.library.sh.cn/entity/architecture/opiag8hg5c4ryqvl",
        "coordinateSourceTitle": "上海图书馆历史建筑开放数据",
        "sourceAddress": "重庆南路165号",
        "locationNote": "此为来源目录门牌参考点，未独立测绘或核定建筑轮廓。",
        "wikipediaUrl": "https://zh.wikipedia.org/wiki/%E5%B7%B4%E9%BB%8E%E5%85%AC%E5%AF%93",
        "wikidataId": null,
        "historicalGeometryVerified": false
      }
    },
    {
      "type": "Feature",
      "id": "sh-fgj-3C011-01-address-reference",
      "geometry": {
        "type": "Point",
        "coordinates": [
          121.466995,
          31.218306
        ]
      },
      "properties": {
        "officialId": "sh-fgj-3C011-01",
        "wikipediaId": "wiki-heritage-t04-r0061",
        "batch": 3,
        "officialCodeRaw": "3C011",
        "name": "巴黎新村",
        "articleTitle": "巴黎新村",
        "address": "重庆南路169弄",
        "addressComparison": "exact",
        "coordinateScope": "building-complex-reference-point",
        "coordinateSystem": "WGS84",
        "precisionDegrees": null,
        "origin": "shanghai-library",
        "sourceUrl": "https://data.library.sh.cn/entity/architecture/mcbeop31tfdcz4mt",
        "coordinateSourceTitle": "上海图书馆历史建筑开放数据",
        "sourceAddress": "重庆南路169弄",
        "locationNote": "此为门址所在里弄、院落或建筑群参考点，未逐栋核定位置。",
        "wikipediaUrl": "https://zh.wikipedia.org/wiki/%E5%B7%B4%E9%BB%8E%E6%96%B0%E6%9D%91",
        "wikidataId": null,
        "historicalGeometryVerified": false
      }
    },
    {
      "type": "Feature",
      "id": "sh-fgj-3C012-01-address-reference",
      "geometry": {
        "type": "Point",
        "coordinates": [
          121.46687,
          31.218063
        ]
      },
      "properties": {
        "officialId": "sh-fgj-3C012-01",
        "wikipediaId": "wiki-heritage-t04-r0062",
        "batch": 3,
        "officialCodeRaw": "3C012",
        "name": "永丰村",
        "articleTitle": "永丰村",
        "address": "重庆南路177号、179弄1-10号",
        "addressComparison": "formatting-only",
        "coordinateScope": "building-complex-reference-point",
        "coordinateSystem": "WGS84",
        "precisionDegrees": null,
        "origin": "shanghai-library",
        "sourceUrl": "https://data.library.sh.cn/entity/architecture/dgzd23llrik7oywj",
        "coordinateSourceTitle": "上海图书馆历史建筑开放数据",
        "sourceAddress": "重庆南路177号、179弄 1-10号",
        "locationNote": "此为门址所在里弄、院落或建筑群参考点，未逐栋核定位置。",
        "wikipediaUrl": "https://zh.wikipedia.org/wiki/%E6%B0%B8%E4%B8%B0%E6%9D%91",
        "wikidataId": null,
        "historicalGeometryVerified": false
      }
    },
    {
      "type": "Feature",
      "id": "sh-fgj-3C013-01-address-reference",
      "geometry": {
        "type": "Point",
        "coordinates": [
          121.466516,
          31.217353
        ]
      },
      "properties": {
        "officialId": "sh-fgj-3C013-01",
        "wikipediaId": "wiki-heritage-t04-r0063",
        "batch": 3,
        "officialCodeRaw": "3C013",
        "name": "吕班公寓",
        "articleTitle": "吕班公寓",
        "address": "重庆南路185号",
        "addressComparison": "exact",
        "coordinateScope": "address-reference-point",
        "coordinateSystem": "WGS84",
        "precisionDegrees": null,
        "origin": "shanghai-library",
        "sourceUrl": "https://data.library.sh.cn/entity/architecture/zwa45qyynjq40yth",
        "coordinateSourceTitle": "上海图书馆历史建筑开放数据",
        "sourceAddress": "重庆南路185号",
        "locationNote": "此为来源目录门牌参考点，未独立测绘或核定建筑轮廓。",
        "wikipediaUrl": "https://zh.wikipedia.org/wiki/%E9%87%8D%E5%BA%86%E5%85%AC%E5%AF%93",
        "wikidataId": null,
        "historicalGeometryVerified": false
      }
    },
    {
      "type": "Feature",
      "id": "sh-fgj-3C015-01-address-reference",
      "geometry": {
        "type": "Point",
        "coordinates": [
          121.462782,
          31.219199
        ]
      },
      "properties": {
        "officialId": "sh-fgj-3C015-01",
        "wikipediaId": "wiki-heritage-t04-r0065",
        "batch": 3,
        "officialCodeRaw": "3C015",
        "name": "住宅",
        "articleTitle": "皋兰路1号 荷兰总领事官邸",
        "address": "皋兰路1号",
        "addressComparison": "exact",
        "coordinateScope": "address-reference-point",
        "coordinateSystem": "WGS84",
        "precisionDegrees": null,
        "origin": "shanghai-library",
        "sourceUrl": "https://data.library.sh.cn/entity/architecture/awnyrd2wip4vx0v4",
        "coordinateSourceTitle": "上海图书馆历史建筑开放数据",
        "sourceAddress": "皋兰路1号",
        "locationNote": "此为来源目录门牌参考点，未独立测绘或核定建筑轮廓。",
        "wikipediaUrl": "https://zh.wikipedia.org/zh-hans/上海市优秀历史建筑",
        "wikidataId": null,
        "historicalGeometryVerified": false
      }
    },
    {
      "type": "Feature",
      "id": "sh-fgj-3C016-01-address-reference",
      "geometry": {
        "type": "Point",
        "coordinates": [
          121.458806,
          31.211052
        ]
      },
      "properties": {
        "officialId": "sh-fgj-3C016-01",
        "wikipediaId": "wiki-heritage-t04-r0066",
        "batch": 3,
        "officialCodeRaw": "3C016",
        "name": "住宅",
        "articleTitle": "绍兴路74号 上海市文艺出版社等",
        "address": "绍兴路74号",
        "addressComparison": "exact",
        "coordinateScope": "address-reference-point",
        "coordinateSystem": "WGS84",
        "precisionDegrees": null,
        "origin": "shanghai-library",
        "sourceUrl": "https://data.library.sh.cn/entity/architecture/o7851iokq7se8yg0",
        "coordinateSourceTitle": "上海图书馆历史建筑开放数据",
        "sourceAddress": "绍兴路74号",
        "locationNote": "此为来源目录门牌参考点，未独立测绘或核定建筑轮廓。",
        "wikipediaUrl": "https://zh.wikipedia.org/zh-hans/上海市优秀历史建筑",
        "wikidataId": null,
        "historicalGeometryVerified": false
      }
    },
    {
      "type": "Feature",
      "id": "sh-fgj-3C017-01-address-reference",
      "geometry": {
        "type": "Point",
        "coordinates": [
          121.461824,
          31.2179
        ]
      },
      "properties": {
        "officialId": "sh-fgj-3C017-01",
        "wikipediaId": "wiki-heritage-t04-r0067",
        "batch": 3,
        "officialCodeRaw": "3C017",
        "name": "香山路住宅",
        "articleTitle": "香山路住宅",
        "address": "香山路6号",
        "addressComparison": "exact",
        "coordinateScope": "address-reference-point",
        "coordinateSystem": "WGS84",
        "precisionDegrees": null,
        "origin": "shanghai-library",
        "sourceUrl": "https://data.library.sh.cn/entity/architecture/at6ksu8x1za01g0e",
        "coordinateSourceTitle": "上海图书馆历史建筑开放数据",
        "sourceAddress": "香山路6号",
        "locationNote": "此为来源目录门牌参考点，未独立测绘或核定建筑轮廓。",
        "wikipediaUrl": "https://zh.wikipedia.org/wiki/%E9%A6%99%E5%B1%B1%E8%B7%AF%E4%BD%8F%E5%AE%85",
        "wikidataId": null,
        "historicalGeometryVerified": false
      }
    },
    {
      "type": "Feature",
      "id": "sh-fgj-3B002-01-address-reference",
      "geometry": {
        "type": "Point",
        "coordinates": [
          121.44544,
          31.229576
        ]
      },
      "properties": {
        "officialId": "sh-fgj-3B002-01",
        "wikipediaId": "wiki-heritage-t04-r0024",
        "batch": 3,
        "officialCodeRaw": "3B002",
        "name": "联华公寓",
        "articleTitle": "联华公寓",
        "address": "北京西路1341-1383号,铜仁路304-330号,南阳路208-228号",
        "addressComparison": "formatting-only",
        "coordinateScope": "building-complex-reference-point",
        "coordinateSystem": "WGS84",
        "precisionDegrees": null,
        "origin": "shanghai-library",
        "sourceUrl": "https://data.library.sh.cn/entity/architecture/mx82ouudt1lf1qej",
        "coordinateSourceTitle": "上海图书馆历史建筑开放数据",
        "sourceAddress": "北京西路1341-1383号、铜仁路304-330号、南阳路208-228号",
        "locationNote": "此为门址所在里弄、院落或建筑群参考点，未逐栋核定位置。",
        "wikipediaUrl": "https://zh.wikipedia.org/wiki/%E8%81%94%E5%8D%8E%E5%85%AC%E5%AF%93",
        "wikidataId": null,
        "historicalGeometryVerified": false
      }
    },
    {
      "type": "Feature",
      "id": "sh-fgj-3B003-01-address-reference",
      "geometry": {
        "type": "Point",
        "coordinates": [
          121.445114,
          31.229128
        ]
      },
      "properties": {
        "officialId": "sh-fgj-3B003-01",
        "wikipediaId": "wiki-heritage-t04-r0025",
        "batch": 3,
        "officialCodeRaw": "3B003",
        "name": "铜仁路278号",
        "articleTitle": "铜仁路278号",
        "address": "铜仁路280号",
        "addressComparison": "exact",
        "coordinateScope": "address-reference-point",
        "coordinateSystem": "WGS84",
        "precisionDegrees": null,
        "origin": "shanghai-library",
        "sourceUrl": "https://data.library.sh.cn/entity/architecture/xeewylx2oik2d5co",
        "coordinateSourceTitle": "上海图书馆历史建筑开放数据",
        "sourceAddress": "铜仁路280号",
        "locationNote": "此为来源目录门牌参考点，未独立测绘或核定建筑轮廓。",
        "wikipediaUrl": "https://zh.wikipedia.org/zh-hans/上海市优秀历史建筑",
        "wikidataId": null,
        "historicalGeometryVerified": false
      }
    },
    {
      "type": "Feature",
      "id": "sh-fgj-3B004-01-address-reference",
      "geometry": {
        "type": "Point",
        "coordinates": [
          121.445144,
          31.228993
        ]
      },
      "properties": {
        "officialId": "sh-fgj-3B004-01",
        "wikipediaId": "wiki-heritage-t04-r0026",
        "batch": 3,
        "officialCodeRaw": "3B004",
        "name": "皮裘公寓",
        "articleTitle": "皮裘公寓",
        "address": "铜仁路278号",
        "addressComparison": "exact",
        "coordinateScope": "address-reference-point",
        "coordinateSystem": "WGS84",
        "precisionDegrees": null,
        "origin": "shanghai-library",
        "sourceUrl": "https://data.library.sh.cn/entity/architecture/yhtbgyin13rck5vg",
        "coordinateSourceTitle": "上海图书馆历史建筑开放数据",
        "sourceAddress": "铜仁路278号",
        "locationNote": "此为来源目录门牌参考点，未独立测绘或核定建筑轮廓。",
        "wikipediaUrl": "https://zh.wikipedia.org/wiki/%E7%9A%AE%E8%A3%98%E5%85%AC%E5%AF%93",
        "wikidataId": null,
        "historicalGeometryVerified": false
      }
    },
    {
      "type": "Feature",
      "id": "sh-fgj-3B005-01-address-reference",
      "geometry": {
        "type": "Point",
        "coordinates": [
          121.455221,
          31.229106
        ]
      },
      "properties": {
        "officialId": "sh-fgj-3B005-01",
        "wikipediaId": "wiki-heritage-t04-r0027",
        "batch": 3,
        "officialCodeRaw": "3B005",
        "name": "震兴里、荣康里、德庆里",
        "articleTitle": "震兴里、荣康里、德庆里",
        "address": "茂名北路200-290弄",
        "addressComparison": "formatting-only",
        "coordinateScope": "building-complex-reference-point",
        "coordinateSystem": "WGS84",
        "precisionDegrees": null,
        "origin": "shanghai-library",
        "sourceUrl": "https://data.library.sh.cn/entity/architecture/vu7ckoyyfjkatvci",
        "coordinateSourceTitle": "上海图书馆历史建筑开放数据",
        "sourceAddress": "茂名北路200-290弄",
        "locationNote": "此为门址所在里弄、院落或建筑群参考点，未逐栋核定位置。",
        "wikipediaUrl": "https://zh.wikipedia.org/zh-hans/上海市优秀历史建筑",
        "wikidataId": null,
        "historicalGeometryVerified": false
      }
    },
    {
      "type": "Feature",
      "id": "sh-fgj-3B006-01-address-reference",
      "geometry": {
        "type": "Point",
        "coordinates": [
          121.459513,
          31.232405
        ]
      },
      "properties": {
        "officialId": "sh-fgj-3B006-01",
        "wikipediaId": "wiki-heritage-t04-r0029",
        "batch": 3,
        "officialCodeRaw": "3B006",
        "name": "住宅",
        "articleTitle": "青海路44号 岳阳医院门诊部",
        "address": "青海路44号",
        "addressComparison": "exact",
        "coordinateScope": "address-reference-point",
        "coordinateSystem": "WGS84",
        "precisionDegrees": null,
        "origin": "shanghai-library",
        "sourceUrl": "https://data.library.sh.cn/entity/architecture/82o8bantx6o03hmg",
        "coordinateSourceTitle": "上海图书馆历史建筑开放数据",
        "sourceAddress": "青海路44号",
        "locationNote": "此为来源目录门牌参考点，未独立测绘或核定建筑轮廓。",
        "wikipediaUrl": "https://zh.wikipedia.org/zh-hans/上海市优秀历史建筑",
        "wikidataId": null,
        "historicalGeometryVerified": false
      }
    },
    {
      "type": "Feature",
      "id": "sh-fgj-3B007-01-address-reference",
      "geometry": {
        "type": "Point",
        "coordinates": [
          121.443465,
          31.218647
        ]
      },
      "properties": {
        "officialId": "sh-fgj-3B007-01",
        "wikipediaId": "wiki-heritage-t04-r0030",
        "batch": 3,
        "officialCodeRaw": "3B007",
        "name": "善钟里",
        "articleTitle": "善钟里",
        "address": "常熟路113弄2-31号",
        "addressComparison": "formatting-only",
        "coordinateScope": "building-complex-reference-point",
        "coordinateSystem": "WGS84",
        "precisionDegrees": null,
        "origin": "shanghai-library",
        "sourceUrl": "https://data.library.sh.cn/entity/architecture/fbrw525o7fdjebmk",
        "coordinateSourceTitle": "上海图书馆历史建筑开放数据",
        "sourceAddress": "常熟路113弄2-31号",
        "locationNote": "此为门址所在里弄、院落或建筑群参考点，未逐栋核定位置。",
        "wikipediaUrl": "https://zh.wikipedia.org/zh-hans/上海市优秀历史建筑",
        "wikidataId": null,
        "historicalGeometryVerified": false
      }
    },
    {
      "type": "Feature",
      "id": "sh-fgj-3B008-01-address-reference",
      "geometry": {
        "type": "Point",
        "coordinates": [
          121.443774,
          31.220271
        ]
      },
      "properties": {
        "officialId": "sh-fgj-3B008-01",
        "wikipediaId": "wiki-heritage-t04-r0031",
        "batch": 3,
        "officialCodeRaw": "3B008",
        "name": "亚细亚火油公司住宅",
        "articleTitle": "亚细亚火油公司住宅",
        "address": "巨鹿路889号",
        "addressComparison": "exact",
        "coordinateScope": "address-reference-point",
        "coordinateSystem": "WGS84",
        "precisionDegrees": null,
        "origin": "shanghai-library",
        "sourceUrl": "https://data.library.sh.cn/entity/architecture/axw6dfdlsjtlebaz",
        "coordinateSourceTitle": "上海图书馆历史建筑开放数据",
        "sourceAddress": "巨鹿路889号",
        "locationNote": "此为来源目录门牌参考点，未独立测绘或核定建筑轮廓。",
        "wikipediaUrl": "https://zh.wikipedia.org/zh-hans/上海市优秀历史建筑",
        "wikidataId": null,
        "historicalGeometryVerified": false
      }
    },
    {
      "type": "Feature",
      "id": "sh-fgj-3B009-01-address-reference",
      "geometry": {
        "type": "Point",
        "coordinates": [
          121.444088,
          31.220585
        ]
      },
      "properties": {
        "officialId": "sh-fgj-3B009-01",
        "wikipediaId": "wiki-heritage-t04-r0032",
        "batch": 3,
        "officialCodeRaw": "3B009",
        "name": "住宅",
        "articleTitle": "巨鹿路868-892号 住宅",
        "address": "巨鹿路868-892号",
        "addressComparison": "formatting-only",
        "coordinateScope": "building-complex-reference-point",
        "coordinateSystem": "WGS84",
        "precisionDegrees": null,
        "origin": "shanghai-library",
        "sourceUrl": "https://data.library.sh.cn/entity/architecture/vfylgpxfpr72kihw",
        "coordinateSourceTitle": "上海图书馆历史建筑开放数据",
        "sourceAddress": "巨鹿路868-892号",
        "locationNote": "此为门址所在里弄、院落或建筑群参考点，未逐栋核定位置。",
        "wikipediaUrl": "https://zh.wikipedia.org/zh-hans/上海市优秀历史建筑",
        "wikidataId": null,
        "historicalGeometryVerified": false
      }
    },
    {
      "type": "Feature",
      "id": "sh-fgj-3B010-01-address-reference",
      "geometry": {
        "type": "Point",
        "coordinates": [
          121.444343,
          31.220708
        ]
      },
      "properties": {
        "officialId": "sh-fgj-3B010-01",
        "wikipediaId": "wiki-heritage-t04-r0033",
        "batch": 3,
        "officialCodeRaw": "3B010",
        "name": "住宅",
        "articleTitle": "巨鹿路852弄1-8号，10号 住宅",
        "address": "巨鹿路852弄1-6号、8号、10号，巨鹿路850号",
        "addressComparison": "different-as-listed",
        "coordinateScope": "building-complex-reference-point",
        "coordinateSystem": "WGS84",
        "precisionDegrees": null,
        "origin": "shanghai-library",
        "sourceUrl": "https://data.library.sh.cn/entity/architecture/vze7haur38uv8xzn",
        "coordinateSourceTitle": "上海图书馆历史建筑开放数据",
        "sourceAddress": "巨鹿路852弄1-8号，10号",
        "locationNote": "此为门址所在里弄、院落或建筑群参考点，未逐栋核定位置。 来源门址与官方写法有差异，原始门牌和对照理由均保留。",
        "wikipediaUrl": "https://zh.wikipedia.org/zh-hans/上海市优秀历史建筑",
        "wikidataId": null,
        "historicalGeometryVerified": false
      }
    },
    {
      "type": "Feature",
      "id": "sh-fgj-3B011-01-address-reference",
      "geometry": {
        "type": "Point",
        "coordinates": [
          121.451778,
          31.223401
        ]
      },
      "properties": {
        "officialId": "sh-fgj-3B011-01",
        "wikipediaId": "wiki-heritage-t04-r0034",
        "batch": 3,
        "officialCodeRaw": "3B011",
        "name": "住宅",
        "articleTitle": "巨鹿路675-681号 上海市作家协会等",
        "address": "巨鹿路675-681号",
        "addressComparison": "formatting-only",
        "coordinateScope": "building-complex-reference-point",
        "coordinateSystem": "WGS84",
        "precisionDegrees": null,
        "origin": "shanghai-library",
        "sourceUrl": "https://data.library.sh.cn/entity/architecture/5dq3rbukzh2wwjle",
        "coordinateSourceTitle": "上海图书馆历史建筑开放数据",
        "sourceAddress": "巨鹿路675-681号",
        "locationNote": "此为门址所在里弄、院落或建筑群参考点，未逐栋核定位置。",
        "wikipediaUrl": "https://zh.wikipedia.org/zh-hans/上海市优秀历史建筑",
        "wikidataId": null,
        "historicalGeometryVerified": false
      }
    },
    {
      "type": "Feature",
      "id": "sh-fgj-3B012-01-address-reference",
      "geometry": {
        "type": "Point",
        "coordinates": [
          121.444341,
          31.226816
        ]
      },
      "properties": {
        "officialId": "sh-fgj-3B012-01",
        "wikipediaId": "wiki-heritage-t04-r0035",
        "batch": 3,
        "officialCodeRaw": "3B012",
        "name": "住宅",
        "articleTitle": "南京西路1522弄 住宅",
        "address": "南京西路1522弄",
        "addressComparison": "exact",
        "coordinateScope": "building-complex-reference-point",
        "coordinateSystem": "WGS84",
        "precisionDegrees": null,
        "origin": "shanghai-library",
        "sourceUrl": "https://data.library.sh.cn/entity/architecture/xvci43axk7d2xfyh",
        "coordinateSourceTitle": "上海图书馆历史建筑开放数据",
        "sourceAddress": "南京西路1522弄",
        "locationNote": "此为门址所在里弄、院落或建筑群参考点，未逐栋核定位置。",
        "wikipediaUrl": "https://zh.wikipedia.org/zh-hans/上海市优秀历史建筑",
        "wikidataId": null,
        "historicalGeometryVerified": false
      }
    },
    {
      "type": "Feature",
      "id": "sh-fgj-3B013-01-address-reference",
      "geometry": {
        "type": "Point",
        "coordinates": [
          121.454571,
          31.228304
        ]
      },
      "properties": {
        "officialId": "sh-fgj-3B013-01",
        "wikipediaId": "wiki-heritage-t04-r0036",
        "batch": 3,
        "officialCodeRaw": "3B013",
        "name": "太阳公寓",
        "articleTitle": "太阳公寓",
        "address": "威海路651、665弄",
        "addressComparison": "different-as-listed",
        "coordinateScope": "building-complex-reference-point",
        "coordinateSystem": "WGS84",
        "precisionDegrees": null,
        "origin": "shanghai-library",
        "sourceUrl": "https://data.library.sh.cn/entity/architecture/de0pw7v4whkynzs6",
        "coordinateSourceTitle": "上海图书馆历史建筑开放数据",
        "sourceAddress": "威海路651号、665弄",
        "locationNote": "此为门址所在里弄、院落或建筑群参考点，未逐栋核定位置。 来源门址与官方写法有差异，原始门牌和对照理由均保留。",
        "wikipediaUrl": "https://zh.wikipedia.org/wiki/%E5%A4%AA%E9%98%B3%E5%85%AC%E5%AF%93",
        "wikidataId": null,
        "historicalGeometryVerified": false
      }
    },
    {
      "type": "Feature",
      "id": "sh-fgj-3B014-01-address-reference",
      "geometry": {
        "type": "Point",
        "coordinates": [
          121.44906,
          31.223596
        ]
      },
      "properties": {
        "officialId": "sh-fgj-3B014-01",
        "wikipediaId": "wiki-heritage-t04-r0037",
        "batch": 3,
        "officialCodeRaw": "3B014",
        "name": "四明里",
        "articleTitle": "四明里",
        "address": "延安中路913弄",
        "addressComparison": "exact",
        "coordinateScope": "building-complex-reference-point",
        "coordinateSystem": "WGS84",
        "precisionDegrees": null,
        "origin": "shanghai-library",
        "sourceUrl": "https://data.library.sh.cn/entity/architecture/0dhdx80uz28zm41n",
        "coordinateSourceTitle": "上海图书馆历史建筑开放数据",
        "sourceAddress": "延安中路913弄",
        "locationNote": "此为门址所在里弄、院落或建筑群参考点，未逐栋核定位置。",
        "wikipediaUrl": "https://zh.wikipedia.org/wiki/%E5%9B%9B%E6%98%8E%E6%9D%91",
        "wikidataId": null,
        "historicalGeometryVerified": false
      }
    },
    {
      "type": "Feature",
      "id": "sh-fgj-3B015-01-address-reference",
      "geometry": {
        "type": "Point",
        "coordinates": [
          121.450999,
          31.222263
        ]
      },
      "properties": {
        "officialId": "sh-fgj-3B015-01",
        "wikipediaId": "wiki-heritage-t04-r0038",
        "batch": 3,
        "officialCodeRaw": "3B015",
        "name": "蒲园",
        "articleTitle": "蒲园",
        "address": "长乐路570弄",
        "addressComparison": "exact",
        "coordinateScope": "building-complex-reference-point",
        "coordinateSystem": "WGS84",
        "precisionDegrees": null,
        "origin": "shanghai-library",
        "sourceUrl": "https://data.library.sh.cn/entity/architecture/2t0bz0n66oppcjw8",
        "coordinateSourceTitle": "上海图书馆历史建筑开放数据",
        "sourceAddress": "长乐路570弄",
        "locationNote": "此为门址所在里弄、院落或建筑群参考点，未逐栋核定位置。",
        "wikipediaUrl": "https://zh.wikipedia.org/zh-hans/上海市优秀历史建筑",
        "wikidataId": null,
        "historicalGeometryVerified": false
      }
    },
    {
      "type": "Feature",
      "id": "sh-fgj-3B016-01-address-reference",
      "geometry": {
        "type": "Point",
        "coordinates": [
          121.446179,
          31.219436
        ]
      },
      "properties": {
        "officialId": "sh-fgj-3B016-01",
        "wikipediaId": "wiki-heritage-t04-r0039",
        "batch": 3,
        "officialCodeRaw": "3B016",
        "name": "杜美新村",
        "articleTitle": "杜美新村",
        "address": "长乐路764弄",
        "addressComparison": "exact",
        "coordinateScope": "building-complex-reference-point",
        "coordinateSystem": "WGS84",
        "precisionDegrees": null,
        "origin": "shanghai-library",
        "sourceUrl": "https://data.library.sh.cn/entity/architecture/tkdx1ag4p851af1x",
        "coordinateSourceTitle": "上海图书馆历史建筑开放数据",
        "sourceAddress": "长乐路764弄",
        "locationNote": "此为门址所在里弄、院落或建筑群参考点，未逐栋核定位置。",
        "wikipediaUrl": "https://zh.wikipedia.org/zh-hans/上海市优秀历史建筑",
        "wikidataId": null,
        "historicalGeometryVerified": false
      }
    },
    {
      "type": "Feature",
      "id": "sh-fgj-3B017-01-address-reference",
      "geometry": {
        "type": "Point",
        "coordinates": [
          121.44714,
          31.219248
        ]
      },
      "properties": {
        "officialId": "sh-fgj-3B017-01",
        "wikipediaId": "wiki-heritage-t04-r0040",
        "batch": 3,
        "officialCodeRaw": "3B017",
        "name": "住宅",
        "articleTitle": "富民路210弄2-14号，长乐路752-762号 住宅",
        "address": "富民路210弄2-14号、长乐路752-762号",
        "addressComparison": "formatting-only",
        "coordinateScope": "building-complex-reference-point",
        "coordinateSystem": "WGS84",
        "precisionDegrees": null,
        "origin": "shanghai-library",
        "sourceUrl": "https://data.library.sh.cn/entity/architecture/23otqs8qhvf6aqvh",
        "coordinateSourceTitle": "上海图书馆历史建筑开放数据",
        "sourceAddress": "富民路210弄2-14号，长乐路752-762号",
        "locationNote": "此为门址所在里弄、院落或建筑群参考点，未逐栋核定位置。",
        "wikipediaUrl": "https://zh.wikipedia.org/zh-hans/上海市优秀历史建筑",
        "wikidataId": null,
        "historicalGeometryVerified": false
      }
    },
    {
      "type": "Feature",
      "id": "sh-fgj-3B018-01-address-reference",
      "geometry": {
        "type": "Point",
        "coordinates": [
          121.4555,
          31.232422
        ]
      },
      "properties": {
        "officialId": "sh-fgj-3B018-01",
        "wikipediaId": "wiki-heritage-t04-r0041",
        "batch": 3,
        "officialCodeRaw": "3B018",
        "name": "大华公寓",
        "articleTitle": "大华公寓",
        "address": "南京西路864-884号，奉贤路137号、147号，奉贤路148弄1-4号、8号",
        "addressComparison": "different-as-listed",
        "coordinateScope": "building-complex-reference-point",
        "coordinateSystem": "WGS84",
        "precisionDegrees": null,
        "origin": "shanghai-library",
        "sourceUrl": "https://data.library.sh.cn/entity/architecture/eodxffabx1hv3z1s",
        "coordinateSourceTitle": "上海图书馆历史建筑开放数据",
        "sourceAddress": "南京西路868-882号",
        "locationNote": "此为门址所在里弄、院落或建筑群参考点，未逐栋核定位置。 来源门址与官方写法有差异，原始门牌和对照理由均保留。",
        "wikipediaUrl": "https://zh.wikipedia.org/zh-hans/上海市优秀历史建筑",
        "wikidataId": null,
        "historicalGeometryVerified": false
      }
    },
    {
      "type": "Feature",
      "id": "sh-fgj-3B019-01-address-reference",
      "geometry": {
        "type": "Point",
        "coordinates": [
          121.443922,
          31.218326
        ]
      },
      "properties": {
        "officialId": "sh-fgj-3B019-01",
        "wikipediaId": "wiki-heritage-t04-r0042",
        "batch": 3,
        "officialCodeRaw": "3B019",
        "name": "住宅",
        "articleTitle": "长乐路800号 华园物业公司办公楼",
        "address": "长乐路800号",
        "addressComparison": "exact",
        "coordinateScope": "address-reference-point",
        "coordinateSystem": "WGS84",
        "precisionDegrees": null,
        "origin": "shanghai-library",
        "sourceUrl": "https://data.library.sh.cn/entity/architecture/mxv7bm0zzoid2eff",
        "coordinateSourceTitle": "上海图书馆历史建筑开放数据",
        "sourceAddress": "长乐路800号",
        "locationNote": "此为来源目录门牌参考点，未独立测绘或核定建筑轮廓。",
        "wikipediaUrl": "https://zh.wikipedia.org/wiki/%E9%95%BF%E4%B9%90%E8%B7%AF800%E5%8F%B7%E4%BD%8F%E5%AE%85",
        "wikidataId": null,
        "historicalGeometryVerified": false
      }
    },
    {
      "type": "Feature",
      "id": "sh-fgj-3B020-01-address-reference",
      "geometry": {
        "type": "Point",
        "coordinates": [
          121.456768,
          31.23374
        ]
      },
      "properties": {
        "officialId": "sh-fgj-3B020-01",
        "wikipediaId": "wiki-heritage-t04-r0043",
        "batch": 3,
        "officialCodeRaw": "3B020",
        "name": "住宅",
        "articleTitle": "奉贤路68弄40-52号、80-92号 住宅",
        "address": "奉贤路68弄40-52号、80-92号",
        "addressComparison": "formatting-only",
        "coordinateScope": "building-complex-reference-point",
        "coordinateSystem": "WGS84",
        "precisionDegrees": null,
        "origin": "shanghai-library",
        "sourceUrl": "https://data.library.sh.cn/entity/architecture/moa4gu1ctmhc6bj8",
        "coordinateSourceTitle": "上海图书馆历史建筑开放数据",
        "sourceAddress": "奉贤路68弄40-52号、80-92号",
        "locationNote": "此为门址所在里弄、院落或建筑群参考点，未逐栋核定位置。",
        "wikipediaUrl": "https://zh.wikipedia.org/zh-hans/上海市优秀历史建筑",
        "wikidataId": null,
        "historicalGeometryVerified": false
      }
    },
    {
      "type": "Feature",
      "id": "sh-fgj-3B021-01-address-reference",
      "geometry": {
        "type": "Point",
        "coordinates": [
          121.433251,
          31.222274
        ]
      },
      "properties": {
        "officialId": "sh-fgj-3B021-01",
        "wikipediaId": "wiki-heritage-t04-r0044",
        "batch": 3,
        "officialCodeRaw": "3B021",
        "name": "中实新村",
        "articleTitle": "中实新村",
        "address": "愚园路581-589及579弄",
        "addressComparison": "formatting-only",
        "coordinateScope": "building-complex-reference-point",
        "coordinateSystem": "WGS84",
        "precisionDegrees": null,
        "origin": "shanghai-library",
        "sourceUrl": "https://data.library.sh.cn/entity/architecture/s7zg0q5yti3lh74o",
        "coordinateSourceTitle": "上海图书馆历史建筑开放数据",
        "sourceAddress": "愚园路581-589号、579弄",
        "locationNote": "此为门址所在里弄、院落或建筑群参考点，未逐栋核定位置。 来源门址与官方写法有差异，原始门牌和对照理由均保留。",
        "wikipediaUrl": "https://zh.wikipedia.org/zh-hans/上海市优秀历史建筑",
        "wikidataId": null,
        "historicalGeometryVerified": false
      }
    },
    {
      "type": "Feature",
      "id": "sh-fgj-3B022-01-address-reference",
      "geometry": {
        "type": "Point",
        "coordinates": [
          121.432137,
          31.224547
        ]
      },
      "properties": {
        "officialId": "sh-fgj-3B022-01",
        "wikipediaId": "wiki-heritage-t04-r0045",
        "batch": 3,
        "officialCodeRaw": "3B022",
        "name": "文元坊",
        "articleTitle": "文元坊",
        "address": "愚园路608弄",
        "addressComparison": "exact",
        "coordinateScope": "building-complex-reference-point",
        "coordinateSystem": "WGS84",
        "precisionDegrees": null,
        "origin": "shanghai-library",
        "sourceUrl": "https://data.library.sh.cn/entity/architecture/1x4wy3h8blqqccdm",
        "coordinateSourceTitle": "上海图书馆历史建筑开放数据",
        "sourceAddress": "愚园路608弄",
        "locationNote": "此为门址所在里弄、院落或建筑群参考点，未逐栋核定位置。",
        "wikipediaUrl": "https://zh.wikipedia.org/wiki/%E6%84%9A%E5%9B%AD%E8%B7%AF601%E5%BC%84",
        "wikidataId": null,
        "historicalGeometryVerified": false
      }
    },
    {
      "type": "Feature",
      "id": "sh-fgj-3B023-01-address-reference",
      "geometry": {
        "type": "Point",
        "coordinates": [
          121.465357,
          31.228253
        ]
      },
      "properties": {
        "officialId": "sh-fgj-3B023-01",
        "wikipediaId": "wiki-heritage-t04-r0046",
        "batch": 3,
        "officialCodeRaw": "3B023",
        "name": "念吾新村/多福里/汾阳坊",
        "articleTitle": "念吾新村/多福里/汾阳坊",
        "address": "延安中路470弄/504弄/510弄",
        "addressComparison": "exact",
        "coordinateScope": "building-complex-reference-point",
        "coordinateSystem": "WGS84",
        "precisionDegrees": null,
        "origin": "shanghai-library",
        "sourceUrl": "https://data.library.sh.cn/entity/architecture/185xeu0g3e48pqak",
        "coordinateSourceTitle": "上海图书馆历史建筑开放数据",
        "sourceAddress": "延安中路470、504、540弄",
        "locationNote": "此为门址所在里弄、院落或建筑群参考点，未逐栋核定位置。 来源门址与官方写法有差异，原始门牌和对照理由均保留。",
        "wikipediaUrl": "https://zh.wikipedia.org/zh-hans/上海市优秀历史建筑",
        "wikidataId": null,
        "historicalGeometryVerified": false
      }
    },
    {
      "type": "Feature",
      "id": "sh-fgj-3B024-01-address-reference",
      "geometry": {
        "type": "Point",
        "coordinates": [
          121.439383,
          31.218206
        ]
      },
      "properties": {
        "officialId": "sh-fgj-3B024-01",
        "wikipediaId": "wiki-heritage-t04-r0047",
        "batch": 3,
        "officialCodeRaw": "3B024",
        "name": "中国红十字会医院",
        "articleTitle": "中国红十字会医院",
        "address": "乌鲁木齐中路12号5号楼",
        "addressComparison": "exact",
        "coordinateScope": "address-reference-point",
        "coordinateSystem": "WGS84",
        "precisionDegrees": null,
        "origin": "shanghai-library",
        "sourceUrl": "https://data.library.sh.cn/entity/architecture/ycw3533fpu0xv6gj",
        "coordinateSourceTitle": "上海图书馆历史建筑开放数据",
        "sourceAddress": "乌鲁木齐中路12号",
        "locationNote": "此为来源目录门牌参考点，未独立测绘或核定建筑轮廓。 来源门址与官方写法有差异，原始门牌和对照理由均保留。",
        "wikipediaUrl": "https://zh.wikipedia.org/zh-hans/上海市优秀历史建筑",
        "wikidataId": null,
        "historicalGeometryVerified": false
      }
    },
    {
      "type": "Feature",
      "id": "sh-fgj-3B025-01-address-reference",
      "geometry": {
        "type": "Point",
        "coordinates": [
          121.453862,
          31.231623
        ]
      },
      "properties": {
        "officialId": "sh-fgj-3B025-01",
        "wikipediaId": "wiki-heritage-t04-r0048",
        "batch": 3,
        "officialCodeRaw": "3B025",
        "name": "切尔西住宅",
        "articleTitle": "切尔西住宅",
        "address": "南京西路962号",
        "addressComparison": "exact",
        "coordinateScope": "address-reference-point",
        "coordinateSystem": "WGS84",
        "precisionDegrees": null,
        "origin": "shanghai-library",
        "sourceUrl": "https://data.library.sh.cn/entity/architecture/1lcwg5fxq7167frj",
        "coordinateSourceTitle": "上海图书馆历史建筑开放数据",
        "sourceAddress": "南京西路962号",
        "locationNote": "此为来源目录门牌参考点，未独立测绘或核定建筑轮廓。",
        "wikipediaUrl": "https://zh.wikipedia.org/zh-hans/上海市优秀历史建筑",
        "wikidataId": null,
        "historicalGeometryVerified": false
      }
    },
    {
      "type": "Feature",
      "id": "sh-fgj-3B026-01-address-reference",
      "geometry": {
        "type": "Point",
        "coordinates": [
          121.454942,
          31.226097
        ]
      },
      "properties": {
        "officialId": "sh-fgj-3B026-01",
        "wikipediaId": "wiki-heritage-t04-r0049",
        "batch": 3,
        "officialCodeRaw": "3B026",
        "name": "住宅",
        "articleTitle": "延安中路810号 部队驻所",
        "address": "延安中路810号",
        "addressComparison": "exact",
        "coordinateScope": "address-reference-point",
        "coordinateSystem": "WGS84",
        "precisionDegrees": null,
        "origin": "shanghai-library",
        "sourceUrl": "https://data.library.sh.cn/entity/architecture/3kys5v4o8jdmowek",
        "coordinateSourceTitle": "上海图书馆历史建筑开放数据",
        "sourceAddress": "延安中路810号",
        "locationNote": "此为来源目录门牌参考点，未独立测绘或核定建筑轮廓。",
        "wikipediaUrl": "https://zh.wikipedia.org/zh-hans/上海市优秀历史建筑",
        "wikidataId": null,
        "historicalGeometryVerified": false
      }
    },
    {
      "type": "Feature",
      "id": "sh-fgj-3H001-01-address-reference",
      "geometry": {
        "type": "Point",
        "coordinates": [
          121.477957,
          31.244079
        ]
      },
      "properties": {
        "officialId": "sh-fgj-3H001-01",
        "wikipediaId": "wiki-heritage-t04-r0167",
        "batch": 3,
        "officialCodeRaw": "3H001",
        "name": "上海总商会",
        "articleTitle": "上海总商会",
        "address": "北苏州路470号",
        "addressComparison": "exact",
        "coordinateScope": "address-reference-point",
        "coordinateSystem": "WGS84",
        "precisionDegrees": null,
        "origin": "shanghai-library",
        "sourceUrl": "https://data.library.sh.cn/entity/architecture/o7u05w1smtffpfep",
        "coordinateSourceTitle": "上海图书馆历史建筑开放数据",
        "sourceAddress": "北苏州路470号",
        "locationNote": "此为来源目录门牌参考点，未独立测绘或核定建筑轮廓。",
        "wikipediaUrl": "https://zh.wikipedia.org/wiki/%E4%B8%8A%E6%B5%B7%E6%80%BB%E5%95%86%E4%BC%9A%E6%97%A7%E5%9D%80",
        "wikidataId": null,
        "historicalGeometryVerified": false
      }
    },
    {
      "type": "Feature",
      "id": "sh-fgj-3D001-01-address-reference",
      "geometry": {
        "type": "Point",
        "coordinates": [
          121.455628,
          31.215037
        ]
      },
      "properties": {
        "officialId": "sh-fgj-3D001-01",
        "wikipediaId": "wiki-heritage-t04-r0068",
        "batch": 3,
        "officialCodeRaw": "3D001",
        "name": "德国技术工程学院，同济德文医学堂，国立上海高级机械职业学校",
        "articleTitle": "德国技术工程学院，同济德文医学堂，国立上海高级机械职业学校",
        "address": "复兴中路1195号",
        "addressComparison": "exact",
        "coordinateScope": "building-complex-reference-point",
        "coordinateSystem": "WGS84",
        "precisionDegrees": null,
        "origin": "shanghai-library",
        "sourceUrl": "https://data.library.sh.cn/entity/architecture/s650jst2tgw64p15",
        "coordinateSourceTitle": "上海图书馆历史建筑开放数据",
        "sourceAddress": "复兴中路1195号",
        "locationNote": "此为门址所在里弄、院落或建筑群参考点，未逐栋核定位置。",
        "wikipediaUrl": "https://zh.wikipedia.org/zh-hans/上海市优秀历史建筑",
        "wikidataId": null,
        "historicalGeometryVerified": false
      }
    },
    {
      "type": "Feature",
      "id": "sh-fgj-3D002-01-address-reference",
      "geometry": {
        "type": "Point",
        "coordinates": [
          121.449744,
          31.21644
        ]
      },
      "properties": {
        "officialId": "sh-fgj-3D002-01",
        "wikipediaId": "wiki-heritage-t04-r0069",
        "batch": 3,
        "officialCodeRaw": "3D002",
        "name": "霞飞路住宅、比利时领馆",
        "articleTitle": "霞飞路住宅、比利时领馆",
        "address": "淮海中路1131号",
        "addressComparison": "different-as-listed",
        "coordinateScope": "address-reference-point",
        "coordinateSystem": "WGS84",
        "precisionDegrees": null,
        "origin": "shanghai-library",
        "sourceUrl": "https://data.library.sh.cn/entity/architecture/rilzk3370uos7065",
        "coordinateSourceTitle": "上海图书馆历史建筑开放数据",
        "sourceAddress": "淮海中路1131号南楼",
        "locationNote": "此为来源目录门牌参考点，未独立测绘或核定建筑轮廓。 来源门址与官方写法有差异，原始门牌和对照理由均保留。",
        "wikipediaUrl": "https://zh.wikipedia.org/zh-hans/上海市优秀历史建筑",
        "wikidataId": null,
        "historicalGeometryVerified": false
      }
    },
    {
      "type": "Feature",
      "id": "sh-fgj-3D003-01-address-reference",
      "geometry": {
        "type": "Point",
        "coordinates": [
          121.448705,
          31.216381
        ]
      },
      "properties": {
        "officialId": "sh-fgj-3D003-01",
        "wikipediaId": "wiki-heritage-t04-r0070",
        "batch": 3,
        "officialCodeRaw": "3D003",
        "name": "万国储蓄会公寓、盖司康公寓",
        "articleTitle": "万国储蓄会公寓、盖司康公寓",
        "address": "淮海中路1204-1218号",
        "addressComparison": "formatting-only",
        "coordinateScope": "building-complex-reference-point",
        "coordinateSystem": "WGS84",
        "precisionDegrees": null,
        "origin": "shanghai-library",
        "sourceUrl": "https://data.library.sh.cn/entity/architecture/n7yz4q7fu026uafz",
        "coordinateSourceTitle": "上海图书馆历史建筑开放数据",
        "sourceAddress": "淮海中路1204-1218号",
        "locationNote": "此为门址所在里弄、院落或建筑群参考点，未逐栋核定位置。",
        "wikipediaUrl": "https://zh.wikipedia.org/zh-hans/上海市优秀历史建筑",
        "wikidataId": null,
        "historicalGeometryVerified": false
      }
    },
    {
      "type": "Feature",
      "id": "sh-fgj-3D004-01-address-reference",
      "geometry": {
        "type": "Point",
        "coordinates": [
          121.446967,
          31.215792
        ]
      },
      "properties": {
        "officialId": "sh-fgj-3D004-01",
        "wikipediaId": "wiki-heritage-t04-r0071",
        "batch": 3,
        "officialCodeRaw": "3D004",
        "name": "住宅",
        "articleTitle": "淮海中路1276-1292号 住宅",
        "address": "淮海中路1276-1292号",
        "addressComparison": "formatting-only",
        "coordinateScope": "building-complex-reference-point",
        "coordinateSystem": "WGS84",
        "precisionDegrees": null,
        "origin": "shanghai-library",
        "sourceUrl": "https://data.library.sh.cn/entity/architecture/2gwg0cpfmx5i1483",
        "coordinateSourceTitle": "上海图书馆历史建筑开放数据",
        "sourceAddress": "淮海中路1276-1292号",
        "locationNote": "此为门址所在里弄、院落或建筑群参考点，未逐栋核定位置。",
        "wikipediaUrl": "https://zh.wikipedia.org/zh-hans/上海市优秀历史建筑",
        "wikidataId": null,
        "historicalGeometryVerified": false
      }
    },
    {
      "type": "Feature",
      "id": "sh-fgj-3D005-01-address-reference",
      "geometry": {
        "type": "Point",
        "coordinates": [
          121.446786,
          31.217003
        ]
      },
      "properties": {
        "officialId": "sh-fgj-3D005-01",
        "wikipediaId": "wiki-heritage-t04-r0072",
        "batch": 3,
        "officialCodeRaw": "3D005",
        "name": "住宅",
        "articleTitle": "华亭路71弄1-7号，延庆路135-149号 住宅",
        "address": "华亭路71弄1-7号，延庆路135-149号",
        "addressComparison": "formatting-only",
        "coordinateScope": "building-complex-reference-point",
        "coordinateSystem": "WGS84",
        "precisionDegrees": null,
        "origin": "shanghai-library",
        "sourceUrl": "https://data.library.sh.cn/entity/architecture/zlxq6te0bvie5y3l",
        "coordinateSourceTitle": "上海图书馆历史建筑开放数据",
        "sourceAddress": "华亭路71弄1-7号，延庆路135-149号",
        "locationNote": "此为门址所在里弄、院落或建筑群参考点，未逐栋核定位置。",
        "wikipediaUrl": "https://zh.wikipedia.org/zh-hans/上海市优秀历史建筑",
        "wikidataId": null,
        "historicalGeometryVerified": false
      }
    },
    {
      "type": "Feature",
      "id": "sh-fgj-3D006-01-address-reference",
      "geometry": {
        "type": "Point",
        "coordinates": [
          121.445373,
          31.216541
        ]
      },
      "properties": {
        "officialId": "sh-fgj-3D006-01",
        "wikipediaId": "wiki-heritage-t04-r0073",
        "batch": 3,
        "officialCodeRaw": "3D006",
        "name": "住宅",
        "articleTitle": "华亭路72、74、76、84、86号，延庆路151-157号 住宅",
        "address": "华亭路72、74、84、86号，延庆路151-157号",
        "addressComparison": "different-as-listed",
        "coordinateScope": "building-complex-reference-point",
        "coordinateSystem": "WGS84",
        "precisionDegrees": null,
        "origin": "shanghai-library",
        "sourceUrl": "https://data.library.sh.cn/entity/architecture/t53sbz8chtlroly4",
        "coordinateSourceTitle": "上海图书馆历史建筑开放数据",
        "sourceAddress": "华亭路72、74、76、84、86号，延庆路151-157号",
        "locationNote": "此为门址所在里弄、院落或建筑群参考点，未逐栋核定位置。 来源门址与官方写法有差异，原始门牌和对照理由均保留。",
        "wikipediaUrl": "https://zh.wikipedia.org/zh-hans/上海市优秀历史建筑",
        "wikidataId": null,
        "historicalGeometryVerified": false
      }
    },
    {
      "type": "Feature",
      "id": "sh-fgj-3D007-01-address-reference",
      "geometry": {
        "type": "Point",
        "coordinates": [
          121.44226,
          31.212485
        ]
      },
      "properties": {
        "officialId": "sh-fgj-3D007-01",
        "wikipediaId": "wiki-heritage-t04-r0074",
        "batch": 3,
        "officialCodeRaw": "3D007",
        "name": "麦琪公寓",
        "articleTitle": "麦琪公寓",
        "address": "复兴西路24号",
        "addressComparison": "exact",
        "coordinateScope": "address-reference-point",
        "coordinateSystem": "WGS84",
        "precisionDegrees": null,
        "origin": "shanghai-library",
        "sourceUrl": "https://data.library.sh.cn/entity/architecture/jga41htkstkoppv8",
        "coordinateSourceTitle": "上海图书馆历史建筑开放数据",
        "sourceAddress": "复兴西路24号",
        "locationNote": "此为来源目录门牌参考点，未独立测绘或核定建筑轮廓。",
        "wikipediaUrl": "https://zh.wikipedia.org/wiki/%E9%BA%A6%E7%90%AA%E5%85%AC%E5%AF%93",
        "wikidataId": null,
        "historicalGeometryVerified": false
      }
    },
    {
      "type": "Feature",
      "id": "sh-fgj-3D008-01-address-reference",
      "geometry": {
        "type": "Point",
        "coordinates": [
          121.441776,
          31.21106
        ]
      },
      "properties": {
        "officialId": "sh-fgj-3D008-01",
        "wikipediaId": "wiki-heritage-t04-r0075",
        "batch": 3,
        "officialCodeRaw": "3D008",
        "name": "上海新村",
        "articleTitle": "上海新村",
        "address": "淮海中路1487弄1-56号",
        "addressComparison": "formatting-only",
        "coordinateScope": "building-complex-reference-point",
        "coordinateSystem": "WGS84",
        "precisionDegrees": null,
        "origin": "shanghai-library",
        "sourceUrl": "https://data.library.sh.cn/entity/architecture/k3wy8cb13bv4e2q8",
        "coordinateSourceTitle": "上海图书馆历史建筑开放数据",
        "sourceAddress": "淮海中路1487弄1-56号",
        "locationNote": "此为门址所在里弄、院落或建筑群参考点，未逐栋核定位置。",
        "wikipediaUrl": "https://zh.wikipedia.org/wiki/%E4%B8%8A%E6%B5%B7%E6%96%B0%E9%82%A8",
        "wikidataId": null,
        "historicalGeometryVerified": false
      }
    },
    {
      "type": "Feature",
      "id": "sh-fgj-3D009-01-address-reference",
      "geometry": {
        "type": "Point",
        "coordinates": [
          121.440731,
          31.210673
        ]
      },
      "properties": {
        "officialId": "sh-fgj-3D009-01",
        "wikipediaId": "wiki-heritage-t04-r0076",
        "batch": 3,
        "officialCodeRaw": "3D009",
        "name": "林肯公寓",
        "articleTitle": "林肯公寓",
        "address": "淮海中路1554-1568号、1562弄2-5号",
        "addressComparison": "exact",
        "coordinateScope": "building-complex-reference-point",
        "coordinateSystem": "WGS84",
        "precisionDegrees": null,
        "origin": "shanghai-library",
        "sourceUrl": "https://data.library.sh.cn/entity/architecture/bdmadadvrz2vaxjq",
        "coordinateSourceTitle": "上海图书馆历史建筑开放数据",
        "sourceAddress": "淮海中路1554-1568号",
        "locationNote": "此为门址所在里弄、院落或建筑群参考点，未逐栋核定位置。 来源门址与官方写法有差异，原始门牌和对照理由均保留。",
        "wikipediaUrl": "https://zh.wikipedia.org/wiki/%E6%9E%97%E8%82%AF%E5%85%AC%E5%AF%93",
        "wikidataId": null,
        "historicalGeometryVerified": false
      }
    },
    {
      "type": "Feature",
      "id": "sh-fgj-3D010-01-address-reference",
      "geometry": {
        "type": "Point",
        "coordinates": [
          121.440147,
          31.213759
        ]
      },
      "properties": {
        "officialId": "sh-fgj-3D010-01",
        "wikipediaId": "wiki-heritage-t04-r0077",
        "batch": 3,
        "officialCodeRaw": "3D010",
        "name": "来斯南村",
        "articleTitle": "来斯南村",
        "address": "五原路205弄2-6号",
        "addressComparison": "formatting-only",
        "coordinateScope": "building-complex-reference-point",
        "coordinateSystem": "WGS84",
        "precisionDegrees": null,
        "origin": "shanghai-library",
        "sourceUrl": "https://data.library.sh.cn/entity/architecture/pbd6w6aje1zx13rg",
        "coordinateSourceTitle": "上海图书馆历史建筑开放数据",
        "sourceAddress": "五原路205弄2-6号",
        "locationNote": "此为门址所在里弄、院落或建筑群参考点，未逐栋核定位置。",
        "wikipediaUrl": "https://zh.wikipedia.org/wiki/%E6%9D%A5%E6%96%AF%E5%8D%97%E6%9D%91",
        "wikidataId": null,
        "historicalGeometryVerified": false
      }
    },
    {
      "type": "Feature",
      "id": "sh-fgj-3D011-01-address-reference",
      "geometry": {
        "type": "Point",
        "coordinates": [
          121.439232,
          31.213347
        ]
      },
      "properties": {
        "officialId": "sh-fgj-3D011-01",
        "wikipediaId": "wiki-heritage-t04-r0078",
        "batch": 3,
        "officialCodeRaw": "3D011",
        "name": "住宅",
        "articleTitle": "永福路52号 上海永乐电影电视集团公司",
        "address": "永福路52号",
        "addressComparison": "exact",
        "coordinateScope": "address-reference-point",
        "coordinateSystem": "WGS84",
        "precisionDegrees": null,
        "origin": "shanghai-library",
        "sourceUrl": "https://data.library.sh.cn/entity/architecture/86ybpsrv4j24mvdn",
        "coordinateSourceTitle": "上海图书馆历史建筑开放数据",
        "sourceAddress": "永福路52号",
        "locationNote": "此为来源目录门牌参考点，未独立测绘或核定建筑轮廓。",
        "wikipediaUrl": "https://zh.wikipedia.org/zh-hans/上海市优秀历史建筑",
        "wikidataId": null,
        "historicalGeometryVerified": false
      }
    },
    {
      "type": "Feature",
      "id": "sh-fgj-3D012-01-address-reference",
      "geometry": {
        "type": "Point",
        "coordinates": [
          121.435401,
          31.214351
        ]
      },
      "properties": {
        "officialId": "sh-fgj-3D012-01",
        "wikipediaId": "wiki-heritage-t04-r0079",
        "batch": 3,
        "officialCodeRaw": "3D012",
        "name": "住宅",
        "articleTitle": "武康路40弄1号 住宅",
        "address": "武康路40弄1号",
        "addressComparison": "exact",
        "coordinateScope": "building-complex-reference-point",
        "coordinateSystem": "WGS84",
        "precisionDegrees": null,
        "origin": "shanghai-library",
        "sourceUrl": "https://data.library.sh.cn/entity/architecture/y24ntxghck2xiga4",
        "coordinateSourceTitle": "上海图书馆历史建筑开放数据",
        "sourceAddress": "武康路40弄1号",
        "locationNote": "此为门址所在里弄、院落或建筑群参考点，未逐栋核定位置。",
        "wikipediaUrl": "https://zh.wikipedia.org/zh-hans/上海市优秀历史建筑",
        "wikidataId": null,
        "historicalGeometryVerified": false
      }
    },
    {
      "type": "Feature",
      "id": "sh-fgj-3D013-01-address-reference",
      "geometry": {
        "type": "Point",
        "coordinates": [
          121.436841,
          31.212511
        ]
      },
      "properties": {
        "officialId": "sh-fgj-3D013-01",
        "wikipediaId": "wiki-heritage-t04-r0080",
        "batch": 3,
        "officialCodeRaw": "3D013",
        "name": "住宅",
        "articleTitle": "复兴西路193号 上海市房地产科学研究院3号楼",
        "address": "复兴西路193号3号楼",
        "addressComparison": "exact",
        "coordinateScope": "address-reference-point",
        "coordinateSystem": "WGS84",
        "precisionDegrees": null,
        "origin": "shanghai-library",
        "sourceUrl": "https://data.library.sh.cn/entity/architecture/tyu2m0pfymmel187",
        "coordinateSourceTitle": "上海图书馆历史建筑开放数据",
        "sourceAddress": "复兴西路193号",
        "locationNote": "此为来源目录门牌参考点，未独立测绘或核定建筑轮廓。 来源门址与官方写法有差异，原始门牌和对照理由均保留。",
        "wikipediaUrl": "https://zh.wikipedia.org/zh-hans/上海市优秀历史建筑",
        "wikidataId": null,
        "historicalGeometryVerified": false
      }
    },
    {
      "type": "Feature",
      "id": "sh-fgj-3D014-01-address-reference",
      "geometry": {
        "type": "Point",
        "coordinates": [
          121.435535,
          31.210279
        ]
      },
      "properties": {
        "officialId": "sh-fgj-3D014-01",
        "wikipediaId": "wiki-heritage-t04-r0081",
        "batch": 3,
        "officialCodeRaw": "3D014",
        "name": "住宅",
        "articleTitle": "湖南路262号 湖南别墅",
        "address": "湖南路262号",
        "addressComparison": "exact",
        "coordinateScope": "address-reference-point",
        "coordinateSystem": "WGS84",
        "precisionDegrees": null,
        "origin": "shanghai-library",
        "sourceUrl": "https://data.library.sh.cn/entity/architecture/dfd38zbfu6rzabf3",
        "coordinateSourceTitle": "上海图书馆历史建筑开放数据",
        "sourceAddress": "湖南路262号",
        "locationNote": "此为来源目录门牌参考点，未独立测绘或核定建筑轮廓。",
        "wikipediaUrl": "https://zh.wikipedia.org/zh-hans/上海市优秀历史建筑",
        "wikidataId": null,
        "historicalGeometryVerified": false
      }
    },
    {
      "type": "Feature",
      "id": "sh-fgj-3D015-01-address-reference",
      "geometry": {
        "type": "Point",
        "coordinates": [
          121.436056,
          31.21054
        ]
      },
      "properties": {
        "officialId": "sh-fgj-3D015-01",
        "wikipediaId": "wiki-heritage-t04-r0082",
        "batch": 3,
        "officialCodeRaw": "3D015",
        "name": "住宅",
        "articleTitle": "武康路113号 住宅",
        "address": "武康路113号",
        "addressComparison": "exact",
        "coordinateScope": "address-reference-point",
        "coordinateSystem": "WGS84",
        "precisionDegrees": null,
        "origin": "shanghai-library",
        "sourceUrl": "https://data.library.sh.cn/entity/architecture/nsnek2pbv1glslhf",
        "coordinateSourceTitle": "上海图书馆历史建筑开放数据",
        "sourceAddress": "武康路113号",
        "locationNote": "此为来源目录门牌参考点，未独立测绘或核定建筑轮廓。",
        "wikipediaUrl": "https://zh.wikipedia.org/zh-hans/上海市优秀历史建筑",
        "wikidataId": null,
        "historicalGeometryVerified": false
      }
    },
    {
      "type": "Feature",
      "id": "sh-fgj-3D016-01-address-reference",
      "geometry": {
        "type": "Point",
        "coordinates": [
          121.435977,
          31.209604
        ]
      },
      "properties": {
        "officialId": "sh-fgj-3D016-01",
        "wikipediaId": "wiki-heritage-t04-r0083",
        "batch": 3,
        "officialCodeRaw": "3D016",
        "name": "住宅",
        "articleTitle": "武康路117弄1号 住宅",
        "address": "武康路117弄1号",
        "addressComparison": "exact",
        "coordinateScope": "building-complex-reference-point",
        "coordinateSystem": "WGS84",
        "precisionDegrees": null,
        "origin": "shanghai-library",
        "sourceUrl": "https://data.library.sh.cn/entity/architecture/5muey7hqovpubfim",
        "coordinateSourceTitle": "上海图书馆历史建筑开放数据",
        "sourceAddress": "武康路117弄1号",
        "locationNote": "此为门址所在里弄、院落或建筑群参考点，未逐栋核定位置。",
        "wikipediaUrl": "https://zh.wikipedia.org/zh-hans/上海市优秀历史建筑",
        "wikidataId": null,
        "historicalGeometryVerified": false
      }
    },
    {
      "type": "Feature",
      "id": "sh-fgj-3D017-01-address-reference",
      "geometry": {
        "type": "Point",
        "coordinates": [
          121.435745,
          31.20976
        ]
      },
      "properties": {
        "officialId": "sh-fgj-3D017-01",
        "wikipediaId": "wiki-heritage-t04-r0084",
        "batch": 3,
        "officialCodeRaw": "3D017",
        "name": "住宅",
        "articleTitle": "武康路117弄2号 住宅",
        "address": "武康路117弄2号",
        "addressComparison": "exact",
        "coordinateScope": "building-complex-reference-point",
        "coordinateSystem": "WGS84",
        "precisionDegrees": null,
        "origin": "shanghai-library",
        "sourceUrl": "https://data.library.sh.cn/entity/architecture/ey08isxwmw4zg2ro",
        "coordinateSourceTitle": "上海图书馆历史建筑开放数据",
        "sourceAddress": "武康路117弄2号",
        "locationNote": "此为门址所在里弄、院落或建筑群参考点，未逐栋核定位置。",
        "wikipediaUrl": "https://zh.wikipedia.org/zh-hans/上海市优秀历史建筑",
        "wikidataId": null,
        "historicalGeometryVerified": false
      }
    },
    {
      "type": "Feature",
      "id": "sh-fgj-3D018-01-address-reference",
      "geometry": {
        "type": "Point",
        "coordinates": [
          121.43398,
          31.207593
        ]
      },
      "properties": {
        "officialId": "sh-fgj-3D018-01",
        "wikipediaId": "wiki-heritage-t04-r0085",
        "batch": 3,
        "officialCodeRaw": "3D018",
        "name": "住宅",
        "articleTitle": "武康路390号 上海汽车工业总公司",
        "address": "武康路390号",
        "addressComparison": "exact",
        "coordinateScope": "address-reference-point",
        "coordinateSystem": "WGS84",
        "precisionDegrees": null,
        "origin": "shanghai-library",
        "sourceUrl": "https://data.library.sh.cn/entity/architecture/slkpyw66ieyl6rv2",
        "coordinateSourceTitle": "上海图书馆历史建筑开放数据",
        "sourceAddress": "武康路390号",
        "locationNote": "此为来源目录门牌参考点，未独立测绘或核定建筑轮廓。",
        "wikipediaUrl": "https://zh.wikipedia.org/wiki/%E6%AD%A6%E5%BA%B7%E8%B7%AF390%E5%8F%B7%E4%BD%8F%E5%AE%85",
        "wikidataId": null,
        "historicalGeometryVerified": false
      }
    },
    {
      "type": "Feature",
      "id": "sh-fgj-3D019-01-address-reference",
      "geometry": {
        "type": "Point",
        "coordinates": [
          121.434495,
          31.207632
        ]
      },
      "properties": {
        "officialId": "sh-fgj-3D019-01",
        "wikipediaId": "wiki-heritage-t04-r0086",
        "batch": 3,
        "officialCodeRaw": "3D019",
        "name": "住宅",
        "articleTitle": "武康路393号 住宅",
        "address": "武康路393号",
        "addressComparison": "exact",
        "coordinateScope": "address-reference-point",
        "coordinateSystem": "WGS84",
        "precisionDegrees": null,
        "origin": "shanghai-library",
        "sourceUrl": "https://data.library.sh.cn/entity/architecture/skfh4oea7r3atsqe",
        "coordinateSourceTitle": "上海图书馆历史建筑开放数据",
        "sourceAddress": "武康路393号",
        "locationNote": "此为来源目录门牌参考点，未独立测绘或核定建筑轮廓。",
        "wikipediaUrl": "https://zh.wikipedia.org/zh-hans/上海市优秀历史建筑",
        "wikidataId": null,
        "historicalGeometryVerified": false
      }
    },
    {
      "type": "Feature",
      "id": "sh-fgj-3D020-01-address-reference",
      "geometry": {
        "type": "Point",
        "coordinates": [
          121.434301,
          31.206647
        ]
      },
      "properties": {
        "officialId": "sh-fgj-3D020-01",
        "wikipediaId": "wiki-heritage-t04-r0087",
        "batch": 3,
        "officialCodeRaw": "3D020",
        "name": "住宅",
        "articleTitle": "淮海中路1818弄1-8号 住宅",
        "address": "淮海中路1818弄（1-6号、8号）",
        "addressComparison": "different-as-listed",
        "coordinateScope": "building-complex-reference-point",
        "coordinateSystem": "WGS84",
        "precisionDegrees": null,
        "origin": "shanghai-library",
        "sourceUrl": "https://data.library.sh.cn/entity/architecture/lvntc341znw514oa",
        "coordinateSourceTitle": "上海图书馆历史建筑开放数据",
        "sourceAddress": "淮海中路1818弄1-8号",
        "locationNote": "此为门址所在里弄、院落或建筑群参考点，未逐栋核定位置。 来源门址与官方写法有差异，原始门牌和对照理由均保留。",
        "wikipediaUrl": "https://zh.wikipedia.org/zh-hans/上海市优秀历史建筑",
        "wikidataId": null,
        "historicalGeometryVerified": false
      }
    },
    {
      "type": "Feature",
      "id": "sh-fgj-3D021-01-address-reference",
      "geometry": {
        "type": "Point",
        "coordinates": [
          121.467783,
          31.218423
        ]
      },
      "properties": {
        "officialId": "sh-fgj-3D021-01",
        "wikipediaId": "wiki-heritage-t04-r0088",
        "batch": 3,
        "officialCodeRaw": "3D021",
        "name": "住宅",
        "articleTitle": "嘉善路131-143弄、169弄 住宅",
        "address": "嘉善路131-143弄，169弄",
        "addressComparison": "exact",
        "coordinateScope": "building-complex-reference-point",
        "coordinateSystem": "WGS84",
        "precisionDegrees": null,
        "origin": "shanghai-library",
        "sourceUrl": "https://data.library.sh.cn/entity/architecture/pmfgxja2ldg66z8t",
        "coordinateSourceTitle": "上海图书馆历史建筑开放数据",
        "sourceAddress": "嘉善路131-143弄、169弄",
        "locationNote": "此为门址所在里弄、院落或建筑群参考点，未逐栋核定位置。",
        "wikipediaUrl": "https://zh.wikipedia.org/zh-hans/上海市优秀历史建筑",
        "wikidataId": null,
        "historicalGeometryVerified": false
      }
    },
    {
      "type": "Feature",
      "id": "sh-fgj-3D022-01-address-reference",
      "geometry": {
        "type": "Point",
        "coordinates": [
          121.451788,
          31.20993
        ]
      },
      "properties": {
        "officialId": "sh-fgj-3D022-01",
        "wikipediaId": "wiki-heritage-t04-r0089",
        "batch": 3,
        "officialCodeRaw": "3D022",
        "name": "住宅",
        "articleTitle": "永嘉路383号 上海电影译制厂等",
        "address": "永嘉路383号",
        "addressComparison": "exact",
        "coordinateScope": "building-complex-reference-point",
        "coordinateSystem": "WGS84",
        "precisionDegrees": null,
        "origin": "shanghai-library",
        "sourceUrl": "https://data.library.sh.cn/entity/architecture/dc1wox0g08q08sje",
        "coordinateSourceTitle": "上海图书馆历史建筑开放数据",
        "sourceAddress": "永嘉路383号",
        "locationNote": "此为门址所在里弄、院落或建筑群参考点，未逐栋核定位置。",
        "wikipediaUrl": "https://zh.wikipedia.org/zh-hans/上海市优秀历史建筑",
        "wikidataId": null,
        "historicalGeometryVerified": false
      }
    },
    {
      "type": "Feature",
      "id": "sh-fgj-3D023-01-address-reference",
      "geometry": {
        "type": "Point",
        "coordinates": [
          121.450846,
          31.209424
        ]
      },
      "properties": {
        "officialId": "sh-fgj-3D023-01",
        "wikipediaId": "wiki-heritage-t04-r0090",
        "batch": 3,
        "officialCodeRaw": "3D023",
        "name": "住宅",
        "articleTitle": "永嘉路389号 03单位华东办事处",
        "address": "永嘉路389号",
        "addressComparison": "exact",
        "coordinateScope": "address-reference-point",
        "coordinateSystem": "WGS84",
        "precisionDegrees": null,
        "origin": "shanghai-library",
        "sourceUrl": "https://data.library.sh.cn/entity/architecture/5rrcy1l4d5780f32",
        "coordinateSourceTitle": "上海图书馆历史建筑开放数据",
        "sourceAddress": "永嘉路389号",
        "locationNote": "此为来源目录门牌参考点，未独立测绘或核定建筑轮廓。",
        "wikipediaUrl": "https://zh.wikipedia.org/zh-hans/上海市优秀历史建筑",
        "wikidataId": null,
        "historicalGeometryVerified": false
      }
    },
    {
      "type": "Feature",
      "id": "sh-fgj-3D024-01-address-reference",
      "geometry": {
        "type": "Point",
        "coordinates": [
          121.450371,
          31.208234
        ]
      },
      "properties": {
        "officialId": "sh-fgj-3D024-01",
        "wikipediaId": "wiki-heritage-t04-r0091",
        "batch": 3,
        "officialCodeRaw": "3D024",
        "name": "住宅",
        "articleTitle": "太原路160号 瑞金宾馆太原分馆",
        "address": "太原路160号",
        "addressComparison": "exact",
        "coordinateScope": "address-reference-point",
        "coordinateSystem": "WGS84",
        "precisionDegrees": null,
        "origin": "shanghai-library",
        "sourceUrl": "https://data.library.sh.cn/entity/architecture/0owcwothaw0toa5s",
        "coordinateSourceTitle": "上海图书馆历史建筑开放数据",
        "sourceAddress": "太原路160号",
        "locationNote": "此为来源目录门牌参考点，未独立测绘或核定建筑轮廓。",
        "wikipediaUrl": "https://zh.wikipedia.org/zh-hans/上海市优秀历史建筑",
        "wikidataId": null,
        "historicalGeometryVerified": false
      }
    },
    {
      "type": "Feature",
      "id": "sh-fgj-3D025-01-address-reference",
      "geometry": {
        "type": "Point",
        "coordinates": [
          121.448993,
          31.207833
        ]
      },
      "properties": {
        "officialId": "sh-fgj-3D025-01",
        "wikipediaId": "wiki-heritage-t04-r0092",
        "batch": 3,
        "officialCodeRaw": "3D025",
        "name": "住宅",
        "articleTitle": "永嘉路495弄 住宅",
        "address": "永嘉路495弄",
        "addressComparison": "exact",
        "coordinateScope": "building-complex-reference-point",
        "coordinateSystem": "WGS84",
        "precisionDegrees": null,
        "origin": "shanghai-library",
        "sourceUrl": "https://data.library.sh.cn/entity/architecture/xgtyup63eeno0ylf",
        "coordinateSourceTitle": "上海图书馆历史建筑开放数据",
        "sourceAddress": "永嘉路495弄",
        "locationNote": "此为门址所在里弄、院落或建筑群参考点，未逐栋核定位置。",
        "wikipediaUrl": "https://zh.wikipedia.org/zh-hans/上海市优秀历史建筑",
        "wikidataId": null,
        "historicalGeometryVerified": false
      }
    },
    {
      "type": "Feature",
      "id": "sh-fgj-3D026-01-address-reference",
      "geometry": {
        "type": "Point",
        "coordinates": [
          121.449096,
          31.205745
        ]
      },
      "properties": {
        "officialId": "sh-fgj-3D026-01",
        "wikipediaId": "wiki-heritage-t04-r0093",
        "batch": 3,
        "officialCodeRaw": "3D026",
        "name": "住宅",
        "articleTitle": "建国西路398号 电话局职工住宅",
        "address": "建国西路398号",
        "addressComparison": "exact",
        "coordinateScope": "address-reference-point",
        "coordinateSystem": "WGS84",
        "precisionDegrees": null,
        "origin": "shanghai-library",
        "sourceUrl": "https://data.library.sh.cn/entity/architecture/tnwyn07cgxp22psg",
        "coordinateSourceTitle": "上海图书馆历史建筑开放数据",
        "sourceAddress": "建国西路398号",
        "locationNote": "此为来源目录门牌参考点，未独立测绘或核定建筑轮廓。",
        "wikipediaUrl": "https://zh.wikipedia.org/zh-hans/上海市优秀历史建筑",
        "wikidataId": null,
        "historicalGeometryVerified": false
      }
    },
    {
      "type": "Feature",
      "id": "sh-fgj-3D027-01-address-reference",
      "geometry": {
        "type": "Point",
        "coordinates": [
          121.447091,
          31.206913
        ]
      },
      "properties": {
        "officialId": "sh-fgj-3D027-01",
        "wikipediaId": "wiki-heritage-t04-r0094",
        "batch": 3,
        "officialCodeRaw": "3D027",
        "name": "住宅",
        "articleTitle": "岳阳路170弄1号1号楼 住宅",
        "address": "岳阳路170弄1号1号楼",
        "addressComparison": "different-as-listed",
        "coordinateScope": "building-complex-reference-point",
        "coordinateSystem": "WGS84",
        "precisionDegrees": null,
        "origin": "shanghai-library",
        "sourceUrl": "https://data.library.sh.cn/entity/architecture/awxo81izglc2eu6o",
        "coordinateSourceTitle": "上海图书馆历史建筑开放数据",
        "sourceAddress": "岳阳路170弄1号1号楼",
        "locationNote": "此为门址所在里弄、院落或建筑群参考点，未逐栋核定位置。",
        "wikipediaUrl": "https://zh.wikipedia.org/zh-hans/上海市优秀历史建筑",
        "wikidataId": null,
        "historicalGeometryVerified": false
      }
    },
    {
      "type": "Feature",
      "id": "sh-fgj-3D028-01-address-reference",
      "geometry": {
        "type": "Point",
        "coordinates": [
          121.446445,
          31.207368
        ]
      },
      "properties": {
        "officialId": "sh-fgj-3D028-01",
        "wikipediaId": "wiki-heritage-t04-r0095",
        "batch": 3,
        "officialCodeRaw": "3D028",
        "name": "住宅",
        "articleTitle": "永嘉路527弄1-5号 住宅",
        "address": "永嘉路527弄1-5号",
        "addressComparison": "formatting-only",
        "coordinateScope": "building-complex-reference-point",
        "coordinateSystem": "WGS84",
        "precisionDegrees": null,
        "origin": "shanghai-library",
        "sourceUrl": "https://data.library.sh.cn/entity/architecture/om0ortluukcuksyd",
        "coordinateSourceTitle": "上海图书馆历史建筑开放数据",
        "sourceAddress": "永嘉路527弄1-5号",
        "locationNote": "此为门址所在里弄、院落或建筑群参考点，未逐栋核定位置。",
        "wikipediaUrl": "https://zh.wikipedia.org/zh-hans/上海市优秀历史建筑",
        "wikidataId": null,
        "historicalGeometryVerified": false
      }
    },
    {
      "type": "Feature",
      "id": "sh-fgj-3D029-01-address-reference",
      "geometry": {
        "type": "Point",
        "coordinates": [
          121.445221,
          31.2069
        ]
      },
      "properties": {
        "officialId": "sh-fgj-3D029-01",
        "wikipediaId": "wiki-heritage-t04-r0096",
        "batch": 3,
        "officialCodeRaw": "3D029",
        "name": "住宅",
        "articleTitle": "永嘉路571号 住宅",
        "address": "永嘉路571号",
        "addressComparison": "exact",
        "coordinateScope": "address-reference-point",
        "coordinateSystem": "WGS84",
        "precisionDegrees": null,
        "origin": "shanghai-library",
        "sourceUrl": "https://data.library.sh.cn/entity/architecture/dnffh0ft18jj5op2",
        "coordinateSourceTitle": "上海图书馆历史建筑开放数据",
        "sourceAddress": "永嘉路571号",
        "locationNote": "此为来源目录门牌参考点，未独立测绘或核定建筑轮廓。",
        "wikipediaUrl": "https://zh.wikipedia.org/zh-hans/上海市优秀历史建筑",
        "wikidataId": null,
        "historicalGeometryVerified": false
      }
    },
    {
      "type": "Feature",
      "id": "sh-fgj-3D030-01-address-reference",
      "geometry": {
        "type": "Point",
        "coordinates": [
          121.443349,
          31.204502
        ]
      },
      "properties": {
        "officialId": "sh-fgj-3D030-01",
        "wikipediaId": "wiki-heritage-t04-r0097",
        "batch": 3,
        "officialCodeRaw": "3D030",
        "name": "住宅",
        "articleTitle": "安亭路81弄2、4号 住宅",
        "address": "安亭路81弄2，4号",
        "addressComparison": "exact",
        "coordinateScope": "building-complex-reference-point",
        "coordinateSystem": "WGS84",
        "precisionDegrees": null,
        "origin": "shanghai-library",
        "sourceUrl": "https://data.library.sh.cn/entity/architecture/os7u0jadd60c1fi5",
        "coordinateSourceTitle": "上海图书馆历史建筑开放数据",
        "sourceAddress": "安亭路81弄2、4号",
        "locationNote": "此为门址所在里弄、院落或建筑群参考点，未逐栋核定位置。",
        "wikipediaUrl": "https://zh.wikipedia.org/zh-hans/上海市优秀历史建筑",
        "wikidataId": null,
        "historicalGeometryVerified": false
      }
    },
    {
      "type": "Feature",
      "id": "sh-fgj-3D032-01-address-reference",
      "geometry": {
        "type": "Point",
        "coordinates": [
          121.443129,
          31.203319
        ]
      },
      "properties": {
        "officialId": "sh-fgj-3D032-01",
        "wikipediaId": "wiki-heritage-t04-r0099",
        "batch": 3,
        "officialCodeRaw": "3D032",
        "name": "住宅",
        "articleTitle": "建国西路620、622号 住宅、建国西路幼儿园",
        "address": "建国西路620、622号",
        "addressComparison": "exact",
        "coordinateScope": "building-complex-reference-point",
        "coordinateSystem": "WGS84",
        "precisionDegrees": null,
        "origin": "shanghai-library",
        "sourceUrl": "https://data.library.sh.cn/entity/architecture/s2ihgeqhsk28w33l",
        "coordinateSourceTitle": "上海图书馆历史建筑开放数据",
        "sourceAddress": "建国西路620、622号",
        "locationNote": "此为门址所在里弄、院落或建筑群参考点，未逐栋核定位置。",
        "wikipediaUrl": "https://zh.wikipedia.org/zh-hans/上海市优秀历史建筑",
        "wikidataId": null,
        "historicalGeometryVerified": false
      }
    },
    {
      "type": "Feature",
      "id": "sh-fgj-3D033-01-address-reference",
      "geometry": {
        "type": "Point",
        "coordinates": [
          121.436167,
          31.200395
        ]
      },
      "properties": {
        "officialId": "sh-fgj-3D033-01",
        "wikipediaId": "wiki-heritage-t04-r0100",
        "batch": 3,
        "officialCodeRaw": "3D033",
        "name": "住宅",
        "articleTitle": "余庆路190号 市委机关幼儿园",
        "address": "余庆路190号",
        "addressComparison": "exact",
        "coordinateScope": "address-reference-point",
        "coordinateSystem": "WGS84",
        "precisionDegrees": null,
        "origin": "shanghai-library",
        "sourceUrl": "https://data.library.sh.cn/entity/architecture/gwbq4e8nk3dddtjg",
        "coordinateSourceTitle": "上海图书馆历史建筑开放数据",
        "sourceAddress": "余庆路190号",
        "locationNote": "此为来源目录门牌参考点，未独立测绘或核定建筑轮廓。",
        "wikipediaUrl": "https://zh.wikipedia.org/zh-hans/上海市优秀历史建筑",
        "wikidataId": null,
        "historicalGeometryVerified": false
      }
    },
    {
      "type": "Feature",
      "id": "sh-fgj-3D035-01-address-reference",
      "geometry": {
        "type": "Point",
        "coordinates": [
          121.44743,
          31.180557
        ]
      },
      "properties": {
        "officialId": "sh-fgj-3D035-01",
        "wikipediaId": "wiki-heritage-t04-r0102",
        "batch": 3,
        "officialCodeRaw": "3D035",
        "name": "江南弹药局",
        "articleTitle": "江南弹药局",
        "address": "龙华路2577号（烈士陵园北部）",
        "addressComparison": "exact",
        "coordinateScope": "building-complex-reference-point",
        "coordinateSystem": "WGS84",
        "precisionDegrees": null,
        "origin": "shanghai-library",
        "sourceUrl": "https://data.library.sh.cn/entity/architecture/i5cpds805k7yigiy",
        "coordinateSourceTitle": "上海图书馆历史建筑开放数据",
        "sourceAddress": "龙华路2577号",
        "locationNote": "此为门址所在里弄、院落或建筑群参考点，未逐栋核定位置。 来源门址与官方写法有差异，原始门牌和对照理由均保留。",
        "wikipediaUrl": "https://zh.wikipedia.org/zh-hans/上海市优秀历史建筑",
        "wikidataId": null,
        "historicalGeometryVerified": false
      }
    },
    {
      "type": "Feature",
      "id": "sh-fgj-3F002-01-address-reference",
      "geometry": {
        "type": "Point",
        "coordinates": [
          121.480633,
          31.265221
        ]
      },
      "properties": {
        "officialId": "sh-fgj-3F002-01",
        "wikipediaId": "wiki-heritage-t04-r0141",
        "batch": 3,
        "officialCodeRaw": "3F002",
        "name": "长春公寓",
        "articleTitle": "长春公寓",
        "address": "长春路304号",
        "addressComparison": "exact",
        "coordinateScope": "address-reference-point",
        "coordinateSystem": "WGS84",
        "precisionDegrees": null,
        "origin": "shanghai-library",
        "sourceUrl": "https://data.library.sh.cn/entity/architecture/3ruemiex68xds8aw",
        "coordinateSourceTitle": "上海图书馆历史建筑开放数据",
        "sourceAddress": "长春路304号",
        "locationNote": "此为来源目录门牌参考点，未独立测绘或核定建筑轮廓。",
        "wikipediaUrl": "https://zh.wikipedia.org/zh-hans/上海市优秀历史建筑",
        "wikidataId": null,
        "historicalGeometryVerified": false
      }
    },
    {
      "type": "Feature",
      "id": "sh-fgj-3F003-01-address-reference",
      "geometry": {
        "type": "Point",
        "coordinates": [
          121.483893,
          31.262947
        ]
      },
      "properties": {
        "officialId": "sh-fgj-3F003-01",
        "wikipediaId": "wiki-heritage-t04-r0142",
        "batch": 3,
        "officialCodeRaw": "3F003",
        "name": "住宅",
        "articleTitle": "溧阳路1084弄2-11号、1114弄1-21号、1156弄1-19号、1203弄1-12号1208弄1-12号、1219、1221、1235、1237、1251、1253、1267、1269、1281、1283、1295、1297、1311、1313、1298、1331、1338号 住宅",
        "address": "溧阳路1084弄2-11号、1114弄1-21号、1156弄1-19号、1208弄1-12号、1219、1221、1253、1283、1313、1235、1267、1295、1298、1237、1269、1297、1331、1251、1281、1311、1338号，溧阳路1203弄1-12号",
        "addressComparison": "formatting-only",
        "coordinateScope": "building-complex-reference-point",
        "coordinateSystem": "WGS84",
        "precisionDegrees": null,
        "origin": "shanghai-library",
        "sourceUrl": "https://data.library.sh.cn/entity/architecture/elz08s1ojgyl4xsk",
        "coordinateSourceTitle": "上海图书馆历史建筑开放数据",
        "sourceAddress": "溧阳路1084弄2-11号、1114弄1-21号、1156弄1-19号、1203弄1-12号1208弄1-12号、1219、1221、1235、1237、1251、1253、1267、1269、1281、1283、1295、1297、1311、1313、1298、1331、1338号",
        "locationNote": "此为门址所在里弄、院落或建筑群参考点，未逐栋核定位置。 来源门址与官方写法有差异，原始门牌和对照理由均保留。",
        "wikipediaUrl": "https://zh.wikipedia.org/zh-hans/上海市优秀历史建筑",
        "wikidataId": null,
        "historicalGeometryVerified": false
      }
    },
    {
      "type": "Feature",
      "id": "sh-fgj-3F007-01-address-reference",
      "geometry": {
        "type": "Point",
        "coordinates": [
          121.48281,
          31.249692
        ]
      },
      "properties": {
        "officialId": "sh-fgj-3F007-01",
        "wikipediaId": "wiki-heritage-t04-r0146",
        "batch": 3,
        "officialCodeRaw": "3F007",
        "name": "住宅",
        "articleTitle": "蟠龙街1-13号 住宅",
        "address": "蟠龙街1-13号",
        "addressComparison": "formatting-only",
        "coordinateScope": "building-complex-reference-point",
        "coordinateSystem": "WGS84",
        "precisionDegrees": null,
        "origin": "shanghai-library",
        "sourceUrl": "https://data.library.sh.cn/entity/architecture/bkhdp1lxcihjwfxn",
        "coordinateSourceTitle": "上海图书馆历史建筑开放数据",
        "sourceAddress": "蟠龙街1-13号",
        "locationNote": "此为门址所在里弄、院落或建筑群参考点，未逐栋核定位置。",
        "wikipediaUrl": "https://zh.wikipedia.org/zh-hans/上海市优秀历史建筑",
        "wikidataId": null,
        "historicalGeometryVerified": false
      }
    },
    {
      "type": "Feature",
      "id": "sh-fgj-3F008-01-address-reference",
      "geometry": {
        "type": "Point",
        "coordinates": [
          121.481823,
          31.253899
        ]
      },
      "properties": {
        "officialId": "sh-fgj-3F008-01",
        "wikipediaId": "wiki-heritage-t04-r0147",
        "batch": 3,
        "officialCodeRaw": "3F008",
        "name": "西本愿寺",
        "articleTitle": "西本愿寺",
        "address": "乍浦路455号",
        "addressComparison": "exact",
        "coordinateScope": "address-reference-point",
        "coordinateSystem": "WGS84",
        "precisionDegrees": null,
        "origin": "shanghai-library",
        "sourceUrl": "https://data.library.sh.cn/entity/architecture/oozelay5qr6uc8he",
        "coordinateSourceTitle": "上海图书馆历史建筑开放数据",
        "sourceAddress": "乍浦路455号",
        "locationNote": "此为来源目录门牌参考点，未独立测绘或核定建筑轮廓。",
        "wikipediaUrl": "https://zh.wikipedia.org/wiki/%E8%A5%BF%E6%9C%AC%E6%84%BF%E5%AF%BA_(%E4%B8%8A%E6%B5%B7)",
        "wikidataId": null,
        "historicalGeometryVerified": false
      }
    },
    {
      "type": "Feature",
      "id": "sh-fgj-3F009-01-address-reference",
      "geometry": {
        "type": "Point",
        "coordinates": [
          121.480041,
          31.251321
        ]
      },
      "properties": {
        "officialId": "sh-fgj-3F009-01",
        "wikipediaId": "wiki-heritage-t04-r0148",
        "batch": 3,
        "officialCodeRaw": "3F009",
        "name": "虹口大旅社",
        "articleTitle": "虹口大旅社",
        "address": "海宁路449号",
        "addressComparison": "different-as-listed",
        "coordinateScope": "address-reference-point",
        "coordinateSystem": "WGS84",
        "precisionDegrees": null,
        "origin": "shanghai-library",
        "sourceUrl": "https://data.library.sh.cn/entity/architecture/g5pujurcrxdxtrpx",
        "coordinateSourceTitle": "上海图书馆历史建筑开放数据",
        "sourceAddress": "海宁路449号",
        "locationNote": "此为来源目录门牌参考点，未独立测绘或核定建筑轮廓。",
        "wikipediaUrl": "https://zh.wikipedia.org/zh-hans/上海市优秀历史建筑",
        "wikidataId": null,
        "historicalGeometryVerified": false
      }
    },
    {
      "type": "Feature",
      "id": "sh-fgj-3F010-01-address-reference",
      "geometry": {
        "type": "Point",
        "coordinates": [
          121.477035,
          31.265791
        ]
      },
      "properties": {
        "officialId": "sh-fgj-3F010-01",
        "wikipediaId": "wiki-heritage-t04-r0149",
        "batch": 3,
        "officialCodeRaw": "3F010",
        "name": "住宅",
        "articleTitle": "多伦路215号 上海纺织老干部活动室",
        "address": "多伦路215号",
        "addressComparison": "exact",
        "coordinateScope": "address-reference-point",
        "coordinateSystem": "WGS84",
        "precisionDegrees": null,
        "origin": "shanghai-library",
        "sourceUrl": "https://data.library.sh.cn/entity/architecture/u5nvnai862qsirz7",
        "coordinateSourceTitle": "上海图书馆历史建筑开放数据",
        "sourceAddress": "多伦路215号",
        "locationNote": "此为来源目录门牌参考点，未独立测绘或核定建筑轮廓。",
        "wikipediaUrl": "https://zh.wikipedia.org/zh-hans/上海市优秀历史建筑",
        "wikidataId": null,
        "historicalGeometryVerified": false
      }
    },
    {
      "type": "Feature",
      "id": "sh-fgj-3F011-01-address-reference",
      "geometry": {
        "type": "Point",
        "coordinates": [
          121.480179,
          31.271494
        ]
      },
      "properties": {
        "officialId": "sh-fgj-3F011-01",
        "wikipediaId": "wiki-heritage-t04-r0150",
        "batch": 3,
        "officialCodeRaw": "3F011",
        "name": "祥德路住宅",
        "articleTitle": "祥德路住宅",
        "address": "祥德路2弄",
        "addressComparison": "exact",
        "coordinateScope": "building-complex-reference-point",
        "coordinateSystem": "WGS84",
        "precisionDegrees": null,
        "origin": "shanghai-library",
        "sourceUrl": "https://data.library.sh.cn/entity/architecture/gzrur87k16c3l0xg",
        "coordinateSourceTitle": "上海图书馆历史建筑开放数据",
        "sourceAddress": "祥德路2弄",
        "locationNote": "此为门址所在里弄、院落或建筑群参考点，未逐栋核定位置。",
        "wikipediaUrl": "https://zh.wikipedia.org/zh-hans/上海市优秀历史建筑",
        "wikidataId": null,
        "historicalGeometryVerified": false
      }
    },
    {
      "type": "Feature",
      "id": "sh-fgj-3G001-01-address-reference",
      "geometry": {
        "type": "Point",
        "coordinates": [
          121.543702,
          31.272083
        ]
      },
      "properties": {
        "officialId": "sh-fgj-3G001-01",
        "wikipediaId": "wiki-heritage-t04-r0158",
        "batch": 3,
        "officialCodeRaw": "3G001",
        "name": "住宅",
        "articleTitle": "隆昌路222-266号 住宅",
        "address": "隆昌路222-266号",
        "addressComparison": "formatting-only",
        "coordinateScope": "building-complex-reference-point",
        "coordinateSystem": "WGS84",
        "precisionDegrees": null,
        "origin": "shanghai-library",
        "sourceUrl": "https://data.library.sh.cn/entity/architecture/1ywamepbv4zpgd4o",
        "coordinateSourceTitle": "上海图书馆历史建筑开放数据",
        "sourceAddress": "隆昌路222-266号",
        "locationNote": "此为门址所在里弄、院落或建筑群参考点，未逐栋核定位置。",
        "wikipediaUrl": "https://zh.wikipedia.org/zh-hans/上海市优秀历史建筑",
        "wikidataId": null,
        "historicalGeometryVerified": false
      }
    },
    {
      "type": "Feature",
      "id": "sh-fgj-3G002-01-address-reference",
      "geometry": {
        "type": "Point",
        "coordinates": [
          121.544455,
          31.277921
        ]
      },
      "properties": {
        "officialId": "sh-fgj-3G002-01",
        "wikipediaId": "wiki-heritage-t04-r0159",
        "batch": 3,
        "officialCodeRaw": "3G002",
        "name": "上海市东区污水处理厂",
        "articleTitle": "上海市东区污水处理厂",
        "address": "河间路1283号",
        "addressComparison": "exact",
        "coordinateScope": "building-complex-reference-point",
        "coordinateSystem": "WGS84",
        "precisionDegrees": null,
        "origin": "shanghai-library",
        "sourceUrl": "https://data.library.sh.cn/entity/architecture/azhdflx5spl5ohmv",
        "coordinateSourceTitle": "上海图书馆历史建筑开放数据",
        "sourceAddress": "河间路1283号",
        "locationNote": "此为门址所在里弄、院落或建筑群参考点，未逐栋核定位置。",
        "wikipediaUrl": "https://zh.wikipedia.org/zh-hans/上海市优秀历史建筑",
        "wikidataId": null,
        "historicalGeometryVerified": false
      }
    },
    {
      "type": "Feature",
      "id": "sh-fgj-3G003-01-address-reference",
      "geometry": {
        "type": "Point",
        "coordinates": [
          121.518964,
          31.254359
        ]
      },
      "properties": {
        "officialId": "sh-fgj-3G003-01",
        "wikipediaId": "wiki-heritage-t04-r0165",
        "batch": 3,
        "officialCodeRaw": "3G003",
        "name": "怡和纱厂",
        "articleTitle": "怡和纱厂",
        "address": "杨树浦路670号",
        "addressComparison": "exact",
        "coordinateScope": "address-reference-point",
        "coordinateSystem": "WGS84",
        "precisionDegrees": null,
        "origin": "shanghai-library",
        "sourceUrl": "https://data.library.sh.cn/entity/architecture/3tnn2te00r6ytrcs",
        "coordinateSourceTitle": "上海图书馆历史建筑开放数据",
        "sourceAddress": "杨树浦路670号",
        "locationNote": "此为来源目录门牌参考点，未独立测绘或核定建筑轮廓。",
        "wikipediaUrl": "https://zh.wikipedia.org/zh-hans/上海市优秀历史建筑",
        "wikidataId": null,
        "historicalGeometryVerified": false
      }
    },
    {
      "type": "Feature",
      "id": "sh-fgj-3G004-01-address-reference",
      "geometry": {
        "type": "Point",
        "coordinates": [
          121.550011,
          31.276372
        ]
      },
      "properties": {
        "officialId": "sh-fgj-3G004-01",
        "wikipediaId": "wiki-heritage-t04-r0166",
        "batch": 3,
        "officialCodeRaw": "3G004",
        "name": "上海密丰绒线厂",
        "articleTitle": "上海密丰绒线厂",
        "address": "波阳路400号",
        "addressComparison": "exact",
        "coordinateScope": "building-complex-reference-point",
        "coordinateSystem": "WGS84",
        "precisionDegrees": null,
        "origin": "shanghai-library",
        "sourceUrl": "https://data.library.sh.cn/entity/architecture/1u1qsa88xh8t0wal",
        "coordinateSourceTitle": "上海图书馆历史建筑开放数据",
        "sourceAddress": "波阳路400号",
        "locationNote": "此为门址所在里弄、院落或建筑群参考点，未逐栋核定位置。",
        "wikipediaUrl": "https://zh.wikipedia.org/zh-hans/上海市优秀历史建筑",
        "wikidataId": null,
        "historicalGeometryVerified": false
      }
    },
    {
      "type": "Feature",
      "id": "sh-fgj-3G005-01-address-reference",
      "geometry": {
        "type": "Point",
        "coordinates": [
          121.547585,
          31.269706
        ]
      },
      "properties": {
        "officialId": "sh-fgj-3G005-01",
        "wikipediaId": "wiki-heritage-t04-r0161",
        "batch": 3,
        "officialCodeRaw": "3G005",
        "name": "上海煤气公司",
        "articleTitle": "上海煤气公司",
        "address": "杨树浦路2524号",
        "addressComparison": "exact",
        "coordinateScope": "building-complex-reference-point",
        "coordinateSystem": "WGS84",
        "precisionDegrees": null,
        "origin": "shanghai-library",
        "sourceUrl": "https://data.library.sh.cn/entity/architecture/byf0hlze4d75roa4",
        "coordinateSourceTitle": "上海图书馆历史建筑开放数据",
        "sourceAddress": "杨树浦路2524号",
        "locationNote": "此为门址所在里弄、院落或建筑群参考点，未逐栋核定位置。",
        "wikipediaUrl": "https://zh.wikipedia.org/wiki/%E4%B8%8A%E6%B5%B7%E7%85%A4%E6%B0%94%E5%85%AC%E5%8F%B8%E6%9D%A8%E6%A0%91%E6%B5%A6%E5%B7%A5%E5%9C%BA%E6%97%A7%E5%9D%80",
        "wikidataId": null,
        "historicalGeometryVerified": false
      }
    },
    {
      "type": "Feature",
      "id": "sh-fgj-3G007-01-address-reference",
      "geometry": {
        "type": "Point",
        "coordinates": [
          121.552989,
          31.27364
        ]
      },
      "properties": {
        "officialId": "sh-fgj-3G007-01",
        "wikipediaId": "wiki-heritage-t04-r0163",
        "batch": 3,
        "officialCodeRaw": "3G007",
        "name": "裕丰纱厂",
        "articleTitle": "裕丰纱厂",
        "address": "杨树浦路2866号",
        "addressComparison": "exact",
        "coordinateScope": "building-complex-reference-point",
        "coordinateSystem": "WGS84",
        "precisionDegrees": null,
        "origin": "shanghai-library",
        "sourceUrl": "https://data.library.sh.cn/entity/architecture/83qq37j7wx2xuapf",
        "coordinateSourceTitle": "上海图书馆历史建筑开放数据",
        "sourceAddress": "杨树浦路2866号",
        "locationNote": "此为门址所在里弄、院落或建筑群参考点，未逐栋核定位置。",
        "wikipediaUrl": "https://zh.wikipedia.org/zh-hans/上海市优秀历史建筑",
        "wikidataId": null,
        "historicalGeometryVerified": false
      }
    },
    {
      "type": "Feature",
      "id": "sh-fgj-3M001-01-address-reference",
      "geometry": {
        "type": "Point",
        "coordinates": [
          121.417789,
          31.222542
        ]
      },
      "properties": {
        "officialId": "sh-fgj-3M001-01",
        "wikipediaId": "wiki-heritage-t04-r0103",
        "batch": 3,
        "officialCodeRaw": "3M001",
        "name": "兆丰别墅",
        "articleTitle": "兆丰别墅",
        "address": "长宁路712弄",
        "addressComparison": "exact",
        "coordinateScope": "building-complex-reference-point",
        "coordinateSystem": "WGS84",
        "precisionDegrees": null,
        "origin": "shanghai-library",
        "sourceUrl": "https://data.library.sh.cn/entity/architecture/1zbo6ta7eeawjooh",
        "coordinateSourceTitle": "上海图书馆历史建筑开放数据",
        "sourceAddress": "长宁路712弄",
        "locationNote": "此为门址所在里弄、院落或建筑群参考点，未逐栋核定位置。",
        "wikipediaUrl": "https://zh.wikipedia.org/wiki/%E9%95%BF%E5%AE%81%E8%B7%AF712%E5%BC%84",
        "wikidataId": null,
        "historicalGeometryVerified": false
      }
    },
    {
      "type": "Feature",
      "id": "sh-fgj-3M002-01-address-reference",
      "geometry": {
        "type": "Point",
        "coordinates": [
          121.419308,
          31.220901
        ]
      },
      "properties": {
        "officialId": "sh-fgj-3M002-01",
        "wikipediaId": "wiki-heritage-t04-r0104",
        "batch": 3,
        "officialCodeRaw": "3M002",
        "name": "新华村",
        "articleTitle": "新华村",
        "address": "愚园路1320号",
        "addressComparison": "exact",
        "coordinateScope": "building-complex-reference-point",
        "coordinateSystem": "WGS84",
        "precisionDegrees": null,
        "origin": "shanghai-library",
        "sourceUrl": "https://data.library.sh.cn/entity/architecture/w3utx5sgppsaefmb",
        "coordinateSourceTitle": "上海图书馆历史建筑开放数据",
        "sourceAddress": "愚园路1320号",
        "locationNote": "此为门址所在里弄、院落或建筑群参考点，未逐栋核定位置。 同址有多个保护项，分别保留记录；共用门址点不能区分各楼栋。",
        "wikipediaUrl": "https://zh.wikipedia.org/zh-hans/上海市优秀历史建筑",
        "wikidataId": null,
        "historicalGeometryVerified": false
      }
    },
    {
      "type": "Feature",
      "id": "sh-fgj-3M003-01-address-reference",
      "geometry": {
        "type": "Point",
        "coordinates": [
          121.419308,
          31.220901
        ]
      },
      "properties": {
        "officialId": "sh-fgj-3M003-01",
        "wikipediaId": "wiki-heritage-t04-r0105",
        "batch": 3,
        "officialCodeRaw": "3M003",
        "name": "新华村",
        "articleTitle": "新华村",
        "address": "愚园路1320号",
        "addressComparison": "exact",
        "coordinateScope": "building-complex-reference-point",
        "coordinateSystem": "WGS84",
        "precisionDegrees": null,
        "origin": "shanghai-library",
        "sourceUrl": "https://data.library.sh.cn/entity/architecture/e8q6vaiwp0shrz0g",
        "coordinateSourceTitle": "上海图书馆历史建筑开放数据",
        "sourceAddress": "愚园路1320号",
        "locationNote": "此为门址所在里弄、院落或建筑群参考点，未逐栋核定位置。 同址有多个保护项，分别保留记录；共用门址点不能区分各楼栋。",
        "wikipediaUrl": "https://zh.wikipedia.org/zh-hans/上海市优秀历史建筑",
        "wikidataId": null,
        "historicalGeometryVerified": false
      }
    },
    {
      "type": "Feature",
      "id": "sh-fgj-3M004-01-address-reference",
      "geometry": {
        "type": "Point",
        "coordinates": [
          121.419308,
          31.220901
        ]
      },
      "properties": {
        "officialId": "sh-fgj-3M004-01",
        "wikipediaId": "wiki-heritage-t04-r0106",
        "batch": 3,
        "officialCodeRaw": "3M004",
        "name": "新华村",
        "articleTitle": "新华村",
        "address": "愚园路1320号",
        "addressComparison": "exact",
        "coordinateScope": "building-complex-reference-point",
        "coordinateSystem": "WGS84",
        "precisionDegrees": null,
        "origin": "shanghai-library",
        "sourceUrl": "https://data.library.sh.cn/entity/architecture/14wwd7p6gnaqysqu",
        "coordinateSourceTitle": "上海图书馆历史建筑开放数据",
        "sourceAddress": "愚园路1320号",
        "locationNote": "此为门址所在里弄、院落或建筑群参考点，未逐栋核定位置。 同址有多个保护项，分别保留记录；共用门址点不能区分各楼栋。",
        "wikipediaUrl": "https://zh.wikipedia.org/zh-hans/上海市优秀历史建筑",
        "wikidataId": null,
        "historicalGeometryVerified": false
      }
    },
    {
      "type": "Feature",
      "id": "sh-fgj-3M005-01-address-reference",
      "geometry": {
        "type": "Point",
        "coordinates": [
          121.419308,
          31.220901
        ]
      },
      "properties": {
        "officialId": "sh-fgj-3M005-01",
        "wikipediaId": "wiki-heritage-t04-r0107",
        "batch": 3,
        "officialCodeRaw": "3M005",
        "name": "新华村",
        "articleTitle": "新华村",
        "address": "愚园路1320号",
        "addressComparison": "exact",
        "coordinateScope": "building-complex-reference-point",
        "coordinateSystem": "WGS84",
        "precisionDegrees": null,
        "origin": "shanghai-library",
        "sourceUrl": "https://data.library.sh.cn/entity/architecture/j0e3c2mw1yt0qksk",
        "coordinateSourceTitle": "上海图书馆历史建筑开放数据",
        "sourceAddress": "愚园路1320号",
        "locationNote": "此为门址所在里弄、院落或建筑群参考点，未逐栋核定位置。 同址有多个保护项，分别保留记录；共用门址点不能区分各楼栋。",
        "wikipediaUrl": "https://zh.wikipedia.org/zh-hans/上海市优秀历史建筑",
        "wikidataId": null,
        "historicalGeometryVerified": false
      }
    },
    {
      "type": "Feature",
      "id": "sh-fgj-3M006-01-address-reference",
      "geometry": {
        "type": "Point",
        "coordinates": [
          121.43043,
          31.209149
        ]
      },
      "properties": {
        "officialId": "sh-fgj-3M006-01",
        "wikipediaId": "wiki-heritage-t04-r0108",
        "batch": 3,
        "officialCodeRaw": "3M006",
        "name": "亦村",
        "articleTitle": "亦村",
        "address": "泰安路76弄",
        "addressComparison": "exact",
        "coordinateScope": "building-complex-reference-point",
        "coordinateSystem": "WGS84",
        "precisionDegrees": null,
        "origin": "shanghai-library",
        "sourceUrl": "https://data.library.sh.cn/entity/architecture/hqop8mktrh2o6gu2",
        "coordinateSourceTitle": "上海图书馆历史建筑开放数据",
        "sourceAddress": "泰安路76弄",
        "locationNote": "此为门址所在里弄、院落或建筑群参考点，未逐栋核定位置。",
        "wikipediaUrl": "https://zh.wikipedia.org/wiki/%E4%BA%A6%E6%9D%91",
        "wikidataId": null,
        "historicalGeometryVerified": false
      }
    },
    {
      "type": "Feature",
      "id": "sh-fgj-3M007-01-address-reference",
      "geometry": {
        "type": "Point",
        "coordinates": [
          121.419816,
          31.220915
        ]
      },
      "properties": {
        "officialId": "sh-fgj-3M007-01",
        "wikipediaId": "wiki-heritage-t04-r0109",
        "batch": 3,
        "officialCodeRaw": "3M007",
        "name": "住宅",
        "articleTitle": "愚园路1294号 工商银行愚园路分理处等",
        "address": "愚园路1294号",
        "addressComparison": "exact",
        "coordinateScope": "address-reference-point",
        "coordinateSystem": "WGS84",
        "precisionDegrees": null,
        "origin": "shanghai-library",
        "sourceUrl": "https://data.library.sh.cn/entity/architecture/ahc6xdhc4pg15z1z",
        "coordinateSourceTitle": "上海图书馆历史建筑开放数据",
        "sourceAddress": "愚园路1294号",
        "locationNote": "此为来源目录门牌参考点，未独立测绘或核定建筑轮廓。",
        "wikipediaUrl": "https://zh.wikipedia.org/zh-hans/上海市优秀历史建筑",
        "wikidataId": null,
        "historicalGeometryVerified": false
      }
    },
    {
      "type": "Feature",
      "id": "sh-fgj-3M008-01-address-reference",
      "geometry": {
        "type": "Point",
        "coordinates": [
          121.421684,
          31.22087
        ]
      },
      "properties": {
        "officialId": "sh-fgj-3M008-01",
        "wikipediaId": "wiki-heritage-t04-r0110",
        "batch": 3,
        "officialCodeRaw": "3M008",
        "name": "沪西别墅/沪西别业",
        "articleTitle": "沪西别墅/沪西别业",
        "address": "愚园路1210弄东侧",
        "addressComparison": "exact",
        "coordinateScope": "building-complex-reference-point",
        "coordinateSystem": "WGS84",
        "precisionDegrees": null,
        "origin": "shanghai-library",
        "sourceUrl": "https://data.library.sh.cn/entity/architecture/11eaivskvtc4h356",
        "coordinateSourceTitle": "上海图书馆历史建筑开放数据",
        "sourceAddress": "愚园路1210弄东侧",
        "locationNote": "此为门址所在里弄、院落或建筑群参考点，未逐栋核定位置。",
        "wikipediaUrl": "https://zh.wikipedia.org/zh-hans/上海市优秀历史建筑",
        "wikidataId": null,
        "historicalGeometryVerified": false
      }
    },
    {
      "type": "Feature",
      "id": "sh-fgj-3M009-01-address-reference",
      "geometry": {
        "type": "Point",
        "coordinates": [
          121.423532,
          31.220693
        ]
      },
      "properties": {
        "officialId": "sh-fgj-3M009-01",
        "wikipediaId": "wiki-heritage-t04-r0111",
        "batch": 3,
        "officialCodeRaw": "3M009",
        "name": "住宅",
        "articleTitle": "愚园路1112弄4、20号 住宅",
        "address": "愚园路1112弄4号，20号",
        "addressComparison": "exact",
        "coordinateScope": "building-complex-reference-point",
        "coordinateSystem": "WGS84",
        "precisionDegrees": null,
        "origin": "shanghai-library",
        "sourceUrl": "https://data.library.sh.cn/entity/architecture/4pw66qvf812lb2ty",
        "coordinateSourceTitle": "上海图书馆历史建筑开放数据",
        "sourceAddress": "愚园路1112弄4、20号",
        "locationNote": "此为门址所在里弄、院落或建筑群参考点，未逐栋核定位置。 来源门址与官方写法有差异，原始门牌和对照理由均保留。",
        "wikipediaUrl": "https://zh.wikipedia.org/zh-hans/上海市优秀历史建筑",
        "wikidataId": null,
        "historicalGeometryVerified": false
      }
    },
    {
      "type": "Feature",
      "id": "sh-fgj-3M010-01-address-reference",
      "geometry": {
        "type": "Point",
        "coordinates": [
          121.427139,
          31.215094
        ]
      },
      "properties": {
        "officialId": "sh-fgj-3M010-01",
        "wikipediaId": "wiki-heritage-t04-r0112",
        "batch": 3,
        "officialCodeRaw": "3M010",
        "name": "私立妇孺医院",
        "articleTitle": "私立妇孺医院",
        "address": "延安西路934号",
        "addressComparison": "exact",
        "coordinateScope": "address-reference-point",
        "coordinateSystem": "WGS84",
        "precisionDegrees": null,
        "origin": "shanghai-library",
        "sourceUrl": "https://data.library.sh.cn/entity/architecture/aaoi6smu245fq3f6",
        "coordinateSourceTitle": "上海图书馆历史建筑开放数据",
        "sourceAddress": "延安西路934号",
        "locationNote": "此为来源目录门牌参考点，未独立测绘或核定建筑轮廓。",
        "wikipediaUrl": "https://zh.wikipedia.org/zh-hans/上海市优秀历史建筑",
        "wikidataId": null,
        "historicalGeometryVerified": false
      }
    },
    {
      "type": "Feature",
      "id": "sh-fgj-3M011-01-address-reference",
      "geometry": {
        "type": "Point",
        "coordinates": [
          121.423958,
          31.204377
        ]
      },
      "properties": {
        "officialId": "sh-fgj-3M011-01",
        "wikipediaId": "wiki-heritage-t04-r0113",
        "batch": 3,
        "officialCodeRaw": "3M011",
        "name": "住宅",
        "articleTitle": "新华路200号 汉语大词典出版社",
        "address": "新华路200号",
        "addressComparison": "exact",
        "coordinateScope": "address-reference-point",
        "coordinateSystem": "WGS84",
        "precisionDegrees": null,
        "origin": "shanghai-library",
        "sourceUrl": "https://data.library.sh.cn/entity/architecture/kom7lwjhvvcuwqd1",
        "coordinateSourceTitle": "上海图书馆历史建筑开放数据",
        "sourceAddress": "新华路200号",
        "locationNote": "此为来源目录门牌参考点，未独立测绘或核定建筑轮廓。",
        "wikipediaUrl": "https://zh.wikipedia.org/zh-hans/上海市优秀历史建筑",
        "wikidataId": null,
        "historicalGeometryVerified": false
      }
    },
    {
      "type": "Feature",
      "id": "sh-fgj-3M012-01-address-reference",
      "geometry": {
        "type": "Point",
        "coordinates": [
          121.423008,
          31.204404
        ]
      },
      "properties": {
        "officialId": "sh-fgj-3M012-01",
        "wikipediaId": "wiki-heritage-t04-r0114",
        "batch": 3,
        "officialCodeRaw": "3M012",
        "name": "住宅",
        "articleTitle": "新华路231号 住宅",
        "address": "新华路231号",
        "addressComparison": "exact",
        "coordinateScope": "address-reference-point",
        "coordinateSystem": "WGS84",
        "precisionDegrees": null,
        "origin": "shanghai-library",
        "sourceUrl": "https://data.library.sh.cn/entity/architecture/rgtm3hmr22ptg066",
        "coordinateSourceTitle": "上海图书馆历史建筑开放数据",
        "sourceAddress": "新华路231号",
        "locationNote": "此为来源目录门牌参考点，未独立测绘或核定建筑轮廓。",
        "wikipediaUrl": "https://zh.wikipedia.org/zh-hans/上海市优秀历史建筑",
        "wikidataId": null,
        "historicalGeometryVerified": false
      }
    },
    {
      "type": "Feature",
      "id": "sh-fgj-3M013-01-address-reference",
      "geometry": {
        "type": "Point",
        "coordinates": [
          121.421287,
          31.2042
        ]
      },
      "properties": {
        "officialId": "sh-fgj-3M013-01",
        "wikipediaId": "wiki-heritage-t04-r0115",
        "batch": 3,
        "officialCodeRaw": "3M013",
        "name": "住宅",
        "articleTitle": "新华路329弄32号乙 住宅",
        "address": "新华路329弄32号乙",
        "addressComparison": "exact",
        "coordinateScope": "building-complex-reference-point",
        "coordinateSystem": "WGS84",
        "precisionDegrees": null,
        "origin": "shanghai-library",
        "sourceUrl": "https://data.library.sh.cn/entity/architecture/yvhsilox0tqcq8yh",
        "coordinateSourceTitle": "上海图书馆历史建筑开放数据",
        "sourceAddress": "新华路329弄32号乙",
        "locationNote": "此为门址所在里弄、院落或建筑群参考点，未逐栋核定位置。",
        "wikipediaUrl": "https://zh.wikipedia.org/zh-hans/上海市优秀历史建筑",
        "wikidataId": null,
        "historicalGeometryVerified": false
      }
    },
    {
      "type": "Feature",
      "id": "sh-fgj-3M014-01-address-reference",
      "geometry": {
        "type": "Point",
        "coordinates": [
          121.421809,
          31.20397
        ]
      },
      "properties": {
        "officialId": "sh-fgj-3M014-01",
        "wikipediaId": "wiki-heritage-t04-r0116",
        "batch": 3,
        "officialCodeRaw": "3M014",
        "name": "住宅",
        "articleTitle": "新华路329弄36号 住宅",
        "address": "新华路329弄36号",
        "addressComparison": "exact",
        "coordinateScope": "building-complex-reference-point",
        "coordinateSystem": "WGS84",
        "precisionDegrees": null,
        "origin": "shanghai-library",
        "sourceUrl": "https://data.library.sh.cn/entity/architecture/sz5bsfs7ln0mehss",
        "coordinateSourceTitle": "上海图书馆历史建筑开放数据",
        "sourceAddress": "新华路329弄36号",
        "locationNote": "此为门址所在里弄、院落或建筑群参考点，未逐栋核定位置。",
        "wikipediaUrl": "https://zh.wikipedia.org/zh-hans/上海市优秀历史建筑",
        "wikidataId": null,
        "historicalGeometryVerified": false
      }
    },
    {
      "type": "Feature",
      "id": "sh-fgj-3M015-01-address-reference",
      "geometry": {
        "type": "Point",
        "coordinates": [
          121.422411,
          31.205546
        ]
      },
      "properties": {
        "officialId": "sh-fgj-3M015-01",
        "wikipediaId": "wiki-heritage-t04-r0117",
        "batch": 3,
        "officialCodeRaw": "3M015",
        "name": "住宅",
        "articleTitle": "新华路236、248号，272弄2、6号，294弄1号 住宅",
        "address": "新华路236号，248号，272弄2号、6号，294弄1号",
        "addressComparison": "exact",
        "coordinateScope": "building-complex-reference-point",
        "coordinateSystem": "WGS84",
        "precisionDegrees": null,
        "origin": "shanghai-library",
        "sourceUrl": "https://data.library.sh.cn/entity/architecture/wqx66wi46ubitcht",
        "coordinateSourceTitle": "上海图书馆历史建筑开放数据",
        "sourceAddress": "新华路236、248号，272弄2、6号，294弄1号",
        "locationNote": "此为门址所在里弄、院落或建筑群参考点，未逐栋核定位置。 来源门址与官方写法有差异，原始门牌和对照理由均保留。",
        "wikipediaUrl": "https://zh.wikipedia.org/zh-hans/上海市优秀历史建筑",
        "wikidataId": null,
        "historicalGeometryVerified": false
      }
    },
    {
      "type": "Feature",
      "id": "sh-fgj-3M016-01-address-reference",
      "geometry": {
        "type": "Point",
        "coordinates": [
          121.430542,
          31.2129
        ]
      },
      "properties": {
        "officialId": "sh-fgj-3M016-01",
        "wikipediaId": "wiki-heritage-t04-r0118",
        "batch": 3,
        "officialCodeRaw": "3M016",
        "name": "住宅",
        "articleTitle": "兴国路72号 兴国宾馆2号楼",
        "address": "兴国路72号",
        "addressComparison": "exact",
        "coordinateScope": "building-complex-reference-point",
        "coordinateSystem": "WGS84",
        "precisionDegrees": null,
        "origin": "shanghai-library",
        "sourceUrl": "https://data.library.sh.cn/entity/architecture/0vdq8ba8npv81d0v",
        "coordinateSourceTitle": "上海图书馆历史建筑开放数据",
        "sourceAddress": "兴国路72号",
        "locationNote": "此为门址所在里弄、院落或建筑群参考点，未逐栋核定位置。 同址有多个保护项，分别保留记录；共用门址点不能区分各楼栋。",
        "wikipediaUrl": "https://zh.wikipedia.org/zh-hans/上海市优秀历史建筑",
        "wikidataId": null,
        "historicalGeometryVerified": false
      }
    },
    {
      "type": "Feature",
      "id": "sh-fgj-3M017-01-address-reference",
      "geometry": {
        "type": "Point",
        "coordinates": [
          121.430542,
          31.2129
        ]
      },
      "properties": {
        "officialId": "sh-fgj-3M017-01",
        "wikipediaId": "wiki-heritage-t04-r0119",
        "batch": 3,
        "officialCodeRaw": "3M017",
        "name": "住宅",
        "articleTitle": "兴国路72号 兴国宾馆6号楼",
        "address": "兴国路72号",
        "addressComparison": "exact",
        "coordinateScope": "building-complex-reference-point",
        "coordinateSystem": "WGS84",
        "precisionDegrees": null,
        "origin": "shanghai-library",
        "sourceUrl": "https://data.library.sh.cn/entity/architecture/tijuc06v0yz3mt4s",
        "coordinateSourceTitle": "上海图书馆历史建筑开放数据",
        "sourceAddress": "兴国路72号",
        "locationNote": "此为门址所在里弄、院落或建筑群参考点，未逐栋核定位置。 同址有多个保护项，分别保留记录；共用门址点不能区分各楼栋。",
        "wikipediaUrl": "https://zh.wikipedia.org/zh-hans/上海市优秀历史建筑",
        "wikidataId": null,
        "historicalGeometryVerified": false
      }
    },
    {
      "type": "Feature",
      "id": "sh-fgj-3M018-01-address-reference",
      "geometry": {
        "type": "Point",
        "coordinates": [
          121.416247,
          31.206012
        ]
      },
      "properties": {
        "officialId": "sh-fgj-3M018-01",
        "wikipediaId": "wiki-heritage-t04-r0120",
        "batch": 3,
        "officialCodeRaw": "3M018",
        "name": "梅泉别墅",
        "articleTitle": "梅泉别墅",
        "address": "新华路593弄",
        "addressComparison": "exact",
        "coordinateScope": "building-complex-reference-point",
        "coordinateSystem": "WGS84",
        "precisionDegrees": null,
        "origin": "shanghai-library",
        "sourceUrl": "https://data.library.sh.cn/entity/architecture/z1y0h512gx1eho1f",
        "coordinateSourceTitle": "上海图书馆历史建筑开放数据",
        "sourceAddress": "新华路593弄",
        "locationNote": "此为门址所在里弄、院落或建筑群参考点，未逐栋核定位置。",
        "wikipediaUrl": "https://zh.wikipedia.org/wiki/%E5%93%A5%E4%BC%A6%E6%AF%94%E4%BA%9A%E4%BD%8F%E5%AE%85%E5%9C%88",
        "wikidataId": null,
        "historicalGeometryVerified": false
      }
    },
    {
      "type": "Feature",
      "id": "sh-fgj-3M019-01-address-reference",
      "geometry": {
        "type": "Point",
        "coordinates": [
          121.419025,
          31.205876
        ]
      },
      "properties": {
        "officialId": "sh-fgj-3M019-01",
        "wikipediaId": "wiki-heritage-t04-r0121",
        "batch": 3,
        "officialCodeRaw": "3M019",
        "name": "住宅",
        "articleTitle": "新华路483号 长宁区医疗保险办公室",
        "address": "新华路483号",
        "addressComparison": "exact",
        "coordinateScope": "address-reference-point",
        "coordinateSystem": "WGS84",
        "precisionDegrees": null,
        "origin": "shanghai-library",
        "sourceUrl": "https://data.library.sh.cn/entity/architecture/k32naiilusaqdlto",
        "coordinateSourceTitle": "上海图书馆历史建筑开放数据",
        "sourceAddress": "新华路483号",
        "locationNote": "此为来源目录门牌参考点，未独立测绘或核定建筑轮廓。",
        "wikipediaUrl": "https://zh.wikipedia.org/wiki/%E5%93%A5%E4%BC%A6%E6%AF%94%E4%BA%9A%E4%BD%8F%E5%AE%85%E5%9C%88",
        "wikidataId": null,
        "historicalGeometryVerified": false
      }
    },
    {
      "type": "Feature",
      "id": "sh-fgj-3M020-01-address-reference",
      "geometry": {
        "type": "Point",
        "coordinates": [
          121.424079,
          31.204123
        ]
      },
      "properties": {
        "officialId": "sh-fgj-3M020-01",
        "wikipediaId": "wiki-heritage-t04-r0122",
        "batch": 3,
        "officialCodeRaw": "3M020",
        "name": "住宅",
        "articleTitle": "新华路179号 新华路警署",
        "address": "新华路179号",
        "addressComparison": "exact",
        "coordinateScope": "address-reference-point",
        "coordinateSystem": "WGS84",
        "precisionDegrees": null,
        "origin": "shanghai-library",
        "sourceUrl": "https://data.library.sh.cn/entity/architecture/1w4g51bxu5qfvoof",
        "coordinateSourceTitle": "上海图书馆历史建筑开放数据",
        "sourceAddress": "新华路179号",
        "locationNote": "此为来源目录门牌参考点，未独立测绘或核定建筑轮廓。",
        "wikipediaUrl": "https://zh.wikipedia.org/wiki/%E5%93%A5%E4%BC%A6%E6%AF%94%E4%BA%9A%E4%BD%8F%E5%AE%85%E5%9C%88",
        "wikidataId": null,
        "historicalGeometryVerified": false
      }
    },
    {
      "type": "Feature",
      "id": "sh-fgj-3M021-01-address-reference",
      "geometry": {
        "type": "Point",
        "coordinates": [
          121.431253,
          31.213152
        ]
      },
      "properties": {
        "officialId": "sh-fgj-3M021-01",
        "wikipediaId": "wiki-heritage-t04-r0123",
        "batch": 3,
        "officialCodeRaw": "3M021",
        "name": "住宅",
        "articleTitle": "华山路1076号、1100弄、1120弄 市信息中心1号楼及西侧住宅群",
        "address": "华山路1076号，华山路1100、1120 弄",
        "addressComparison": "different-as-listed",
        "coordinateScope": "building-complex-reference-point",
        "coordinateSystem": "WGS84",
        "precisionDegrees": null,
        "origin": "shanghai-library",
        "sourceUrl": "https://data.library.sh.cn/entity/architecture/hhgcpl4m8vbii1vf",
        "coordinateSourceTitle": "上海图书馆历史建筑开放数据",
        "sourceAddress": "华山路1076号、1100弄、1120弄",
        "locationNote": "此为门址所在里弄、院落或建筑群参考点，未逐栋核定位置。 来源门址与官方写法有差异，原始门牌和对照理由均保留。",
        "wikipediaUrl": "https://zh.wikipedia.org/zh-hans/上海市优秀历史建筑",
        "wikidataId": null,
        "historicalGeometryVerified": false
      }
    },
    {
      "type": "Feature",
      "id": "sh-fgj-3M022-01-address-reference",
      "geometry": {
        "type": "Point",
        "coordinates": [
          121.432168,
          31.214238
        ]
      },
      "properties": {
        "officialId": "sh-fgj-3M022-01",
        "wikipediaId": "wiki-heritage-t04-r0124",
        "batch": 3,
        "officialCodeRaw": "3M022",
        "name": "海格园",
        "articleTitle": "海格园",
        "address": "华山路1006弄",
        "addressComparison": "exact",
        "coordinateScope": "building-complex-reference-point",
        "coordinateSystem": "WGS84",
        "precisionDegrees": null,
        "origin": "shanghai-library",
        "sourceUrl": "https://data.library.sh.cn/entity/architecture/mv1h5u4umncy2fcs",
        "coordinateSourceTitle": "上海图书馆历史建筑开放数据",
        "sourceAddress": "华山路1006弄",
        "locationNote": "此为门址所在里弄、院落或建筑群参考点，未逐栋核定位置。",
        "wikipediaUrl": "https://zh.wikipedia.org/wiki/%E5%8D%8E%E5%B1%B1%E8%B7%AF1006%E5%BC%84",
        "wikidataId": null,
        "historicalGeometryVerified": false
      }
    },
    {
      "type": "Feature",
      "id": "sh-fgj-3M023-01-address-reference",
      "geometry": {
        "type": "Point",
        "coordinates": [
          121.391525,
          31.199803
        ]
      },
      "properties": {
        "officialId": "sh-fgj-3M023-01",
        "wikipediaId": "wiki-heritage-t04-r0125",
        "batch": 3,
        "officialCodeRaw": "3M023",
        "name": "住宅",
        "articleTitle": "延安西路2558号 市工人疗养院1-4号楼",
        "address": "延安西路2558号（1-4号楼）",
        "addressComparison": "formatting-only",
        "coordinateScope": "building-complex-reference-point",
        "coordinateSystem": "WGS84",
        "precisionDegrees": null,
        "origin": "shanghai-library",
        "sourceUrl": "https://data.library.sh.cn/entity/architecture/avf7crt4rjiegu8p",
        "coordinateSourceTitle": "上海图书馆历史建筑开放数据",
        "sourceAddress": "延安西路2558号",
        "locationNote": "此为门址所在里弄、院落或建筑群参考点，未逐栋核定位置。 来源门址与官方写法有差异，原始门牌和对照理由均保留。",
        "wikipediaUrl": "https://zh.wikipedia.org/zh-hans/上海市优秀历史建筑",
        "wikidataId": null,
        "historicalGeometryVerified": false
      }
    },
    {
      "type": "Feature",
      "id": "sh-fgj-3M024-01-address-reference",
      "geometry": {
        "type": "Point",
        "coordinates": [
          121.423517,
          31.203925
        ]
      },
      "properties": {
        "officialId": "sh-fgj-3M024-01",
        "wikipediaId": "wiki-heritage-t04-r0126",
        "batch": 3,
        "officialCodeRaw": "3M024",
        "name": "住宅",
        "articleTitle": "新华路211弄2号 住宅",
        "address": "新华路211弄2号",
        "addressComparison": "exact",
        "coordinateScope": "building-complex-reference-point",
        "coordinateSystem": "WGS84",
        "precisionDegrees": null,
        "origin": "shanghai-library",
        "sourceUrl": "https://data.library.sh.cn/entity/architecture/0dg63dqaoct6qzi3",
        "coordinateSourceTitle": "上海图书馆历史建筑开放数据",
        "sourceAddress": "新华路211弄2号",
        "locationNote": "此为门址所在里弄、院落或建筑群参考点，未逐栋核定位置。",
        "wikipediaUrl": "https://zh.wikipedia.org/zh-hans/上海市优秀历史建筑",
        "wikidataId": null,
        "historicalGeometryVerified": false
      }
    },
    {
      "type": "Feature",
      "id": "sh-fgj-3M027-01-address-reference",
      "geometry": {
        "type": "Point",
        "coordinates": [
          121.423509,
          31.201378
        ]
      },
      "properties": {
        "officialId": "sh-fgj-3M027-01",
        "wikipediaId": "wiki-heritage-t04-r0129",
        "batch": 3,
        "officialCodeRaw": "3M027",
        "name": "弗兰克林住宅、中央银行俱乐部",
        "articleTitle": "弗兰克林住宅、中央银行俱乐部",
        "address": "淮海西路338号",
        "addressComparison": "exact",
        "coordinateScope": "address-reference-point",
        "coordinateSystem": "WGS84",
        "precisionDegrees": null,
        "origin": "shanghai-library",
        "sourceUrl": "https://data.library.sh.cn/entity/architecture/vygss5qj34kzbqau",
        "coordinateSourceTitle": "上海图书馆历史建筑开放数据",
        "sourceAddress": "淮海西路338号",
        "locationNote": "此为来源目录门牌参考点，未独立测绘或核定建筑轮廓。",
        "wikipediaUrl": "https://zh.wikipedia.org/zh-hans/上海市优秀历史建筑",
        "wikidataId": null,
        "historicalGeometryVerified": false
      }
    },
    {
      "type": "Feature",
      "id": "sh-fgj-3M028-01-address-reference",
      "geometry": {
        "type": "Point",
        "coordinates": [
          121.427554,
          31.215366
        ]
      },
      "properties": {
        "officialId": "sh-fgj-3M028-01",
        "wikipediaId": "wiki-heritage-t04-r0131",
        "batch": 3,
        "officialCodeRaw": "3M028",
        "name": "达华公寓",
        "articleTitle": "达华公寓",
        "address": "延安西路918-928号",
        "addressComparison": "formatting-only",
        "coordinateScope": "building-complex-reference-point",
        "coordinateSystem": "WGS84",
        "precisionDegrees": null,
        "origin": "shanghai-library",
        "sourceUrl": "https://data.library.sh.cn/entity/architecture/mooyzspzkxlcr412",
        "coordinateSourceTitle": "上海图书馆历史建筑开放数据",
        "sourceAddress": "延安西路918-928号",
        "locationNote": "此为门址所在里弄、院落或建筑群参考点，未逐栋核定位置。",
        "wikipediaUrl": "https://zh.wikipedia.org/wiki/%E8%BE%BE%E5%8D%8E%E5%85%AC%E5%AF%93",
        "wikidataId": null,
        "historicalGeometryVerified": false
      }
    },
    {
      "type": "Feature",
      "id": "sh-fgj-3M029-01-address-reference",
      "geometry": {
        "type": "Point",
        "coordinates": [
          121.433744,
          31.214274
        ]
      },
      "properties": {
        "officialId": "sh-fgj-3M029-01",
        "wikipediaId": "wiki-heritage-t04-r0132",
        "batch": 3,
        "officialCodeRaw": "3M029",
        "name": "丁香花园",
        "articleTitle": "丁香花园",
        "address": "华山路922号",
        "addressComparison": "exact",
        "coordinateScope": "address-reference-point",
        "coordinateSystem": "WGS84",
        "precisionDegrees": null,
        "origin": "shanghai-library",
        "sourceUrl": "https://data.library.sh.cn/entity/architecture/gii5mgilccxk4oi8",
        "coordinateSourceTitle": "上海图书馆历史建筑开放数据",
        "sourceAddress": "华山路922号",
        "locationNote": "此为来源目录门牌参考点，未独立测绘或核定建筑轮廓。",
        "wikipediaUrl": "https://zh.wikipedia.org/wiki/%E4%B8%81%E9%A6%99%E5%88%AB%E5%A2%85",
        "wikidataId": null,
        "historicalGeometryVerified": false
      }
    },
    {
      "type": "Feature",
      "id": "sh-fgj-3M030-01-address-reference",
      "geometry": {
        "type": "Point",
        "coordinates": [
          121.431004,
          31.217474
        ]
      },
      "properties": {
        "officialId": "sh-fgj-3M030-01",
        "wikipediaId": "wiki-heritage-t04-r0133",
        "batch": 3,
        "officialCodeRaw": "3M030",
        "name": "真如中学",
        "articleTitle": "真如中学",
        "address": "延安西路601号",
        "addressComparison": "exact",
        "coordinateScope": "building-complex-reference-point",
        "coordinateSystem": "WGS84",
        "precisionDegrees": null,
        "origin": "shanghai-library",
        "sourceUrl": "https://data.library.sh.cn/entity/architecture/mokwdvz4wvaa0c70",
        "coordinateSourceTitle": "上海图书馆历史建筑开放数据",
        "sourceAddress": "延安西路601号",
        "locationNote": "此为门址所在里弄、院落或建筑群参考点，未逐栋核定位置。",
        "wikipediaUrl": "https://zh.wikipedia.org/wiki/%E4%B8%8A%E6%B5%B7%E5%B8%82%E5%BB%B6%E5%AE%89%E4%B8%AD%E5%AD%A6",
        "wikidataId": null,
        "historicalGeometryVerified": false
      }
    },
    {
      "type": "Feature",
      "id": "sh-fgj-3M031-01-address-reference",
      "geometry": {
        "type": "Point",
        "coordinates": [
          121.374231,
          31.218007
        ]
      },
      "properties": {
        "officialId": "sh-fgj-3M031-01",
        "wikipediaId": "wiki-heritage-t04-r0130",
        "batch": 3,
        "officialCodeRaw": "3M031",
        "name": "西区污水处理厂",
        "articleTitle": "西区污水处理厂",
        "address": "天山路、哈密路口",
        "addressComparison": "different-as-listed",
        "coordinateScope": "building-complex-reference-point",
        "coordinateSystem": "WGS84",
        "precisionDegrees": null,
        "origin": "shanghai-library",
        "sourceUrl": "https://data.library.sh.cn/entity/architecture/34yufc1e7kak6kxo",
        "coordinateSourceTitle": "上海图书馆历史建筑开放数据",
        "sourceAddress": "天山路30号",
        "locationNote": "此为门址所在里弄、院落或建筑群参考点，未逐栋核定位置。 来源门址与官方写法有差异，原始门牌和对照理由均保留。",
        "wikipediaUrl": "https://zh.wikipedia.org/zh-hans/上海市优秀历史建筑",
        "wikidataId": null,
        "historicalGeometryVerified": false
      }
    },
    {
      "type": "Feature",
      "id": "sh-fgj-3N001-01-address-reference",
      "geometry": {
        "type": "Point",
        "coordinates": [
          121.432903,
          31.24924
        ]
      },
      "properties": {
        "officialId": "sh-fgj-3N001-01",
        "wikipediaId": "wiki-heritage-t04-r0151",
        "batch": 3,
        "officialCodeRaw": "3N001",
        "name": "宜昌路救火会",
        "articleTitle": "宜昌路救火会",
        "address": "宜昌路216号",
        "addressComparison": "exact",
        "coordinateScope": "address-reference-point",
        "coordinateSystem": "WGS84",
        "precisionDegrees": null,
        "origin": "shanghai-library",
        "sourceUrl": "https://data.library.sh.cn/entity/architecture/n5cfitdnm6wdflzm",
        "coordinateSourceTitle": "上海图书馆历史建筑开放数据",
        "sourceAddress": "宜昌路216号",
        "locationNote": "此为来源目录门牌参考点，未独立测绘或核定建筑轮廓。",
        "wikipediaUrl": "https://zh.wikipedia.org/wiki/%E5%AE%9C%E6%98%8C%E8%B7%AF%E6%95%91%E7%81%AB%E4%BC%9A",
        "wikidataId": null,
        "historicalGeometryVerified": false
      }
    },
    {
      "type": "Feature",
      "id": "sh-fgj-3N002-01-address-reference",
      "geometry": {
        "type": "Point",
        "coordinates": [
          121.43519,
          31.25123
        ]
      },
      "properties": {
        "officialId": "sh-fgj-3N002-01",
        "wikipediaId": "wiki-heritage-t04-r0154",
        "batch": 3,
        "officialCodeRaw": "3N002",
        "name": "上海啤酒有限公司",
        "articleTitle": "上海啤酒有限公司",
        "address": "宜昌路130号",
        "addressComparison": "exact",
        "coordinateScope": "address-reference-point",
        "coordinateSystem": "WGS84",
        "precisionDegrees": null,
        "origin": "shanghai-library",
        "sourceUrl": "https://data.library.sh.cn/entity/architecture/zhogxedlxi4o03fv",
        "coordinateSourceTitle": "上海图书馆历史建筑开放数据",
        "sourceAddress": "宜昌路130号",
        "locationNote": "此为来源目录门牌参考点，未独立测绘或核定建筑轮廓。",
        "wikipediaUrl": "https://zh.wikipedia.org/wiki/%E4%B8%8A%E6%B5%B7%E5%95%A4%E9%85%92%E5%8E%82",
        "wikidataId": null,
        "historicalGeometryVerified": false
      }
    },
    {
      "type": "Feature",
      "id": "sh-fgj-3N003-01-address-reference",
      "geometry": {
        "type": "Point",
        "coordinates": [
          121.385006,
          31.224432
        ]
      },
      "properties": {
        "officialId": "sh-fgj-3N003-01",
        "wikipediaId": "wiki-heritage-t04-r0152",
        "batch": 3,
        "officialCodeRaw": "3N003",
        "name": "天利淡气制品厂",
        "articleTitle": "天利淡气制品厂",
        "address": "云岭东路345号",
        "addressComparison": "exact",
        "coordinateScope": "address-reference-point",
        "coordinateSystem": "WGS84",
        "precisionDegrees": null,
        "origin": "shanghai-library",
        "sourceUrl": "https://data.library.sh.cn/entity/architecture/2w72q1v7brgqufmo",
        "coordinateSourceTitle": "上海图书馆历史建筑开放数据",
        "sourceAddress": "云岭东路345号",
        "locationNote": "此为来源目录门牌参考点，未独立测绘或核定建筑轮廓。",
        "wikipediaUrl": "https://zh.wikipedia.org/wiki/%E5%A4%A9%E5%88%A9%E6%B0%AE%E6%B0%94%E5%88%B6%E5%93%81%E5%8E%82%E6%97%A7%E5%9D%80",
        "wikidataId": null,
        "historicalGeometryVerified": false
      }
    },
    {
      "type": "Feature",
      "id": "sh-fgj-3N004-01-address-reference",
      "geometry": {
        "type": "Point",
        "coordinates": [
          121.435768,
          31.247814
        ]
      },
      "properties": {
        "officialId": "sh-fgj-3N004-01",
        "wikipediaId": "wiki-heritage-t04-r0157",
        "batch": 3,
        "officialCodeRaw": "3N004",
        "name": "中华书局印刷厂澳门路新厂",
        "articleTitle": "中华书局印刷厂澳门路新厂",
        "address": "澳门路477号",
        "addressComparison": "exact",
        "coordinateScope": "address-reference-point",
        "coordinateSystem": "WGS84",
        "precisionDegrees": null,
        "origin": "shanghai-library",
        "sourceUrl": "https://data.library.sh.cn/entity/architecture/5krh6cjgorggew3n",
        "coordinateSourceTitle": "上海图书馆历史建筑开放数据",
        "sourceAddress": "澳门路477号",
        "locationNote": "此为来源目录门牌参考点，未独立测绘或核定建筑轮廓。",
        "wikipediaUrl": "https://zh.wikipedia.org/zh-hans/上海市优秀历史建筑",
        "wikidataId": null,
        "historicalGeometryVerified": false
      }
    },
    {
      "type": "Feature",
      "id": "sh-fgj-3N005-01-address-reference",
      "geometry": {
        "type": "Point",
        "coordinates": [
          121.44322,
          31.250321
        ]
      },
      "properties": {
        "officialId": "sh-fgj-3N005-01",
        "wikipediaId": "wiki-heritage-t04-r0153",
        "batch": 3,
        "officialCodeRaw": "3N005",
        "name": "福新面粉厂、阜丰面粉厂",
        "articleTitle": "福新面粉厂、阜丰面粉厂",
        "address": "莫干山路120号",
        "addressComparison": "exact",
        "coordinateScope": "address-reference-point",
        "coordinateSystem": "WGS84",
        "precisionDegrees": null,
        "origin": "shanghai-library",
        "sourceUrl": "https://data.library.sh.cn/entity/architecture/slnkvmk4gn7do0rr",
        "coordinateSourceTitle": "上海图书馆历史建筑开放数据",
        "sourceAddress": "莫干山路120号",
        "locationNote": "此为来源目录门牌参考点，未独立测绘或核定建筑轮廓。",
        "wikipediaUrl": "https://zh.wikipedia.org/zh-hans/上海市优秀历史建筑",
        "wikidataId": null,
        "historicalGeometryVerified": false
      }
    },
    {
      "type": "Feature",
      "id": "sh-fgj-3W002-01-address-reference",
      "geometry": {
        "type": "Point",
        "coordinates": [
          121.516628,
          31.241895
        ]
      },
      "properties": {
        "officialId": "sh-fgj-3W002-01",
        "wikipediaId": "wiki-heritage-t04-r0169",
        "batch": 3,
        "officialCodeRaw": "3W002",
        "name": "住宅",
        "articleTitle": "钱仓路316号 住宅",
        "address": "钱仓路316号",
        "addressComparison": "exact",
        "coordinateScope": "address-reference-point",
        "coordinateSystem": "WGS84",
        "precisionDegrees": null,
        "origin": "shanghai-library",
        "sourceUrl": "https://data.library.sh.cn/entity/architecture/zlhdt5faq7lnemf4",
        "coordinateSourceTitle": "上海图书馆历史建筑开放数据",
        "sourceAddress": "钱仓路316号",
        "locationNote": "此为来源目录门牌参考点，未独立测绘或核定建筑轮廓。",
        "wikipediaUrl": "https://zh.wikipedia.org/zh-hans/上海市优秀历史建筑",
        "wikidataId": null,
        "historicalGeometryVerified": false
      }
    },
    {
      "type": "Feature",
      "id": "sh-fgj-3K001-01-address-reference",
      "geometry": {
        "type": "Point",
        "coordinates": [
          121.497386,
          31.355101
        ]
      },
      "properties": {
        "officialId": "sh-fgj-3K001-01",
        "wikipediaId": "wiki-heritage-t04-r0171",
        "batch": 3,
        "officialCodeRaw": "3K001",
        "name": "海底电缆登陆局房",
        "articleTitle": "海底电缆登陆局房",
        "address": "逸仙路3901号",
        "addressComparison": "exact",
        "coordinateScope": "building-complex-reference-point",
        "coordinateSystem": "WGS84",
        "precisionDegrees": null,
        "origin": "shanghai-library",
        "sourceUrl": "https://data.library.sh.cn/entity/architecture/i7gwageocrfhh7u7",
        "coordinateSourceTitle": "上海图书馆历史建筑开放数据",
        "sourceAddress": "逸仙路3901号",
        "locationNote": "此为门址所在里弄、院落或建筑群参考点，未逐栋核定位置。",
        "wikipediaUrl": "https://zh.wikipedia.org/zh-hans/上海市优秀历史建筑",
        "wikidataId": null,
        "historicalGeometryVerified": false
      }
    },
    {
      "type": "Feature",
      "id": "sh-fgj-3R001-01-address-reference",
      "geometry": {
        "type": "Point",
        "coordinates": [
          121.394226,
          31.619984
        ]
      },
      "properties": {
        "officialId": "sh-fgj-3R001-01",
        "wikipediaId": "wiki-heritage-t04-r0172",
        "batch": 3,
        "officialCodeRaw": "3R001",
        "name": "黄家花园",
        "articleTitle": "黄家花园",
        "address": "崇明县城桥镇南门港街26号",
        "addressComparison": "different-as-listed",
        "coordinateScope": "address-reference-point",
        "coordinateSystem": "WGS84",
        "precisionDegrees": null,
        "origin": "shanghai-library",
        "sourceUrl": "https://data.library.sh.cn/entity/architecture/l5gsf8gdwwwmh7r5",
        "coordinateSourceTitle": "上海图书馆历史建筑开放数据",
        "sourceAddress": "崇明县城桥镇南门港街26号",
        "locationNote": "此为来源目录门牌参考点，未独立测绘或核定建筑轮廓。",
        "wikipediaUrl": "https://zh.wikipedia.org/wiki/%E9%BB%84%E5%AE%B6%E8%8A%B1%E5%9B%AD_(%E5%B4%87%E6%98%8E%E5%8C%BA)",
        "wikidataId": null,
        "historicalGeometryVerified": false
      }
    },
    {
      "type": "Feature",
      "id": "sh-fgj-4A001-01-address-reference",
      "geometry": {
        "type": "Point",
        "coordinates": [
          121.481816,
          31.243797
        ]
      },
      "properties": {
        "officialId": "sh-fgj-4A001-01",
        "wikipediaId": "wiki-heritage-t05-r0002",
        "batch": 4,
        "officialCodeRaw": "4A001",
        "name": "上海基督教青年会",
        "articleTitle": "上海基督教青年会",
        "address": "四川中路595-607号",
        "addressComparison": "exact",
        "coordinateScope": "building-complex-reference-point",
        "coordinateSystem": "WGS84",
        "precisionDegrees": null,
        "origin": "shanghai-library",
        "sourceUrl": "https://data.library.sh.cn/entity/architecture/lucyh38jkvdwrerr",
        "coordinateSourceTitle": "上海图书馆历史建筑开放数据",
        "sourceAddress": "四川中路595-607号",
        "locationNote": "此为门址所在里弄、院落或建筑群参考点，未逐栋核定位置。",
        "wikipediaUrl": "https://zh.wikipedia.org/zh-hans/上海市优秀历史建筑",
        "wikidataId": null,
        "historicalGeometryVerified": false
      }
    },
    {
      "type": "Feature",
      "id": "sh-fgj-4A002-01-address-reference",
      "geometry": {
        "type": "Point",
        "coordinates": [
          121.480416,
          31.2445
        ]
      },
      "properties": {
        "officialId": "sh-fgj-4A002-01",
        "wikipediaId": "wiki-heritage-t05-r0003",
        "batch": 4,
        "officialCodeRaw": "4A002",
        "name": "英商自来水公司大楼",
        "articleTitle": "英商自来水公司大楼",
        "address": "江西中路484号",
        "addressComparison": "exact",
        "coordinateScope": "address-reference-point",
        "coordinateSystem": "WGS84",
        "precisionDegrees": null,
        "origin": "shanghai-library",
        "sourceUrl": "https://data.library.sh.cn/entity/architecture/qar3zi0bqy0pz1kf",
        "coordinateSourceTitle": "上海图书馆历史建筑开放数据",
        "sourceAddress": "江西中路484号(香港路口)",
        "locationNote": "此为来源目录门牌参考点，未独立测绘或核定建筑轮廓。 来源门址与官方写法有差异，原始门牌和对照理由均保留。",
        "wikipediaUrl": "https://zh.wikipedia.org/zh-hans/上海市优秀历史建筑",
        "wikidataId": null,
        "historicalGeometryVerified": false
      }
    },
    {
      "type": "Feature",
      "id": "sh-fgj-4A003-01-address-reference",
      "geometry": {
        "type": "Point",
        "coordinates": [
          121.480586,
          31.243979
        ]
      },
      "properties": {
        "officialId": "sh-fgj-4A003-01",
        "wikipediaId": "wiki-heritage-t05-r0004",
        "batch": 4,
        "officialCodeRaw": "4A003",
        "name": "英商自来水公司办公楼",
        "articleTitle": "英商自来水公司办公楼",
        "address": "江西中路464-466号",
        "addressComparison": "different-as-listed",
        "coordinateScope": "building-complex-reference-point",
        "coordinateSystem": "WGS84",
        "precisionDegrees": null,
        "origin": "shanghai-library",
        "sourceUrl": "https://data.library.sh.cn/entity/architecture/5775ekj6ttkv5wle",
        "coordinateSourceTitle": "上海图书馆历史建筑开放数据",
        "sourceAddress": "江西中路464-466号(香港路口)",
        "locationNote": "此为门址所在里弄、院落或建筑群参考点，未逐栋核定位置。 来源门址与官方写法有差异，原始门牌和对照理由均保留。",
        "wikipediaUrl": "https://zh.wikipedia.org/wiki/%E8%87%AA%E5%8A%9B%E5%A4%A7%E6%A5%BC",
        "wikidataId": null,
        "historicalGeometryVerified": false
      }
    },
    {
      "type": "Feature",
      "id": "sh-fgj-4A004-01-address-reference",
      "geometry": {
        "type": "Point",
        "coordinates": [
          121.480306,
          31.244158
        ]
      },
      "properties": {
        "officialId": "sh-fgj-4A004-01",
        "wikipediaId": "wiki-heritage-t05-r0005",
        "batch": 4,
        "officialCodeRaw": "4A004",
        "name": "源源长银行/东方企业公司",
        "articleTitle": "源源长银行/东方企业公司",
        "address": "江西中路473号",
        "addressComparison": "exact",
        "coordinateScope": "address-reference-point",
        "coordinateSystem": "WGS84",
        "precisionDegrees": null,
        "origin": "shanghai-library",
        "sourceUrl": "https://data.library.sh.cn/entity/architecture/nafgiu7qrljnbyad",
        "coordinateSourceTitle": "上海图书馆历史建筑开放数据",
        "sourceAddress": "江西中路473号",
        "locationNote": "此为来源目录门牌参考点，未独立测绘或核定建筑轮廓。",
        "wikipediaUrl": "https://zh.wikipedia.org/zh-hans/上海市优秀历史建筑",
        "wikidataId": null,
        "historicalGeometryVerified": false
      }
    },
    {
      "type": "Feature",
      "id": "sh-fgj-4A005-01-address-reference",
      "geometry": {
        "type": "Point",
        "coordinates": [
          121.480696,
          31.243682
        ]
      },
      "properties": {
        "officialId": "sh-fgj-4A005-01",
        "wikipediaId": "wiki-heritage-t05-r0006",
        "batch": 4,
        "officialCodeRaw": "4A005",
        "name": "恒丰大楼",
        "articleTitle": "恒丰大楼",
        "address": "江西中路450号-454号",
        "addressComparison": "exact",
        "coordinateScope": "address-reference-point",
        "coordinateSystem": "WGS84",
        "precisionDegrees": null,
        "origin": "shanghai-library",
        "sourceUrl": "https://data.library.sh.cn/entity/architecture/s0glcunlh8fzt5y3",
        "coordinateSourceTitle": "上海图书馆历史建筑开放数据",
        "sourceAddress": "江西中路452号-454号",
        "locationNote": "此为来源目录门牌参考点，未独立测绘或核定建筑轮廓。 来源门址与官方写法有差异，原始门牌和对照理由均保留。",
        "wikipediaUrl": "https://zh.wikipedia.org/zh-hans/上海市优秀历史建筑",
        "wikidataId": null,
        "historicalGeometryVerified": false
      }
    },
    {
      "type": "Feature",
      "id": "sh-fgj-4A006-01-address-reference",
      "geometry": {
        "type": "Point",
        "coordinates": [
          121.481996,
          31.242723
        ]
      },
      "properties": {
        "officialId": "sh-fgj-4A006-01",
        "wikipediaId": "wiki-heritage-t05-r0007",
        "batch": 4,
        "officialCodeRaw": "4A006",
        "name": "信托大楼/上海信托公司",
        "articleTitle": "信托大楼/上海信托公司",
        "address": "北京东路190号",
        "addressComparison": "exact",
        "coordinateScope": "address-reference-point",
        "coordinateSystem": "WGS84",
        "precisionDegrees": null,
        "origin": "shanghai-library",
        "sourceUrl": "https://data.library.sh.cn/entity/architecture/qvlx5uo7u0yzjcmf",
        "coordinateSourceTitle": "上海图书馆历史建筑开放数据",
        "sourceAddress": "北京东路190号",
        "locationNote": "此为来源目录门牌参考点，未独立测绘或核定建筑轮廓。",
        "wikipediaUrl": "https://zh.wikipedia.org/wiki/%E4%BF%A1%E8%A8%97%E5%A4%A7%E6%A8%93",
        "wikidataId": null,
        "historicalGeometryVerified": false
      }
    },
    {
      "type": "Feature",
      "id": "sh-fgj-4A007-01-address-reference",
      "geometry": {
        "type": "Point",
        "coordinates": [
          121.481486,
          31.242696
        ]
      },
      "properties": {
        "officialId": "sh-fgj-4A007-01",
        "wikipediaId": "wiki-heritage-t05-r0008",
        "batch": 4,
        "officialCodeRaw": "4A007",
        "name": "浙江兴业银行",
        "articleTitle": "浙江兴业银行",
        "address": "北京东路230号",
        "addressComparison": "exact",
        "coordinateScope": "address-reference-point",
        "coordinateSystem": "WGS84",
        "precisionDegrees": null,
        "origin": "shanghai-library",
        "sourceUrl": "https://data.library.sh.cn/entity/architecture/e8xj02unrqwyn304",
        "coordinateSourceTitle": "上海图书馆历史建筑开放数据",
        "sourceAddress": "北京东路230号",
        "locationNote": "此为来源目录门牌参考点，未独立测绘或核定建筑轮廓。",
        "wikipediaUrl": "https://zh.wikipedia.org/wiki/%E6%B5%99%E6%B1%9F%E5%85%B4%E4%B8%9A%E9%93%B6%E8%A1%8C%E5%A4%A7%E6%A5%BC",
        "wikidataId": null,
        "historicalGeometryVerified": false
      }
    },
    {
      "type": "Feature",
      "id": "sh-fgj-4A008-01-address-reference",
      "geometry": {
        "type": "Point",
        "coordinates": [
          121.481025,
          31.242406
        ]
      },
      "properties": {
        "officialId": "sh-fgj-4A008-01",
        "wikipediaId": "wiki-heritage-t05-r0009",
        "batch": 4,
        "officialCodeRaw": "4A008",
        "name": "中垦大楼/中国垦业银行",
        "articleTitle": "中垦大楼/中国垦业银行",
        "address": "北京东路239、255号",
        "addressComparison": "formatting-only",
        "coordinateScope": "building-complex-reference-point",
        "coordinateSystem": "WGS84",
        "precisionDegrees": null,
        "origin": "shanghai-library",
        "sourceUrl": "https://data.library.sh.cn/entity/architecture/mg46lfeorlozzqml",
        "coordinateSourceTitle": "上海图书馆历史建筑开放数据",
        "sourceAddress": "北京东路239，255号",
        "locationNote": "此为门址所在里弄、院落或建筑群参考点，未逐栋核定位置。",
        "wikipediaUrl": "https://zh.wikipedia.org/wiki/%E4%B8%AD%E5%A2%BE%E5%A4%A7%E6%A8%93",
        "wikidataId": null,
        "historicalGeometryVerified": false
      }
    },
    {
      "type": "Feature",
      "id": "sh-fgj-4A009-01-address-reference",
      "geometry": {
        "type": "Point",
        "coordinates": [
          121.48037,
          31.242714
        ]
      },
      "properties": {
        "officialId": "sh-fgj-4A009-01",
        "wikipediaId": "wiki-heritage-t05-r0010",
        "batch": 4,
        "officialCodeRaw": "4A009",
        "name": "中一信托大楼/\n中一信托股份公司",
        "articleTitle": "中一信托大楼/\n中一信托股份公司",
        "address": "北京东路270号",
        "addressComparison": "exact",
        "coordinateScope": "address-reference-point",
        "coordinateSystem": "WGS84",
        "precisionDegrees": null,
        "origin": "shanghai-library",
        "sourceUrl": "https://data.library.sh.cn/entity/architecture/n0fxi7aay28i4yyz",
        "coordinateSourceTitle": "上海图书馆历史建筑开放数据",
        "sourceAddress": "北京东路270号",
        "locationNote": "此为来源目录门牌参考点，未独立测绘或核定建筑轮廓。",
        "wikipediaUrl": "https://zh.wikipedia.org/zh-hans/上海市优秀历史建筑",
        "wikidataId": null,
        "historicalGeometryVerified": false
      }
    },
    {
      "type": "Feature",
      "id": "sh-fgj-4A010-01-address-reference",
      "geometry": {
        "type": "Point",
        "coordinates": [
          121.480036,
          31.242635
        ]
      },
      "properties": {
        "officialId": "sh-fgj-4A010-01",
        "wikipediaId": "wiki-heritage-t05-r0011",
        "batch": 4,
        "officialCodeRaw": "4A010",
        "name": "盐业大楼/盐业银行",
        "articleTitle": "盐业大楼/盐业银行",
        "address": "北京东路280号",
        "addressComparison": "exact",
        "coordinateScope": "address-reference-point",
        "coordinateSystem": "WGS84",
        "precisionDegrees": null,
        "origin": "shanghai-library",
        "sourceUrl": "https://data.library.sh.cn/entity/architecture/smegg76o22mdavxm",
        "coordinateSourceTitle": "上海图书馆历史建筑开放数据",
        "sourceAddress": "北京东路280号",
        "locationNote": "此为来源目录门牌参考点，未独立测绘或核定建筑轮廓。",
        "wikipediaUrl": "https://zh.wikipedia.org/zh-hans/上海市优秀历史建筑",
        "wikidataId": null,
        "historicalGeometryVerified": false
      }
    },
    {
      "type": "Feature",
      "id": "sh-fgj-4A011-01-address-reference",
      "geometry": {
        "type": "Point",
        "coordinates": [
          121.481445,
          31.241803
        ]
      },
      "properties": {
        "officialId": "sh-fgj-4A011-01",
        "wikipediaId": "wiki-heritage-t05-r0012",
        "batch": 4,
        "officialCodeRaw": "4A011",
        "name": "上海洋行/上海商业储蓄银行",
        "articleTitle": "上海洋行/上海商业储蓄银行",
        "address": "宁波路40、50号，\n江西中路368号",
        "addressComparison": "formatting-only",
        "coordinateScope": "building-complex-reference-point",
        "coordinateSystem": "WGS84",
        "precisionDegrees": null,
        "origin": "shanghai-library",
        "sourceUrl": "https://data.library.sh.cn/entity/architecture/45v6qbxf8b1lta1z",
        "coordinateSourceTitle": "上海图书馆历史建筑开放数据",
        "sourceAddress": "宁波路40、50号，江西中路368号",
        "locationNote": "此为门址所在里弄、院落或建筑群参考点，未逐栋核定位置。 来源门址与官方写法有差异，原始门牌和对照理由均保留。",
        "wikipediaUrl": "https://zh.wikipedia.org/wiki/%E4%B8%8A%E6%B5%B7%E5%95%86%E4%B8%9A%E5%82%A8%E8%93%84%E9%93%B6%E8%A1%8C%E5%A4%A7%E6%A5%BC",
        "wikidataId": null,
        "historicalGeometryVerified": false
      }
    },
    {
      "type": "Feature",
      "id": "sh-fgj-4A012-01-address-reference",
      "geometry": {
        "type": "Point",
        "coordinates": [
          121.481435,
          31.241282
        ]
      },
      "properties": {
        "officialId": "sh-fgj-4A012-01",
        "wikipediaId": "wiki-heritage-t05-r0013",
        "batch": 4,
        "officialCodeRaw": "4A012",
        "name": "中央储蓄会/广东银行",
        "articleTitle": "中央储蓄会/广东银行",
        "address": "天津路2号，江西中路349号",
        "addressComparison": "exact",
        "coordinateScope": "building-complex-reference-point",
        "coordinateSystem": "WGS84",
        "precisionDegrees": null,
        "origin": "shanghai-library",
        "sourceUrl": "https://data.library.sh.cn/entity/architecture/sqxvkcx4lh7icj5u",
        "coordinateSourceTitle": "上海图书馆历史建筑开放数据",
        "sourceAddress": "天津路2号，江西中路349号",
        "locationNote": "此为门址所在里弄、院落或建筑群参考点，未逐栋核定位置。",
        "wikipediaUrl": "https://zh.wikipedia.org/wiki/%E4%B8%AD%E5%A4%AE%E5%84%B2%E8%93%84%E6%9C%83%E5%A4%A7%E6%A8%93",
        "wikidataId": null,
        "historicalGeometryVerified": false
      }
    },
    {
      "type": "Feature",
      "id": "sh-fgj-4A013-01-address-reference",
      "geometry": {
        "type": "Point",
        "coordinates": [
          121.479115,
          31.241186
        ]
      },
      "properties": {
        "officialId": "sh-fgj-4A013-01",
        "wikipediaId": "wiki-heritage-t05-r0014",
        "batch": 4,
        "officialCodeRaw": "4A013",
        "name": "美丰银行",
        "articleTitle": "美丰银行",
        "address": "河南中路521-529号，\n宁波路180号",
        "addressComparison": "formatting-only",
        "coordinateScope": "building-complex-reference-point",
        "coordinateSystem": "WGS84",
        "precisionDegrees": null,
        "origin": "shanghai-library",
        "sourceUrl": "https://data.library.sh.cn/entity/architecture/y6eikj6ic684g4mk",
        "coordinateSourceTitle": "上海图书馆历史建筑开放数据",
        "sourceAddress": "河南中路521-529号，宁波路180号",
        "locationNote": "此为门址所在里弄、院落或建筑群参考点，未逐栋核定位置。 来源门址与官方写法有差异，原始门牌和对照理由均保留。",
        "wikipediaUrl": "https://zh.wikipedia.org/zh-hans/上海市优秀历史建筑",
        "wikidataId": null,
        "historicalGeometryVerified": false
      }
    },
    {
      "type": "Feature",
      "id": "sh-fgj-4A014-01-address-reference",
      "geometry": {
        "type": "Point",
        "coordinates": [
          121.47976,
          31.240604
        ]
      },
      "properties": {
        "officialId": "sh-fgj-4A014-01",
        "wikipediaId": "wiki-heritage-t05-r0015",
        "batch": 4,
        "officialCodeRaw": "4A014",
        "name": "恒利银行",
        "articleTitle": "恒利银行",
        "address": "河南中路495号，天津路100号",
        "addressComparison": "different-as-listed",
        "coordinateScope": "building-complex-reference-point",
        "coordinateSystem": "WGS84",
        "precisionDegrees": null,
        "origin": "shanghai-library",
        "sourceUrl": "https://data.library.sh.cn/entity/architecture/meb27piyl7ux2ijx",
        "coordinateSourceTitle": "上海图书馆历史建筑开放数据",
        "sourceAddress": "河南中路495、503号，天津路100号",
        "locationNote": "此为门址所在里弄、院落或建筑群参考点，未逐栋核定位置。 来源门址与官方写法有差异，原始门牌和对照理由均保留。",
        "wikipediaUrl": "https://zh.wikipedia.org/zh-hans/上海市优秀历史建筑",
        "wikidataId": null,
        "historicalGeometryVerified": false
      }
    },
    {
      "type": "Feature",
      "id": "sh-fgj-4A015-01-address-reference",
      "geometry": {
        "type": "Point",
        "coordinates": [
          121.477386,
          31.240747
        ]
      },
      "properties": {
        "officialId": "sh-fgj-4A015-01",
        "wikipediaId": "wiki-heritage-t05-r0016",
        "batch": 4,
        "officialCodeRaw": "4A015",
        "name": "上海钱业公会",
        "articleTitle": "上海钱业公会",
        "address": "宁波路276号",
        "addressComparison": "exact",
        "coordinateScope": "address-reference-point",
        "coordinateSystem": "WGS84",
        "precisionDegrees": null,
        "origin": "shanghai-library",
        "sourceUrl": "https://data.library.sh.cn/entity/architecture/2c6t53kvfzh47pr2",
        "coordinateSourceTitle": "上海图书馆历史建筑开放数据",
        "sourceAddress": "宁波路276号",
        "locationNote": "此为来源目录门牌参考点，未独立测绘或核定建筑轮廓。",
        "wikipediaUrl": "https://zh.wikipedia.org/wiki/%E4%B8%8A%E6%B5%B7%E9%92%B1%E4%B8%9A%E5%85%AC%E4%BC%9A",
        "wikidataId": null,
        "historicalGeometryVerified": false
      }
    },
    {
      "type": "Feature",
      "id": "sh-fgj-4A017-01-address-reference",
      "geometry": {
        "type": "Point",
        "coordinates": [
          121.483849,
          31.239506
        ]
      },
      "properties": {
        "officialId": "sh-fgj-4A017-01",
        "wikipediaId": "wiki-heritage-t05-r0018",
        "batch": 4,
        "officialCodeRaw": "4A017",
        "name": "安利洋行",
        "articleTitle": "安利洋行",
        "address": "四川中路320号，九江路80号",
        "addressComparison": "exact",
        "coordinateScope": "building-complex-reference-point",
        "coordinateSystem": "WGS84",
        "precisionDegrees": null,
        "origin": "shanghai-library",
        "sourceUrl": "https://data.library.sh.cn/entity/architecture/ip8sn2zvfqjq6cdg",
        "coordinateSourceTitle": "上海图书馆历史建筑开放数据",
        "sourceAddress": "四川中路320号，九江路80号",
        "locationNote": "此为门址所在里弄、院落或建筑群参考点，未逐栋核定位置。",
        "wikipediaUrl": "https://zh.wikipedia.org/wiki/%E5%AE%89%E5%88%A9%E5%A4%A7%E6%A5%BC",
        "wikidataId": null,
        "historicalGeometryVerified": false
      }
    },
    {
      "type": "Feature",
      "id": "sh-fgj-4A018-01-address-reference",
      "geometry": {
        "type": "Point",
        "coordinates": [
          121.484786,
          31.238812
        ]
      },
      "properties": {
        "officialId": "sh-fgj-4A018-01",
        "wikipediaId": "wiki-heritage-t05-r0019",
        "batch": 4,
        "officialCodeRaw": "4A018",
        "name": "大清银行/中国人寿保险公司",
        "articleTitle": "大清银行/中国人寿保险公司",
        "address": "四川中路268-270号，",
        "addressComparison": "different-as-listed",
        "coordinateScope": "building-complex-reference-point",
        "coordinateSystem": "WGS84",
        "precisionDegrees": null,
        "origin": "shanghai-library",
        "sourceUrl": "https://data.library.sh.cn/entity/architecture/4fabsdx88yudf1ug",
        "coordinateSourceTitle": "上海图书馆历史建筑开放数据",
        "sourceAddress": "四川中路268-270号，汉口路50号",
        "locationNote": "此为门址所在里弄、院落或建筑群参考点，未逐栋核定位置。 来源门址与官方写法有差异，原始门牌和对照理由均保留。",
        "wikipediaUrl": "https://zh.wikipedia.org/zh-hans/上海市优秀历史建筑",
        "wikidataId": null,
        "historicalGeometryVerified": false
      }
    },
    {
      "type": "Feature",
      "id": "sh-fgj-4A019-01-address-reference",
      "geometry": {
        "type": "Point",
        "coordinates": [
          121.481374,
          31.238639
        ]
      },
      "properties": {
        "officialId": "sh-fgj-4A019-01",
        "wikipediaId": "wiki-heritage-t05-r0020",
        "batch": 4,
        "officialCodeRaw": "4A019",
        "name": "百乐饭店/同仁医院/教会学校/中国基督教协会",
        "articleTitle": "百乐饭店/同仁医院/教会学校/中国基督教协会",
        "address": "九江路219号",
        "addressComparison": "exact",
        "coordinateScope": "address-reference-point",
        "coordinateSystem": "WGS84",
        "precisionDegrees": null,
        "origin": "shanghai-library",
        "sourceUrl": "https://data.library.sh.cn/entity/architecture/wmzcki131cpf1x7g",
        "coordinateSourceTitle": "上海图书馆历史建筑开放数据",
        "sourceAddress": "九江路219号",
        "locationNote": "此为来源目录门牌参考点，未独立测绘或核定建筑轮廓。",
        "wikipediaUrl": "https://zh.wikipedia.org/zh-hans/上海市优秀历史建筑",
        "wikidataId": null,
        "historicalGeometryVerified": false
      }
    },
    {
      "type": "Feature",
      "id": "sh-fgj-4A020-01-address-reference",
      "geometry": {
        "type": "Point",
        "coordinates": [
          121.481134,
          31.238002
        ]
      },
      "properties": {
        "officialId": "sh-fgj-4A020-01",
        "wikipediaId": "wiki-heritage-t05-r0021",
        "batch": 4,
        "officialCodeRaw": "4A020",
        "name": "花园住宅",
        "articleTitle": "汉口路210号 上海市公安机关服务中心",
        "address": "汉口路200号",
        "addressComparison": "different-as-listed",
        "coordinateScope": "address-reference-point",
        "coordinateSystem": "WGS84",
        "precisionDegrees": null,
        "origin": "shanghai-library",
        "sourceUrl": "https://data.library.sh.cn/entity/architecture/mudr4zzek7d1n88u",
        "coordinateSourceTitle": "上海图书馆历史建筑开放数据",
        "sourceAddress": "汉口路210号",
        "locationNote": "此为来源目录门牌参考点，未独立测绘或核定建筑轮廓。 来源门址与官方写法有差异，原始门牌和对照理由均保留。",
        "wikipediaUrl": "https://zh.wikipedia.org/zh-hans/上海市优秀历史建筑",
        "wikidataId": null,
        "historicalGeometryVerified": false
      }
    },
    {
      "type": "Feature",
      "id": "sh-fgj-4A021-01-address-reference",
      "geometry": {
        "type": "Point",
        "coordinates": [
          121.485577,
          31.237423
        ]
      },
      "properties": {
        "officialId": "sh-fgj-4A021-01",
        "wikipediaId": "wiki-heritage-t05-r0022",
        "batch": 4,
        "officialCodeRaw": "4A021",
        "name": "旗昌洋行",
        "articleTitle": "旗昌洋行",
        "address": "福州路17、19号",
        "addressComparison": "exact",
        "coordinateScope": "building-complex-reference-point",
        "coordinateSystem": "WGS84",
        "precisionDegrees": null,
        "origin": "shanghai-library",
        "sourceUrl": "https://data.library.sh.cn/entity/architecture/8w6ejxbo3yxeo5a2",
        "coordinateSourceTitle": "上海图书馆历史建筑开放数据",
        "sourceAddress": "福州路17、19号",
        "locationNote": "此为门址所在里弄、院落或建筑群参考点，未逐栋核定位置。",
        "wikipediaUrl": "https://zh.wikipedia.org/wiki/%E6%97%97%E6%98%8C%E6%B4%8B%E8%A1%8C%E5%A4%A7%E6%A5%BC",
        "wikidataId": null,
        "historicalGeometryVerified": false
      }
    },
    {
      "type": "Feature",
      "id": "sh-fgj-4A022-01-address-reference",
      "geometry": {
        "type": "Point",
        "coordinates": [
          121.484115,
          31.237114
        ]
      },
      "properties": {
        "officialId": "sh-fgj-4A022-01",
        "wikipediaId": "wiki-heritage-t05-r0023",
        "batch": 4,
        "officialCodeRaw": "4A022",
        "name": "中兴银行",
        "articleTitle": "中兴银行",
        "address": "福州路89号",
        "addressComparison": "exact",
        "coordinateScope": "address-reference-point",
        "coordinateSystem": "WGS84",
        "precisionDegrees": null,
        "origin": "shanghai-library",
        "sourceUrl": "https://data.library.sh.cn/entity/architecture/h4p7qsf3ck4wyrrb",
        "coordinateSourceTitle": "上海图书馆历史建筑开放数据",
        "sourceAddress": "福州路89号",
        "locationNote": "此为来源目录门牌参考点，未独立测绘或核定建筑轮廓。",
        "wikipediaUrl": "https://zh.wikipedia.org/zh-hans/上海市优秀历史建筑",
        "wikidataId": null,
        "historicalGeometryVerified": false
      }
    },
    {
      "type": "Feature",
      "id": "sh-fgj-4A023-01-address-reference",
      "geometry": {
        "type": "Point",
        "coordinates": [
          121.486928,
          31.233557
        ]
      },
      "properties": {
        "officialId": "sh-fgj-4A023-01",
        "wikipediaId": "wiki-heritage-t05-r0024",
        "batch": 4,
        "officialCodeRaw": "4A023",
        "name": "雷米洋行/利名洋行",
        "articleTitle": "雷米洋行/利名洋行",
        "address": "金陵东路6-8号（双号）",
        "addressComparison": "different-as-listed",
        "coordinateScope": "building-complex-reference-point",
        "coordinateSystem": "WGS84",
        "precisionDegrees": null,
        "origin": "shanghai-library",
        "sourceUrl": "https://data.library.sh.cn/entity/architecture/wge8hwjoo5brc7na",
        "coordinateSourceTitle": "上海图书馆历史建筑开放数据",
        "sourceAddress": "金陵东路8号",
        "locationNote": "此为门址所在里弄、院落或建筑群参考点，未逐栋核定位置。 来源门址与官方写法有差异，原始门牌和对照理由均保留。",
        "wikipediaUrl": "https://zh.wikipedia.org/wiki/%E9%9B%B7%E7%B1%B3%E6%B4%8B%E8%A1%8C%E5%A4%A7%E6%A8%93",
        "wikidataId": null,
        "historicalGeometryVerified": false
      }
    },
    {
      "type": "Feature",
      "id": "sh-fgj-4A024-01-address-reference",
      "geometry": {
        "type": "Point",
        "coordinates": [
          121.486201,
          31.233498
        ]
      },
      "properties": {
        "officialId": "sh-fgj-4A024-01",
        "wikipediaId": "wiki-heritage-t05-r0025",
        "batch": 4,
        "officialCodeRaw": "4A024",
        "name": "约克大楼",
        "articleTitle": "约克大楼",
        "address": "四川南路27-29号（单号），金陵东路14号",
        "addressComparison": "different-as-listed",
        "coordinateScope": "building-complex-reference-point",
        "coordinateSystem": "WGS84",
        "precisionDegrees": null,
        "origin": "shanghai-library",
        "sourceUrl": "https://data.library.sh.cn/entity/architecture/3w0o3f1uaofbdbui",
        "coordinateSourceTitle": "上海图书馆历史建筑开放数据",
        "sourceAddress": "四川南路29号",
        "locationNote": "此为门址所在里弄、院落或建筑群参考点，未逐栋核定位置。 来源门址与官方写法有差异，原始门牌和对照理由均保留。",
        "wikipediaUrl": "https://zh.wikipedia.org/zh-hans/上海市优秀历史建筑",
        "wikidataId": null,
        "historicalGeometryVerified": false
      }
    },
    {
      "type": "Feature",
      "id": "sh-fgj-4A025-01-address-reference",
      "geometry": {
        "type": "Point",
        "coordinates": [
          121.489592,
          31.232757
        ]
      },
      "properties": {
        "officialId": "sh-fgj-4A025-01",
        "wikipediaId": "wiki-heritage-t05-r0026",
        "batch": 4,
        "officialCodeRaw": "4A025",
        "name": "太古洋行",
        "articleTitle": "太古洋行",
        "address": "中山东二路22号",
        "addressComparison": "exact",
        "coordinateScope": "address-reference-point",
        "coordinateSystem": "WGS84",
        "precisionDegrees": null,
        "origin": "shanghai-library",
        "sourceUrl": "https://data.library.sh.cn/entity/architecture/08tnbgq8cvp5r0gn",
        "coordinateSourceTitle": "上海图书馆历史建筑开放数据",
        "sourceAddress": "中山东二路22号",
        "locationNote": "此为来源目录门牌参考点，未独立测绘或核定建筑轮廓。",
        "wikipediaUrl": "https://zh.wikipedia.org/wiki/%E5%A4%AA%E5%8F%A4%E6%B4%8B%E8%A1%8C%E5%A4%A7%E6%A5%BC_(%E4%B8%8A%E6%B5%B7)",
        "wikidataId": null,
        "historicalGeometryVerified": false
      }
    },
    {
      "type": "Feature",
      "id": "sh-fgj-4A026-01-address-reference",
      "geometry": {
        "type": "Point",
        "coordinates": [
          121.471047,
          31.240319
        ]
      },
      "properties": {
        "officialId": "sh-fgj-4A026-01",
        "wikipediaId": "wiki-heritage-t05-r0027",
        "batch": 4,
        "officialCodeRaw": "4A026",
        "name": "金城大戏院",
        "articleTitle": "金城大戏院",
        "address": "北京东路780号",
        "addressComparison": "exact",
        "coordinateScope": "address-reference-point",
        "coordinateSystem": "WGS84",
        "precisionDegrees": null,
        "origin": "shanghai-library",
        "sourceUrl": "https://data.library.sh.cn/entity/architecture/o5x4e2aah6yihzp1",
        "coordinateSourceTitle": "上海图书馆历史建筑开放数据",
        "sourceAddress": "北京东路780号",
        "locationNote": "此为来源目录门牌参考点，未独立测绘或核定建筑轮廓。",
        "wikipediaUrl": "https://zh.wikipedia.org/wiki/%E9%BB%84%E6%B5%A6%E5%89%A7%E5%9C%BA",
        "wikidataId": null,
        "historicalGeometryVerified": false
      }
    },
    {
      "type": "Feature",
      "id": "sh-fgj-4A027-01-address-reference",
      "geometry": {
        "type": "Point",
        "coordinates": [
          121.47225,
          31.239567
        ]
      },
      "properties": {
        "officialId": "sh-fgj-4A027-01",
        "wikipediaId": "wiki-heritage-t05-r0028",
        "batch": 4,
        "officialCodeRaw": "4A027",
        "name": "三星大舞台/中国大戏院",
        "articleTitle": "三星大舞台/中国大戏院",
        "address": "牛庄路700号-714号",
        "addressComparison": "exact",
        "coordinateScope": "building-complex-reference-point",
        "coordinateSystem": "WGS84",
        "precisionDegrees": null,
        "origin": "shanghai-library",
        "sourceUrl": "https://data.library.sh.cn/entity/architecture/v00aoj5b1da6otnk",
        "coordinateSourceTitle": "上海图书馆历史建筑开放数据",
        "sourceAddress": "牛庄路700号-714号",
        "locationNote": "此为门址所在里弄、院落或建筑群参考点，未逐栋核定位置。",
        "wikipediaUrl": "https://zh.wikipedia.org/wiki/%E4%B8%89%E6%98%9F%E5%A4%A7%E8%88%9E%E5%8F%B0",
        "wikidataId": null,
        "historicalGeometryVerified": false
      }
    },
    {
      "type": "Feature",
      "id": "sh-fgj-4A028-01-address-reference",
      "geometry": {
        "type": "Point",
        "coordinates": [
          121.472021,
          31.238715
        ]
      },
      "properties": {
        "officialId": "sh-fgj-4A028-01",
        "wikipediaId": "wiki-heritage-t05-r0029",
        "batch": 4,
        "officialCodeRaw": "4A028",
        "name": "新光大戏院",
        "articleTitle": "新光大戏院",
        "address": "宁波路586号",
        "addressComparison": "exact",
        "coordinateScope": "address-reference-point",
        "coordinateSystem": "WGS84",
        "precisionDegrees": null,
        "origin": "shanghai-library",
        "sourceUrl": "https://data.library.sh.cn/entity/architecture/h7wzy17l37ogn0uy",
        "coordinateSourceTitle": "上海图书馆历史建筑开放数据",
        "sourceAddress": "宁波路586号",
        "locationNote": "此为来源目录门牌参考点，未独立测绘或核定建筑轮廓。",
        "wikipediaUrl": "https://zh.wikipedia.org/zh-hans/上海市优秀历史建筑",
        "wikidataId": null,
        "historicalGeometryVerified": false
      }
    },
    {
      "type": "Feature",
      "id": "sh-fgj-4A029-01-address-reference",
      "geometry": {
        "type": "Point",
        "coordinates": [
          121.471571,
          31.238598
        ]
      },
      "properties": {
        "officialId": "sh-fgj-4A029-01",
        "wikipediaId": "wiki-heritage-t05-r0030",
        "batch": 4,
        "officialCodeRaw": "4A029",
        "name": "中国大饭店",
        "articleTitle": "中国大饭店",
        "address": "宁波路588号，\n贵州路160号-170号",
        "addressComparison": "formatting-only",
        "coordinateScope": "building-complex-reference-point",
        "coordinateSystem": "WGS84",
        "precisionDegrees": null,
        "origin": "shanghai-library",
        "sourceUrl": "https://data.library.sh.cn/entity/architecture/z3g0bp56kz6bt556",
        "coordinateSourceTitle": "上海图书馆历史建筑开放数据",
        "sourceAddress": "宁波路588号，贵州路160号-170号",
        "locationNote": "此为门址所在里弄、院落或建筑群参考点，未逐栋核定位置。 来源门址与官方写法有差异，原始门牌和对照理由均保留。",
        "wikipediaUrl": "https://zh.wikipedia.org/zh-hans/上海市优秀历史建筑",
        "wikidataId": null,
        "historicalGeometryVerified": false
      }
    },
    {
      "type": "Feature",
      "id": "sh-fgj-4A030-01-address-reference",
      "geometry": {
        "type": "Point",
        "coordinates": [
          121.47206,
          31.235309
        ]
      },
      "properties": {
        "officialId": "sh-fgj-4A030-01",
        "wikipediaId": "wiki-heritage-t05-r0031",
        "batch": 4,
        "officialCodeRaw": "4A030",
        "name": "扬子饭店",
        "articleTitle": "扬子饭店",
        "address": "汉口路740号，云南路287号",
        "addressComparison": "different-as-listed",
        "coordinateScope": "building-complex-reference-point",
        "coordinateSystem": "WGS84",
        "precisionDegrees": null,
        "origin": "shanghai-library",
        "sourceUrl": "https://data.library.sh.cn/entity/architecture/5rp746spu4naxrkd",
        "coordinateSourceTitle": "上海图书馆历史建筑开放数据",
        "sourceAddress": "汉口路740号(云南路转角)",
        "locationNote": "此为门址所在里弄、院落或建筑群参考点，未逐栋核定位置。 来源门址与官方写法有差异，原始门牌和对照理由均保留。",
        "wikipediaUrl": "https://zh.wikipedia.org/zh-hans/上海市优秀历史建筑",
        "wikidataId": null,
        "historicalGeometryVerified": false
      }
    },
    {
      "type": "Feature",
      "id": "sh-fgj-4A031-01-address-reference",
      "geometry": {
        "type": "Point",
        "coordinates": [
          121.460423,
          31.242611
        ]
      },
      "properties": {
        "officialId": "sh-fgj-4A031-01",
        "wikipediaId": "wiki-heritage-t05-r0032",
        "batch": 4,
        "officialCodeRaw": "4A031",
        "name": "中国纺织建设公司第五仓库",
        "articleTitle": "中国纺织建设公司第五仓库",
        "address": "南苏州路1295号",
        "addressComparison": "exact",
        "coordinateScope": "address-reference-point",
        "coordinateSystem": "WGS84",
        "precisionDegrees": null,
        "origin": "shanghai-library",
        "sourceUrl": "https://data.library.sh.cn/entity/architecture/uwixf1mfzcpwj05m",
        "coordinateSourceTitle": "上海图书馆历史建筑开放数据",
        "sourceAddress": "南苏州路1295号",
        "locationNote": "此为来源目录门牌参考点，未独立测绘或核定建筑轮廓。",
        "wikipediaUrl": "https://zh.wikipedia.org/zh-hans/上海市优秀历史建筑",
        "wikidataId": null,
        "historicalGeometryVerified": false
      }
    },
    {
      "type": "Feature",
      "id": "sh-fgj-4A032-01-address-reference",
      "geometry": {
        "type": "Point",
        "coordinates": [
          121.481014,
          31.234841
        ]
      },
      "properties": {
        "officialId": "sh-fgj-4A032-01",
        "wikipediaId": "wiki-heritage-t05-r0033",
        "batch": 4,
        "officialCodeRaw": "4A032",
        "name": "洋行",
        "articleTitle": "洋行",
        "address": "广东路306号",
        "addressComparison": "exact",
        "coordinateScope": "address-reference-point",
        "coordinateSystem": "WGS84",
        "precisionDegrees": null,
        "origin": "shanghai-library",
        "sourceUrl": "https://data.library.sh.cn/entity/architecture/1blgu2m5z2ryuja8",
        "coordinateSourceTitle": "上海图书馆历史建筑开放数据",
        "sourceAddress": "广东路306号",
        "locationNote": "此为来源目录门牌参考点，未独立测绘或核定建筑轮廓。",
        "wikipediaUrl": "https://zh.wikipedia.org/zh-hans/上海市优秀历史建筑",
        "wikidataId": null,
        "historicalGeometryVerified": false
      }
    },
    {
      "type": "Feature",
      "id": "sh-fgj-4A033-01-address-reference",
      "geometry": {
        "type": "Point",
        "coordinates": [
          121.478789,
          31.235129
        ]
      },
      "properties": {
        "officialId": "sh-fgj-4A033-01",
        "wikipediaId": "wiki-heritage-t05-r0034",
        "batch": 4,
        "officialCodeRaw": "4A033",
        "name": "江苏旅社",
        "articleTitle": "江苏旅社",
        "address": "福州路379弄50号",
        "addressComparison": "exact",
        "coordinateScope": "building-complex-reference-point",
        "coordinateSystem": "WGS84",
        "precisionDegrees": null,
        "origin": "shanghai-library",
        "sourceUrl": "https://data.library.sh.cn/entity/architecture/sqjcug2vkpthnqfq",
        "coordinateSourceTitle": "上海图书馆历史建筑开放数据",
        "sourceAddress": "福州路379弄50号",
        "locationNote": "此为门址所在里弄、院落或建筑群参考点，未逐栋核定位置。",
        "wikipediaUrl": "https://zh.wikipedia.org/zh-hans/上海市优秀历史建筑",
        "wikidataId": null,
        "historicalGeometryVerified": false
      }
    },
    {
      "type": "Feature",
      "id": "sh-fgj-4A034-01-address-reference",
      "geometry": {
        "type": "Point",
        "coordinates": [
          121.491659,
          31.226492
        ]
      },
      "properties": {
        "officialId": "sh-fgj-4A034-01",
        "wikipediaId": "wiki-heritage-t05-r0035",
        "batch": 4,
        "officialCodeRaw": "4A034",
        "name": "中国银行南市办事处",
        "articleTitle": "中国银行南市办事处",
        "address": "人民路1号(小东门)",
        "addressComparison": "formatting-only",
        "coordinateScope": "address-reference-point",
        "coordinateSystem": "WGS84",
        "precisionDegrees": null,
        "origin": "shanghai-library",
        "sourceUrl": "https://data.library.sh.cn/entity/architecture/e8rkf7s7vh5jnqh4",
        "coordinateSourceTitle": "上海图书馆历史建筑开放数据",
        "sourceAddress": "人民路1号(小东门)",
        "locationNote": "此为来源目录门牌参考点，未独立测绘或核定建筑轮廓。",
        "wikipediaUrl": "https://zh.wikipedia.org/zh-hans/上海市优秀历史建筑",
        "wikidataId": null,
        "historicalGeometryVerified": false
      }
    },
    {
      "type": "Feature",
      "id": "sh-fgj-4A035-01-address-reference",
      "geometry": {
        "type": "Point",
        "coordinates": [
          121.492742,
          31.227198
        ]
      },
      "properties": {
        "officialId": "sh-fgj-4A035-01",
        "wikipediaId": "wiki-heritage-t05-r0036",
        "batch": 4,
        "officialCodeRaw": "4A035",
        "name": "仁记珠宝银楼",
        "articleTitle": "仁记珠宝银楼",
        "address": "中华路5号",
        "addressComparison": "exact",
        "coordinateScope": "address-reference-point",
        "coordinateSystem": "WGS84",
        "precisionDegrees": null,
        "origin": "shanghai-library",
        "sourceUrl": "https://data.library.sh.cn/entity/architecture/fpjq4myrv5u0ryxd",
        "coordinateSourceTitle": "上海图书馆历史建筑开放数据",
        "sourceAddress": "中华路5号",
        "locationNote": "此为来源目录门牌参考点，未独立测绘或核定建筑轮廓。",
        "wikipediaUrl": "https://zh.wikipedia.org/zh-hans/上海市优秀历史建筑",
        "wikidataId": null,
        "historicalGeometryVerified": false
      }
    },
    {
      "type": "Feature",
      "id": "sh-fgj-4A036-01-address-reference",
      "geometry": {
        "type": "Point",
        "coordinates": [
          121.493224,
          31.226287
        ]
      },
      "properties": {
        "officialId": "sh-fgj-4A036-01",
        "wikipediaId": "wiki-heritage-t05-r0037",
        "batch": 4,
        "officialCodeRaw": "4A036",
        "name": "联市联谊会",
        "articleTitle": "联市联谊会",
        "address": "中华路55号",
        "addressComparison": "exact",
        "coordinateScope": "address-reference-point",
        "coordinateSystem": "WGS84",
        "precisionDegrees": null,
        "origin": "shanghai-library",
        "sourceUrl": "https://data.library.sh.cn/entity/architecture/3scf38zc67q1qrua",
        "coordinateSourceTitle": "上海图书馆历史建筑开放数据",
        "sourceAddress": "中华路55号",
        "locationNote": "此为来源目录门牌参考点，未独立测绘或核定建筑轮廓。",
        "wikipediaUrl": "https://zh.wikipedia.org/zh-hans/上海市优秀历史建筑",
        "wikidataId": null,
        "historicalGeometryVerified": false
      }
    },
    {
      "type": "Feature",
      "id": "sh-fgj-4A037-01-address-reference",
      "geometry": {
        "type": "Point",
        "coordinates": [
          121.493782,
          31.221281
        ]
      },
      "properties": {
        "officialId": "sh-fgj-4A037-01",
        "wikipediaId": "wiki-heritage-t05-r0038",
        "batch": 4,
        "officialCodeRaw": "4A037",
        "name": "集贤村",
        "articleTitle": "集贤村",
        "address": "金坛路35弄1号-30号、\n32号-44号",
        "addressComparison": "formatting-only",
        "coordinateScope": "building-complex-reference-point",
        "coordinateSystem": "WGS84",
        "precisionDegrees": null,
        "origin": "shanghai-library",
        "sourceUrl": "https://data.library.sh.cn/entity/architecture/1rphhb5idc0ltsi8",
        "coordinateSourceTitle": "上海图书馆历史建筑开放数据",
        "sourceAddress": "金坛路35弄1号-30号、32号-44号",
        "locationNote": "此为门址所在里弄、院落或建筑群参考点，未逐栋核定位置。 来源门址与官方写法有差异，原始门牌和对照理由均保留。",
        "wikipediaUrl": "https://zh.wikipedia.org/zh-hans/上海市优秀历史建筑",
        "wikidataId": null,
        "historicalGeometryVerified": false
      }
    },
    {
      "type": "Feature",
      "id": "sh-fgj-4C001-01-address-reference",
      "geometry": {
        "type": "Point",
        "coordinates": [
          121.460074,
          31.225494
        ]
      },
      "properties": {
        "officialId": "sh-fgj-4C001-01",
        "wikipediaId": "wiki-heritage-t05-r0066",
        "batch": 4,
        "officialCodeRaw": "4C001",
        "name": "中德医院",
        "articleTitle": "中德医院",
        "address": "延安中路393号",
        "addressComparison": "exact",
        "coordinateScope": "address-reference-point",
        "coordinateSystem": "WGS84",
        "precisionDegrees": null,
        "origin": "shanghai-library",
        "sourceUrl": "https://data.library.sh.cn/entity/architecture/lkvs4h1kuhcwdfey",
        "coordinateSourceTitle": "上海图书馆历史建筑开放数据",
        "sourceAddress": "延安中路393号",
        "locationNote": "此为来源目录门牌参考点，未独立测绘或核定建筑轮廓。",
        "wikipediaUrl": "https://zh.wikipedia.org/zh-hans/上海市优秀历史建筑",
        "wikidataId": null,
        "historicalGeometryVerified": false
      }
    },
    {
      "type": "Feature",
      "id": "sh-fgj-4C002-01-address-reference",
      "geometry": {
        "type": "Point",
        "coordinates": [
          121.465703,
          31.223567
        ]
      },
      "properties": {
        "officialId": "sh-fgj-4C002-01",
        "wikipediaId": "wiki-heritage-t05-r0067",
        "batch": 4,
        "officialCodeRaw": "4C002",
        "name": "康绥公寓",
        "articleTitle": "康绥公寓",
        "address": "淮海中路468-494号",
        "addressComparison": "exact",
        "coordinateScope": "building-complex-reference-point",
        "coordinateSystem": "WGS84",
        "precisionDegrees": null,
        "origin": "shanghai-library",
        "sourceUrl": "https://data.library.sh.cn/entity/architecture/d14keohaa8a5btc7",
        "coordinateSourceTitle": "上海图书馆历史建筑开放数据",
        "sourceAddress": "淮海中路468-494号",
        "locationNote": "此为门址所在里弄、院落或建筑群参考点，未逐栋核定位置。",
        "wikipediaUrl": "https://zh.wikipedia.org/zh-hans/上海市优秀历史建筑",
        "wikidataId": null,
        "historicalGeometryVerified": false
      }
    },
    {
      "type": "Feature",
      "id": "sh-fgj-4C003-01-address-reference",
      "geometry": {
        "type": "Point",
        "coordinates": [
          121.457491,
          31.220544
        ]
      },
      "properties": {
        "officialId": "sh-fgj-4C003-01",
        "wikipediaId": "wiki-heritage-t05-r0068",
        "batch": 4,
        "officialCodeRaw": "4C003",
        "name": "国泰公寓",
        "articleTitle": "国泰公寓",
        "address": "淮海中路816弄（1-40号），淮海中路818-832号，850-860号（双号）",
        "addressComparison": "different-as-listed",
        "coordinateScope": "building-complex-reference-point",
        "coordinateSystem": "WGS84",
        "precisionDegrees": null,
        "origin": "shanghai-library",
        "sourceUrl": "https://data.library.sh.cn/entity/architecture/5alctwjxc36m8puu",
        "coordinateSourceTitle": "上海图书馆历史建筑开放数据",
        "sourceAddress": "淮海中路816弄",
        "locationNote": "此为门址所在里弄、院落或建筑群参考点，未逐栋核定位置。 来源门址与官方写法有差异，原始门牌和对照理由均保留。",
        "wikipediaUrl": "https://zh.wikipedia.org/zh-hans/上海市优秀历史建筑",
        "wikidataId": null,
        "historicalGeometryVerified": false
      }
    },
    {
      "type": "Feature",
      "id": "sh-fgj-4C004-01-address-reference",
      "geometry": {
        "type": "Point",
        "coordinates": [
          121.455836,
          31.217848
        ]
      },
      "properties": {
        "officialId": "sh-fgj-4C004-01",
        "wikipediaId": "wiki-heritage-t05-r0069",
        "batch": 4,
        "officialCodeRaw": "4C004",
        "name": "霞飞坊",
        "articleTitle": "霞飞坊",
        "address": "淮海中路927弄",
        "addressComparison": "exact",
        "coordinateScope": "building-complex-reference-point",
        "coordinateSystem": "WGS84",
        "precisionDegrees": null,
        "origin": "shanghai-library",
        "sourceUrl": "https://data.library.sh.cn/entity/architecture/ywoifhbw8g6f3em2",
        "coordinateSourceTitle": "上海图书馆历史建筑开放数据",
        "sourceAddress": "淮海中路927弄",
        "locationNote": "此为门址所在里弄、院落或建筑群参考点，未逐栋核定位置。",
        "wikipediaUrl": "https://zh.wikipedia.org/wiki/%E6%B7%AE%E6%B5%B7%E5%9D%8A",
        "wikidataId": null,
        "historicalGeometryVerified": false
      }
    },
    {
      "type": "Feature",
      "id": "sh-fgj-4C005-01-address-reference",
      "geometry": {
        "type": "Point",
        "coordinates": [
          121.462991,
          31.220456
        ]
      },
      "properties": {
        "officialId": "sh-fgj-4C005-01",
        "wikipediaId": "wiki-heritage-t05-r0070",
        "batch": 4,
        "officialCodeRaw": "4C005",
        "name": "法国体育总会",
        "articleTitle": "法国体育总会",
        "address": "南昌路57号",
        "addressComparison": "exact",
        "coordinateScope": "building-complex-reference-point",
        "coordinateSystem": "WGS84",
        "precisionDegrees": null,
        "origin": "shanghai-library",
        "sourceUrl": "https://data.library.sh.cn/entity/architecture/ehkl2f0mxwzvrwia",
        "coordinateSourceTitle": "上海图书馆历史建筑开放数据",
        "sourceAddress": "南昌路57号",
        "locationNote": "此为门址所在里弄、院落或建筑群参考点，未逐栋核定位置。",
        "wikipediaUrl": "https://zh.wikipedia.org/zh-hans/上海市优秀历史建筑",
        "wikidataId": null,
        "historicalGeometryVerified": false
      }
    },
    {
      "type": "Feature",
      "id": "sh-fgj-4C006-01-address-reference",
      "geometry": {
        "type": "Point",
        "coordinates": [
          121.463403,
          31.221677
        ]
      },
      "properties": {
        "officialId": "sh-fgj-4C006-01",
        "wikipediaId": "wiki-heritage-t05-r0071",
        "batch": 4,
        "officialCodeRaw": "4C006",
        "name": "上海别墅",
        "articleTitle": "上海别墅",
        "address": "南昌路110弄、112-122号",
        "addressComparison": "exact",
        "coordinateScope": "building-complex-reference-point",
        "coordinateSystem": "WGS84",
        "precisionDegrees": null,
        "origin": "shanghai-library",
        "sourceUrl": "https://data.library.sh.cn/entity/architecture/ohde1aibkmezy0cn",
        "coordinateSourceTitle": "上海图书馆历史建筑开放数据",
        "sourceAddress": "南昌路110弄、112-134号",
        "locationNote": "此为门址所在里弄、院落或建筑群参考点，未逐栋核定位置。 来源门址与官方写法有差异，原始门牌和对照理由均保留。",
        "wikipediaUrl": "https://zh.wikipedia.org/zh-hans/上海市优秀历史建筑",
        "wikidataId": null,
        "historicalGeometryVerified": false
      }
    },
    {
      "type": "Feature",
      "id": "sh-fgj-4C007-01-address-reference",
      "geometry": {
        "type": "Point",
        "coordinates": [
          121.463243,
          31.221257
        ]
      },
      "properties": {
        "officialId": "sh-fgj-4C007-01",
        "wikipediaId": "wiki-heritage-t05-r0072",
        "batch": 4,
        "officialCodeRaw": "4C007",
        "name": "花园住宅群",
        "articleTitle": "花园住宅群",
        "address": "南昌路124－134号、136弄1-16号、138-146号",
        "addressComparison": "formatting-only",
        "coordinateScope": "building-complex-reference-point",
        "coordinateSystem": "WGS84",
        "precisionDegrees": null,
        "origin": "shanghai-library",
        "sourceUrl": "https://data.library.sh.cn/entity/architecture/5yslvyr4ofugrgww",
        "coordinateSourceTitle": "上海图书馆历史建筑开放数据",
        "sourceAddress": "南昌路136弄、138-146号",
        "locationNote": "此为门址所在里弄、院落或建筑群参考点，未逐栋核定位置。 来源门址与官方写法有差异，原始门牌和对照理由均保留。",
        "wikipediaUrl": "https://zh.wikipedia.org/zh-hans/上海市优秀历史建筑",
        "wikidataId": null,
        "historicalGeometryVerified": false
      }
    },
    {
      "type": "Feature",
      "id": "sh-fgj-4C008-01-address-reference",
      "geometry": {
        "type": "Point",
        "coordinates": [
          121.467721,
          31.22186
        ]
      },
      "properties": {
        "officialId": "sh-fgj-4C008-01",
        "wikipediaId": "wiki-heritage-t05-r0073",
        "batch": 4,
        "officialCodeRaw": "4C008",
        "name": "克美产科医院",
        "articleTitle": "克美产科医院",
        "address": "重庆南路139号",
        "addressComparison": "exact",
        "coordinateScope": "building-complex-reference-point",
        "coordinateSystem": "WGS84",
        "precisionDegrees": null,
        "origin": "shanghai-library",
        "sourceUrl": "https://data.library.sh.cn/entity/architecture/bgvnvku5kvedrp77",
        "coordinateSourceTitle": "上海图书馆历史建筑开放数据",
        "sourceAddress": "重庆南路139号",
        "locationNote": "此为门址所在里弄、院落或建筑群参考点，未逐栋核定位置。 同址有多个保护项，分别保留记录；共用门址点不能区分各楼栋。",
        "wikipediaUrl": "https://zh.wikipedia.org/zh-hans/上海市优秀历史建筑",
        "wikidataId": null,
        "historicalGeometryVerified": false
      }
    },
    {
      "type": "Feature",
      "id": "sh-fgj-4C009-01-address-reference",
      "geometry": {
        "type": "Point",
        "coordinates": [
          121.461395,
          31.21877
        ]
      },
      "properties": {
        "officialId": "sh-fgj-4C009-01",
        "wikipediaId": "wiki-heritage-t05-r0074",
        "batch": 4,
        "officialCodeRaw": "4C009",
        "name": "花园住宅",
        "articleTitle": "皋兰路11-17号 扬子江药业",
        "address": "皋兰路11-17号",
        "addressComparison": "exact",
        "coordinateScope": "building-complex-reference-point",
        "coordinateSystem": "WGS84",
        "precisionDegrees": null,
        "origin": "shanghai-library",
        "sourceUrl": "https://data.library.sh.cn/entity/architecture/dg3megp3x521bwpc",
        "coordinateSourceTitle": "上海图书馆历史建筑开放数据",
        "sourceAddress": "皋兰路11-17号",
        "locationNote": "此为门址所在里弄、院落或建筑群参考点，未逐栋核定位置。",
        "wikipediaUrl": "https://zh.wikipedia.org/zh-hans/上海市优秀历史建筑",
        "wikidataId": null,
        "historicalGeometryVerified": false
      }
    },
    {
      "type": "Feature",
      "id": "sh-fgj-4C010-01-address-reference",
      "geometry": {
        "type": "Point",
        "coordinates": [
          121.457213,
          31.217759
        ]
      },
      "properties": {
        "officialId": "sh-fgj-4C010-01",
        "wikipediaId": "wiki-heritage-t05-r0075",
        "batch": 4,
        "officialCodeRaw": "4C010",
        "name": "希勒公寓",
        "articleTitle": "希勒公寓",
        "address": "茂名南路106-124号，南昌路179号",
        "addressComparison": "different-as-listed",
        "coordinateScope": "address-reference-point",
        "coordinateSystem": "WGS84",
        "precisionDegrees": null,
        "origin": "shanghai-library",
        "sourceUrl": "https://data.library.sh.cn/entity/architecture/dn404ty744wrzcug",
        "coordinateSourceTitle": "上海图书馆历史建筑开放数据",
        "sourceAddress": "茂名南路112-124号",
        "locationNote": "此为来源目录门牌参考点，未独立测绘或核定建筑轮廓。 来源门址与官方写法有差异，原始门牌和对照理由均保留。",
        "wikipediaUrl": "https://zh.wikipedia.org/zh-hans/上海市优秀历史建筑",
        "wikidataId": null,
        "historicalGeometryVerified": false
      }
    },
    {
      "type": "Feature",
      "id": "sh-fgj-4C011-01-address-reference",
      "geometry": {
        "type": "Point",
        "coordinates": [
          121.472112,
          31.217749
        ]
      },
      "properties": {
        "officialId": "sh-fgj-4C011-01",
        "wikipediaId": "wiki-heritage-t05-r0076",
        "batch": 4,
        "officialCodeRaw": "4C011",
        "name": "梅兰坊",
        "articleTitle": "梅兰坊",
        "address": "黄陂南路596弄1-58号",
        "addressComparison": "different-as-listed",
        "coordinateScope": "building-complex-reference-point",
        "coordinateSystem": "WGS84",
        "precisionDegrees": null,
        "origin": "shanghai-library",
        "sourceUrl": "https://data.library.sh.cn/entity/architecture/fegay1vjketra4p8",
        "coordinateSourceTitle": "上海图书馆历史建筑开放数据",
        "sourceAddress": "黄陂南路596弄1-57号",
        "locationNote": "此为门址所在里弄、院落或建筑群参考点，未逐栋核定位置。 来源门址与官方写法有差异，原始门牌和对照理由均保留。",
        "wikipediaUrl": "https://zh.wikipedia.org/wiki/%E6%A2%85%E5%85%B0%E5%9D%8A",
        "wikidataId": null,
        "historicalGeometryVerified": false
      }
    },
    {
      "type": "Feature",
      "id": "sh-fgj-4C012-01-address-reference",
      "geometry": {
        "type": "Point",
        "coordinates": [
          121.468393,
          31.217375
        ]
      },
      "properties": {
        "officialId": "sh-fgj-4C012-01",
        "wikipediaId": "wiki-heritage-t05-r0077",
        "batch": 4,
        "officialCodeRaw": "4C012",
        "name": "派克公寓",
        "articleTitle": "派克公寓",
        "address": "复兴中路455号",
        "addressComparison": "exact",
        "coordinateScope": "building-complex-reference-point",
        "coordinateSystem": "WGS84",
        "precisionDegrees": null,
        "origin": "shanghai-library",
        "sourceUrl": "https://data.library.sh.cn/entity/architecture/gwahyhlxnsl3pum5",
        "coordinateSourceTitle": "上海图书馆历史建筑开放数据",
        "sourceAddress": "复兴中路455号",
        "locationNote": "此为门址所在里弄、院落或建筑群参考点，未逐栋核定位置。",
        "wikipediaUrl": "https://zh.wikipedia.org/wiki/%E6%B4%BE%E5%85%8B%E5%85%AC%E5%AF%93",
        "wikidataId": null,
        "historicalGeometryVerified": false
      }
    },
    {
      "type": "Feature",
      "id": "sh-fgj-4C013-01-address-reference",
      "geometry": {
        "type": "Point",
        "coordinates": [
          121.467984,
          31.217261
        ]
      },
      "properties": {
        "officialId": "sh-fgj-4C013-01",
        "wikipediaId": "wiki-heritage-t05-r0078",
        "batch": 4,
        "officialCodeRaw": "4C013",
        "name": "花园住宅",
        "articleTitle": "复兴中路471－473号，477号 神华煤炭，花园住宅",
        "address": "复兴中路471－477号（单号）",
        "addressComparison": "different-as-listed",
        "coordinateScope": "building-complex-reference-point",
        "coordinateSystem": "WGS84",
        "precisionDegrees": null,
        "origin": "shanghai-library",
        "sourceUrl": "https://data.library.sh.cn/entity/architecture/0oow5fa0vn3tn8my",
        "coordinateSourceTitle": "上海图书馆历史建筑开放数据",
        "sourceAddress": "复兴中路471－473号，477号",
        "locationNote": "此为门址所在里弄、院落或建筑群参考点，未逐栋核定位置。 来源门址与官方写法有差异，原始门牌和对照理由均保留。",
        "wikipediaUrl": "https://zh.wikipedia.org/zh-hans/上海市优秀历史建筑",
        "wikidataId": null,
        "historicalGeometryVerified": false
      }
    },
    {
      "type": "Feature",
      "id": "sh-fgj-4C015-01-address-reference",
      "geometry": {
        "type": "Point",
        "coordinates": [
          121.462324,
          31.216908
        ]
      },
      "properties": {
        "officialId": "sh-fgj-4C015-01",
        "wikipediaId": "wiki-heritage-t05-r0080",
        "batch": 4,
        "officialCodeRaw": "4C015",
        "name": "辣斐坊",
        "articleTitle": "辣斐坊",
        "address": "复兴中路553弄1-21号，543-551号，555-561号",
        "addressComparison": "exact",
        "coordinateScope": "building-complex-reference-point",
        "coordinateSystem": "WGS84",
        "precisionDegrees": null,
        "origin": "shanghai-library",
        "sourceUrl": "https://data.library.sh.cn/entity/architecture/tl0dduzsopihl7n4",
        "coordinateSourceTitle": "上海图书馆历史建筑开放数据",
        "sourceAddress": "复兴中路553弄1-21号，543-551号，555-561号",
        "locationNote": "此为门址所在里弄、院落或建筑群参考点，未逐栋核定位置。",
        "wikipediaUrl": "https://zh.wikipedia.org/wiki/%E5%A4%8D%E5%85%B4%E5%9D%8A",
        "wikidataId": null,
        "historicalGeometryVerified": false
      }
    },
    {
      "type": "Feature",
      "id": "sh-fgj-4C017-01-address-reference",
      "geometry": {
        "type": "Point",
        "coordinates": [
          121.466666,
          31.216653
        ]
      },
      "properties": {
        "officialId": "sh-fgj-4C017-01",
        "wikipediaId": "wiki-heritage-t05-r0082",
        "batch": 4,
        "officialCodeRaw": "4C017",
        "name": "万宜坊",
        "articleTitle": "万宜坊",
        "address": "重庆南路205弄5-94号",
        "addressComparison": "exact",
        "coordinateScope": "building-complex-reference-point",
        "coordinateSystem": "WGS84",
        "precisionDegrees": null,
        "origin": "shanghai-library",
        "sourceUrl": "https://data.library.sh.cn/entity/architecture/0cj4i3tqon7wxrik",
        "coordinateSourceTitle": "上海图书馆历史建筑开放数据",
        "sourceAddress": "重庆南路205弄5-94号",
        "locationNote": "此为门址所在里弄、院落或建筑群参考点，未逐栋核定位置。",
        "wikipediaUrl": "https://zh.wikipedia.org/wiki/%E4%B8%87%E5%AE%9C%E5%9D%8A",
        "wikidataId": null,
        "historicalGeometryVerified": false
      }
    },
    {
      "type": "Feature",
      "id": "sh-fgj-4C019-01-address-reference",
      "geometry": {
        "type": "Point",
        "coordinates": [
          121.461791,
          31.210964
        ]
      },
      "properties": {
        "officialId": "sh-fgj-4C019-01",
        "wikipediaId": "wiki-heritage-t05-r0084",
        "batch": 4,
        "officialCodeRaw": "4C019",
        "name": "安和新村",
        "articleTitle": "安和新村",
        "address": "瑞金二路198弄",
        "addressComparison": "exact",
        "coordinateScope": "building-complex-reference-point",
        "coordinateSystem": "WGS84",
        "precisionDegrees": null,
        "origin": "shanghai-library",
        "sourceUrl": "https://data.library.sh.cn/entity/architecture/j7skksz2hn1h4t6a",
        "coordinateSourceTitle": "上海图书馆历史建筑开放数据",
        "sourceAddress": "瑞金二路198弄",
        "locationNote": "此为门址所在里弄、院落或建筑群参考点，未逐栋核定位置。",
        "wikipediaUrl": "https://zh.wikipedia.org/zh-hans/上海市优秀历史建筑",
        "wikidataId": null,
        "historicalGeometryVerified": false
      }
    },
    {
      "type": "Feature",
      "id": "sh-fgj-4C020-01-address-reference",
      "geometry": {
        "type": "Point",
        "coordinates": [
          121.461012,
          31.212138
        ]
      },
      "properties": {
        "officialId": "sh-fgj-4C020-01",
        "wikipediaId": "wiki-heritage-t05-r0085",
        "batch": 4,
        "officialCodeRaw": "4C020",
        "name": "金谷村",
        "articleTitle": "金谷村",
        "address": "绍兴路2-34 号（双）、瑞金二路132弄1-48 号，瑞金二路132 弄56-68 号，瑞金二路132 弄78-83 号",
        "addressComparison": "different-as-listed",
        "coordinateScope": "building-complex-reference-point",
        "coordinateSystem": "WGS84",
        "precisionDegrees": null,
        "origin": "shanghai-library",
        "sourceUrl": "https://data.library.sh.cn/entity/architecture/xlbgnt72cletjd7e",
        "coordinateSourceTitle": "上海图书馆历史建筑开放数据",
        "sourceAddress": "绍兴路18弄",
        "locationNote": "此为门址所在里弄、院落或建筑群参考点，未逐栋核定位置。 来源门址与官方写法有差异，原始门牌和对照理由均保留。",
        "wikipediaUrl": "https://zh.wikipedia.org/zh-hans/上海市优秀历史建筑",
        "wikidataId": null,
        "historicalGeometryVerified": false
      }
    },
    {
      "type": "Feature",
      "id": "sh-fgj-4C021-01-address-reference",
      "geometry": {
        "type": "Point",
        "coordinates": [
          121.460004,
          31.211404
        ]
      },
      "properties": {
        "officialId": "sh-fgj-4C021-01",
        "wikipediaId": "wiki-heritage-t05-r0086",
        "batch": 4,
        "officialCodeRaw": "4C021",
        "name": "爱麦虞限路9号宅",
        "articleTitle": "爱麦虞限路9号宅",
        "address": "绍兴路9号",
        "addressComparison": "exact",
        "coordinateScope": "address-reference-point",
        "coordinateSystem": "WGS84",
        "precisionDegrees": null,
        "origin": "shanghai-library",
        "sourceUrl": "https://data.library.sh.cn/entity/architecture/ceiqnoqaflaa6f5p",
        "coordinateSourceTitle": "上海图书馆历史建筑开放数据",
        "sourceAddress": "绍兴路9号",
        "locationNote": "此为来源目录门牌参考点，未独立测绘或核定建筑轮廓。",
        "wikipediaUrl": "https://zh.wikipedia.org/zh-hans/上海市优秀历史建筑",
        "wikidataId": null,
        "historicalGeometryVerified": false
      }
    },
    {
      "type": "Feature",
      "id": "sh-fgj-4B002-01-address-reference",
      "geometry": {
        "type": "Point",
        "coordinates": [
          121.451076,
          31.22871
        ]
      },
      "properties": {
        "officialId": "sh-fgj-4B002-01",
        "wikipediaId": "wiki-heritage-t05-r0042",
        "batch": 4,
        "officialCodeRaw": "4B002",
        "name": "荣氏花园住宅",
        "articleTitle": "荣氏花园住宅",
        "address": "陕西北路186号",
        "addressComparison": "exact",
        "coordinateScope": "building-complex-reference-point",
        "coordinateSystem": "WGS84",
        "precisionDegrees": null,
        "origin": "shanghai-library",
        "sourceUrl": "https://data.library.sh.cn/entity/architecture/x88ayaaf126hfb11",
        "coordinateSourceTitle": "上海图书馆历史建筑开放数据",
        "sourceAddress": "陕西北路186号",
        "locationNote": "此为门址所在里弄、院落或建筑群参考点，未逐栋核定位置。",
        "wikipediaUrl": "https://zh.wikipedia.org/zh-hans/上海市优秀历史建筑",
        "wikidataId": null,
        "historicalGeometryVerified": false
      }
    },
    {
      "type": "Feature",
      "id": "sh-fgj-4B003-01-address-reference",
      "geometry": {
        "type": "Point",
        "coordinates": [
          121.448908,
          31.231058
        ]
      },
      "properties": {
        "officialId": "sh-fgj-4B003-01",
        "wikipediaId": "wiki-heritage-t05-r0043",
        "batch": 4,
        "officialCodeRaw": "4B003",
        "name": "宋氏花园住宅",
        "articleTitle": "宋氏花园住宅",
        "address": "陕西北路369号",
        "addressComparison": "exact",
        "coordinateScope": "address-reference-point",
        "coordinateSystem": "WGS84",
        "precisionDegrees": null,
        "origin": "shanghai-library",
        "sourceUrl": "https://data.library.sh.cn/entity/architecture/sgkyhjj0ac2js438",
        "coordinateSourceTitle": "上海图书馆历史建筑开放数据",
        "sourceAddress": "陕西北路369号",
        "locationNote": "此为来源目录门牌参考点，未独立测绘或核定建筑轮廓。",
        "wikipediaUrl": "https://zh.wikipedia.org/wiki/%E4%B8%8A%E6%B5%B7%E5%AE%8B%E5%AE%B6%E8%8A%B1%E5%9B%AD",
        "wikidataId": null,
        "historicalGeometryVerified": false
      }
    },
    {
      "type": "Feature",
      "id": "sh-fgj-4B004-01-address-reference",
      "geometry": {
        "type": "Point",
        "coordinates": [
          121.445171,
          31.22864
        ]
      },
      "properties": {
        "officialId": "sh-fgj-4B004-01",
        "wikipediaId": "wiki-heritage-t05-r0044",
        "batch": 4,
        "officialCodeRaw": "4B004",
        "name": "花园住宅",
        "articleTitle": "铜仁路257号 上海市水务局",
        "address": "铜仁路257号",
        "addressComparison": "exact",
        "coordinateScope": "address-reference-point",
        "coordinateSystem": "WGS84",
        "precisionDegrees": null,
        "origin": "shanghai-library",
        "sourceUrl": "https://data.library.sh.cn/entity/architecture/l168ihu3ztr516gv",
        "coordinateSourceTitle": "上海图书馆历史建筑开放数据",
        "sourceAddress": "铜仁路257号",
        "locationNote": "此为来源目录门牌参考点，未独立测绘或核定建筑轮廓。",
        "wikipediaUrl": "https://zh.wikipedia.org/zh-hans/上海市优秀历史建筑",
        "wikidataId": null,
        "historicalGeometryVerified": false
      }
    },
    {
      "type": "Feature",
      "id": "sh-fgj-4B005-01-address-reference",
      "geometry": {
        "type": "Point",
        "coordinates": [
          121.449338,
          31.23239
        ]
      },
      "properties": {
        "officialId": "sh-fgj-4B005-01",
        "wikipediaId": "wiki-heritage-t05-r0045",
        "batch": 4,
        "officialCodeRaw": "4B005",
        "name": "大新烟草公司",
        "articleTitle": "大新烟草公司",
        "address": "北京西路1094弄2号",
        "addressComparison": "exact",
        "coordinateScope": "building-complex-reference-point",
        "coordinateSystem": "WGS84",
        "precisionDegrees": null,
        "origin": "shanghai-library",
        "sourceUrl": "https://data.library.sh.cn/entity/architecture/zakbx7izxghvq3px",
        "coordinateSourceTitle": "上海图书馆历史建筑开放数据",
        "sourceAddress": "北京西路1094弄2号",
        "locationNote": "此为门址所在里弄、院落或建筑群参考点，未逐栋核定位置。",
        "wikipediaUrl": "https://zh.wikipedia.org/zh-hans/上海市优秀历史建筑",
        "wikidataId": null,
        "historicalGeometryVerified": false
      }
    },
    {
      "type": "Feature",
      "id": "sh-fgj-4B006-01-address-reference",
      "geometry": {
        "type": "Point",
        "coordinates": [
          121.444114,
          31.230173
        ]
      },
      "properties": {
        "officialId": "sh-fgj-4B006-01",
        "wikipediaId": "wiki-heritage-t05-r0046",
        "batch": 4,
        "officialCodeRaw": "4B006",
        "name": "花园住宅",
        "articleTitle": "北京西路1394弄2号 上海电气进出口公司",
        "address": "北京西路1394弄2号",
        "addressComparison": "exact",
        "coordinateScope": "building-complex-reference-point",
        "coordinateSystem": "WGS84",
        "precisionDegrees": null,
        "origin": "shanghai-library",
        "sourceUrl": "https://data.library.sh.cn/entity/architecture/jmx5rv3iaqty6v6j",
        "coordinateSourceTitle": "上海图书馆历史建筑开放数据",
        "sourceAddress": "北京西路1394弄2号",
        "locationNote": "此为门址所在里弄、院落或建筑群参考点，未逐栋核定位置。",
        "wikipediaUrl": "https://zh.wikipedia.org/wiki/%E5%8C%97%E4%BA%AC%E8%A5%BF%E8%B7%AF1394%E5%BC%842%E8%99%9F%E8%8A%B1%E5%9C%92%E4%BD%8F%E5%AE%85",
        "wikidataId": null,
        "historicalGeometryVerified": false
      }
    },
    {
      "type": "Feature",
      "id": "sh-fgj-4B007-01-address-reference",
      "geometry": {
        "type": "Point",
        "coordinates": [
          121.44209,
          31.229043
        ]
      },
      "properties": {
        "officialId": "sh-fgj-4B007-01",
        "wikipediaId": "wiki-heritage-t05-r0047",
        "batch": 4,
        "officialCodeRaw": "4B007",
        "name": "纪氏花园住宅",
        "articleTitle": "纪氏花园住宅",
        "address": "北京西路1510号",
        "addressComparison": "exact",
        "coordinateScope": "address-reference-point",
        "coordinateSystem": "WGS84",
        "precisionDegrees": null,
        "origin": "shanghai-library",
        "sourceUrl": "https://data.library.sh.cn/entity/architecture/i7kt4sdj5cz3fnn0",
        "coordinateSourceTitle": "上海图书馆历史建筑开放数据",
        "sourceAddress": "北京西路1510号",
        "locationNote": "此为来源目录门牌参考点，未独立测绘或核定建筑轮廓。",
        "wikipediaUrl": "https://zh.wikipedia.org/zh-hans/上海市优秀历史建筑",
        "wikidataId": null,
        "historicalGeometryVerified": false
      }
    },
    {
      "type": "Feature",
      "id": "sh-fgj-4B008-01-address-reference",
      "geometry": {
        "type": "Point",
        "coordinates": [
          121.442279,
          31.23019
        ]
      },
      "properties": {
        "officialId": "sh-fgj-4B008-01",
        "wikipediaId": "wiki-heritage-t05-r0048",
        "batch": 4,
        "officialCodeRaw": "4B008",
        "name": "觉园（南国大佛寺），金刚道场",
        "articleTitle": "觉园（南国大佛寺），金刚道场",
        "address": "常德路418号",
        "addressComparison": "exact",
        "coordinateScope": "address-reference-point",
        "coordinateSystem": "WGS84",
        "precisionDegrees": null,
        "origin": "shanghai-library",
        "sourceUrl": "https://data.library.sh.cn/entity/architecture/72ejj0o2c81pdij3",
        "coordinateSourceTitle": "上海图书馆历史建筑开放数据",
        "sourceAddress": "常德路418号",
        "locationNote": "此为来源目录门牌参考点，未独立测绘或核定建筑轮廓。",
        "wikipediaUrl": "https://zh.wikipedia.org/wiki/%E4%B8%8A%E6%B5%B7%E4%BD%9B%E6%95%99%E5%B1%85%E5%A3%AB%E6%9E%97",
        "wikidataId": null,
        "historicalGeometryVerified": false
      }
    },
    {
      "type": "Feature",
      "id": "sh-fgj-4B009-01-address-reference",
      "geometry": {
        "type": "Point",
        "coordinates": [
          121.450177,
          31.235097
        ]
      },
      "properties": {
        "officialId": "sh-fgj-4B009-01",
        "wikipediaId": "wiki-heritage-t05-r0049",
        "batch": 4,
        "officialCodeRaw": "4B009",
        "name": "沁园邨",
        "articleTitle": "沁园邨",
        "address": "新闸路1124弄、1106-1134号（双号）",
        "addressComparison": "different-as-listed",
        "coordinateScope": "building-complex-reference-point",
        "coordinateSystem": "WGS84",
        "precisionDegrees": null,
        "origin": "shanghai-library",
        "sourceUrl": "https://data.library.sh.cn/entity/architecture/0uypjphr41apoijh",
        "coordinateSourceTitle": "上海图书馆历史建筑开放数据",
        "sourceAddress": "新闸路1124弄",
        "locationNote": "此为门址所在里弄、院落或建筑群参考点，未逐栋核定位置。 来源门址与官方写法有差异，原始门牌和对照理由均保留。",
        "wikipediaUrl": "https://zh.wikipedia.org/wiki/%E6%B2%81%E5%9B%AD%E6%9D%91",
        "wikidataId": null,
        "historicalGeometryVerified": false
      }
    },
    {
      "type": "Feature",
      "id": "sh-fgj-4B010-01-address-reference",
      "geometry": {
        "type": "Point",
        "coordinates": [
          121.44671,
          31.233639
        ]
      },
      "properties": {
        "officialId": "sh-fgj-4B010-01",
        "wikipediaId": "wiki-heritage-t05-r0050",
        "batch": 4,
        "officialCodeRaw": "4B010",
        "name": "刘氏花园住宅，小校经阁(八角楼)",
        "articleTitle": "刘氏花园住宅，小校经阁(八角楼)",
        "address": "新闸路1321号",
        "addressComparison": "exact",
        "coordinateScope": "address-reference-point",
        "coordinateSystem": "WGS84",
        "precisionDegrees": null,
        "origin": "shanghai-library",
        "sourceUrl": "https://data.library.sh.cn/entity/architecture/bors3k7rg82tnyog",
        "coordinateSourceTitle": "上海图书馆历史建筑开放数据",
        "sourceAddress": "新闸路1321号",
        "locationNote": "此为来源目录门牌参考点，未独立测绘或核定建筑轮廓。",
        "wikipediaUrl": "https://zh.wikipedia.org/zh-hans/上海市优秀历史建筑",
        "wikidataId": null,
        "historicalGeometryVerified": false
      }
    },
    {
      "type": "Feature",
      "id": "sh-fgj-4B011-01-address-reference",
      "geometry": {
        "type": "Point",
        "coordinates": [
          121.449873,
          31.237048
        ]
      },
      "properties": {
        "officialId": "sh-fgj-4B011-01",
        "wikipediaId": "wiki-heritage-t05-r0051",
        "batch": 4,
        "officialCodeRaw": "4B011",
        "name": "宜德堂",
        "articleTitle": "宜德堂",
        "address": "昌化路136号",
        "addressComparison": "exact",
        "coordinateScope": "address-reference-point",
        "coordinateSystem": "WGS84",
        "precisionDegrees": null,
        "origin": "shanghai-library",
        "sourceUrl": "https://data.library.sh.cn/entity/architecture/l7hchq2sa7dhsfnv",
        "coordinateSourceTitle": "上海图书馆历史建筑开放数据",
        "sourceAddress": "昌化路136号",
        "locationNote": "此为来源目录门牌参考点，未独立测绘或核定建筑轮廓。",
        "wikipediaUrl": "https://zh.wikipedia.org/zh-hans/上海市优秀历史建筑",
        "wikidataId": null,
        "historicalGeometryVerified": false
      }
    },
    {
      "type": "Feature",
      "id": "sh-fgj-4B012-01-address-reference",
      "geometry": {
        "type": "Point",
        "coordinates": [
          121.450612,
          31.23895
        ]
      },
      "properties": {
        "officialId": "sh-fgj-4B012-01",
        "wikipediaId": "wiki-heritage-t05-r0052",
        "batch": 4,
        "officialCodeRaw": "4B012",
        "name": "花园住宅",
        "articleTitle": "康定路2号 康定花园/上海申康投资公司",
        "address": "康定路2号",
        "addressComparison": "exact",
        "coordinateScope": "building-complex-reference-point",
        "coordinateSystem": "WGS84",
        "precisionDegrees": null,
        "origin": "shanghai-library",
        "sourceUrl": "https://data.library.sh.cn/entity/architecture/i72fjdo4nbiwjt43",
        "coordinateSourceTitle": "上海图书馆历史建筑开放数据",
        "sourceAddress": "康定路2号",
        "locationNote": "此为门址所在里弄、院落或建筑群参考点，未逐栋核定位置。",
        "wikipediaUrl": "https://zh.wikipedia.org/zh-hans/上海市优秀历史建筑",
        "wikidataId": null,
        "historicalGeometryVerified": false
      }
    },
    {
      "type": "Feature",
      "id": "sh-fgj-4B013-01-address-reference",
      "geometry": {
        "type": "Point",
        "coordinates": [
          121.44642,
          31.23765
        ]
      },
      "properties": {
        "officialId": "sh-fgj-4B013-01",
        "wikipediaId": "wiki-heritage-t05-r0053",
        "batch": 4,
        "officialCodeRaw": "4B013",
        "name": "戈登路巡捕房",
        "articleTitle": "戈登路巡捕房",
        "address": "江宁路511号",
        "addressComparison": "exact",
        "coordinateScope": "building-complex-reference-point",
        "coordinateSystem": "WGS84",
        "precisionDegrees": null,
        "origin": "shanghai-library",
        "sourceUrl": "https://data.library.sh.cn/entity/architecture/xuez5ioo4bbqalhs",
        "coordinateSourceTitle": "上海图书馆历史建筑开放数据",
        "sourceAddress": "江宁路511号",
        "locationNote": "此为门址所在里弄、院落或建筑群参考点，未逐栋核定位置。",
        "wikipediaUrl": "https://zh.wikipedia.org/wiki/%E4%B8%8A%E6%B5%B7%E5%85%AC%E5%85%B1%E7%A7%9F%E7%95%8C%E6%88%88%E7%99%BB%E8%B7%AF%E6%8D%95%E6%88%BF",
        "wikidataId": null,
        "historicalGeometryVerified": false
      }
    },
    {
      "type": "Feature",
      "id": "sh-fgj-4B014-01-address-reference",
      "geometry": {
        "type": "Point",
        "coordinates": [
          121.444566,
          31.237054
        ]
      },
      "properties": {
        "officialId": "sh-fgj-4B014-01",
        "wikipediaId": "wiki-heritage-t05-r0054",
        "batch": 4,
        "officialCodeRaw": "4B014",
        "name": "花园住宅",
        "articleTitle": "陕西北路805号 市眼科医院",
        "address": "陕西北路805号",
        "addressComparison": "exact",
        "coordinateScope": "address-reference-point",
        "coordinateSystem": "WGS84",
        "precisionDegrees": null,
        "origin": "shanghai-library",
        "sourceUrl": "https://data.library.sh.cn/entity/architecture/xc2jvcaejy7ss5zz",
        "coordinateSourceTitle": "上海图书馆历史建筑开放数据",
        "sourceAddress": "陕西北路805号",
        "locationNote": "此为来源目录门牌参考点，未独立测绘或核定建筑轮廓。",
        "wikipediaUrl": "https://zh.wikipedia.org/zh-hans/上海市优秀历史建筑",
        "wikidataId": null,
        "historicalGeometryVerified": false
      }
    },
    {
      "type": "Feature",
      "id": "sh-fgj-4B015-01-address-reference",
      "geometry": {
        "type": "Point",
        "coordinates": [
          121.438767,
          31.233466
        ]
      },
      "properties": {
        "officialId": "sh-fgj-4B015-01",
        "wikipediaId": "wiki-heritage-t05-r0055",
        "batch": 4,
        "officialCodeRaw": "4B015",
        "name": "住宅",
        "articleTitle": "康定路759弄 静安区政协",
        "address": "康定路759弄",
        "addressComparison": "exact",
        "coordinateScope": "building-complex-reference-point",
        "coordinateSystem": "WGS84",
        "precisionDegrees": null,
        "origin": "shanghai-library",
        "sourceUrl": "https://data.library.sh.cn/entity/architecture/mn7zqfen4zfgsgyf",
        "coordinateSourceTitle": "上海图书馆历史建筑开放数据",
        "sourceAddress": "康定路759弄",
        "locationNote": "此为门址所在里弄、院落或建筑群参考点，未逐栋核定位置。",
        "wikipediaUrl": "https://zh.wikipedia.org/zh-hans/上海市优秀历史建筑",
        "wikidataId": null,
        "historicalGeometryVerified": false
      }
    },
    {
      "type": "Feature",
      "id": "sh-fgj-4B016-01-address-reference",
      "geometry": {
        "type": "Point",
        "coordinates": [
          121.437706,
          31.233722
        ]
      },
      "properties": {
        "officialId": "sh-fgj-4B016-01",
        "wikipediaId": "wiki-heritage-t05-r0056",
        "batch": 4,
        "officialCodeRaw": "4B016",
        "name": "司米托莫银行",
        "articleTitle": "司米托莫银行",
        "address": "胶州路510号",
        "addressComparison": "exact",
        "coordinateScope": "address-reference-point",
        "coordinateSystem": "WGS84",
        "precisionDegrees": null,
        "origin": "shanghai-library",
        "sourceUrl": "https://data.library.sh.cn/entity/architecture/2okut4dcbhe62ckp",
        "coordinateSourceTitle": "上海图书馆历史建筑开放数据",
        "sourceAddress": "胶州路510号，康定路770号",
        "locationNote": "此为来源目录门牌参考点，未独立测绘或核定建筑轮廓。 来源门址与官方写法有差异，原始门牌和对照理由均保留。",
        "wikipediaUrl": "https://zh.wikipedia.org/zh-hans/上海市优秀历史建筑",
        "wikidataId": null,
        "historicalGeometryVerified": false
      }
    },
    {
      "type": "Feature",
      "id": "sh-fgj-4B017-01-address-reference",
      "geometry": {
        "type": "Point",
        "coordinates": [
          121.437135,
          31.234416
        ]
      },
      "properties": {
        "officialId": "sh-fgj-4B017-01",
        "wikipediaId": "wiki-heritage-t05-r0057",
        "batch": 4,
        "officialCodeRaw": "4B017",
        "name": "龚氏花园住宅",
        "articleTitle": "龚氏花园住宅",
        "address": "胶州路522号",
        "addressComparison": "exact",
        "coordinateScope": "address-reference-point",
        "coordinateSystem": "WGS84",
        "precisionDegrees": null,
        "origin": "shanghai-library",
        "sourceUrl": "https://data.library.sh.cn/entity/architecture/1eymziviz0lge7zw",
        "coordinateSourceTitle": "上海图书馆历史建筑开放数据",
        "sourceAddress": "胶州路522号",
        "locationNote": "此为来源目录门牌参考点，未独立测绘或核定建筑轮廓。",
        "wikipediaUrl": "https://zh.wikipedia.org/zh-hans/上海市优秀历史建筑",
        "wikidataId": null,
        "historicalGeometryVerified": false
      }
    },
    {
      "type": "Feature",
      "id": "sh-fgj-4B018-01-address-reference",
      "geometry": {
        "type": "Point",
        "coordinates": [
          121.436463,
          31.234794
        ]
      },
      "properties": {
        "officialId": "sh-fgj-4B018-01",
        "wikipediaId": "wiki-heritage-t05-r0058",
        "batch": 4,
        "officialCodeRaw": "4B018",
        "name": "上海市政委员会电力部住宅",
        "articleTitle": "上海市政委员会电力部住宅",
        "address": "胶州路561号",
        "addressComparison": "exact",
        "coordinateScope": "address-reference-point",
        "coordinateSystem": "WGS84",
        "precisionDegrees": null,
        "origin": "shanghai-library",
        "sourceUrl": "https://data.library.sh.cn/entity/architecture/tjq23w02gr52hsk1",
        "coordinateSourceTitle": "上海图书馆历史建筑开放数据",
        "sourceAddress": "胶州路561号",
        "locationNote": "此为来源目录门牌参考点，未独立测绘或核定建筑轮廓。",
        "wikipediaUrl": "https://zh.wikipedia.org/zh-hans/上海市优秀历史建筑",
        "wikidataId": null,
        "historicalGeometryVerified": false
      }
    },
    {
      "type": "Feature",
      "id": "sh-fgj-4B019-01-address-reference",
      "geometry": {
        "type": "Point",
        "coordinates": [
          121.436134,
          31.235339
        ]
      },
      "properties": {
        "officialId": "sh-fgj-4B019-01",
        "wikipediaId": "wiki-heritage-t05-r0059",
        "batch": 4,
        "officialCodeRaw": "4B019",
        "name": "上海市科学馆",
        "articleTitle": "上海市科学馆",
        "address": "胶州路601号",
        "addressComparison": "exact",
        "coordinateScope": "building-complex-reference-point",
        "coordinateSystem": "WGS84",
        "precisionDegrees": null,
        "origin": "shanghai-library",
        "sourceUrl": "https://data.library.sh.cn/entity/architecture/up1zqtaieyz0vu36",
        "coordinateSourceTitle": "上海图书馆历史建筑开放数据",
        "sourceAddress": "胶州路601号",
        "locationNote": "此为门址所在里弄、院落或建筑群参考点，未逐栋核定位置。",
        "wikipediaUrl": "https://zh.wikipedia.org/zh-hans/上海市优秀历史建筑",
        "wikidataId": null,
        "historicalGeometryVerified": false
      }
    },
    {
      "type": "Feature",
      "id": "sh-fgj-4B020-01-address-reference",
      "geometry": {
        "type": "Point",
        "coordinates": [
          121.444631,
          31.218526
        ]
      },
      "properties": {
        "officialId": "sh-fgj-4B020-01",
        "wikipediaId": "wiki-heritage-t05-r0060",
        "batch": 4,
        "officialCodeRaw": "4B020",
        "name": "刘氏花园住宅",
        "articleTitle": "刘氏花园住宅",
        "address": "长乐路786号、784号",
        "addressComparison": "exact",
        "coordinateScope": "building-complex-reference-point",
        "coordinateSystem": "WGS84",
        "precisionDegrees": null,
        "origin": "shanghai-library",
        "sourceUrl": "https://data.library.sh.cn/entity/architecture/gz7u50ful2bvsnka",
        "coordinateSourceTitle": "上海图书馆历史建筑开放数据",
        "sourceAddress": "长乐路786号、784号",
        "locationNote": "此为门址所在里弄、院落或建筑群参考点，未逐栋核定位置。",
        "wikipediaUrl": "https://zh.wikipedia.org/zh-hans/上海市优秀历史建筑",
        "wikidataId": null,
        "historicalGeometryVerified": false
      }
    },
    {
      "type": "Feature",
      "id": "sh-fgj-4B021-01-address-reference",
      "geometry": {
        "type": "Point",
        "coordinates": [
          121.441745,
          31.218398
        ]
      },
      "properties": {
        "officialId": "sh-fgj-4B021-01",
        "wikipediaId": "wiki-heritage-t05-r0061",
        "batch": 4,
        "officialCodeRaw": "4B021",
        "name": "中央储备银行",
        "articleTitle": "中央储备银行",
        "address": "常熟路100弄10号",
        "addressComparison": "exact",
        "coordinateScope": "building-complex-reference-point",
        "coordinateSystem": "WGS84",
        "precisionDegrees": null,
        "origin": "shanghai-library",
        "sourceUrl": "https://data.library.sh.cn/entity/architecture/n34n4j8ctndbssph",
        "coordinateSourceTitle": "上海图书馆历史建筑开放数据",
        "sourceAddress": "常熟路100弄10号",
        "locationNote": "此为门址所在里弄、院落或建筑群参考点，未逐栋核定位置。",
        "wikipediaUrl": "https://zh.wikipedia.org/wiki/%E4%B8%AD%E5%A4%AE%E5%84%B2%E5%82%99%E9%8A%80%E8%A1%8C%E8%88%8A%E5%9D%80",
        "wikidataId": null,
        "historicalGeometryVerified": false
      }
    },
    {
      "type": "Feature",
      "id": "sh-fgj-4B022-01-address-reference",
      "geometry": {
        "type": "Point",
        "coordinates": [
          121.436059,
          31.226675
        ]
      },
      "properties": {
        "officialId": "sh-fgj-4B022-01",
        "wikipediaId": "wiki-heritage-t05-r0062",
        "batch": 4,
        "officialCodeRaw": "4B022",
        "name": "新恩堂/上海公共礼拜堂/基督教新教堂",
        "articleTitle": "新恩堂/上海公共礼拜堂/基督教新教堂",
        "address": "乌鲁木齐北路25号",
        "addressComparison": "exact",
        "coordinateScope": "address-reference-point",
        "coordinateSystem": "WGS84",
        "precisionDegrees": null,
        "origin": "shanghai-library",
        "sourceUrl": "https://data.library.sh.cn/entity/architecture/xvapc3d4rawb4pvc",
        "coordinateSourceTitle": "上海图书馆历史建筑开放数据",
        "sourceAddress": "乌鲁木齐北路25号",
        "locationNote": "此为来源目录门牌参考点，未独立测绘或核定建筑轮廓。",
        "wikipediaUrl": "https://zh.wikipedia.org/wiki/%E6%96%B0%E6%81%A9%E5%A0%82",
        "wikidataId": null,
        "historicalGeometryVerified": false
      }
    },
    {
      "type": "Feature",
      "id": "sh-fgj-4B023-01-address-reference",
      "geometry": {
        "type": "Point",
        "coordinates": [
          121.435789,
          31.218591
        ]
      },
      "properties": {
        "officialId": "sh-fgj-4B023-01",
        "wikipediaId": "wiki-heritage-t05-r0063",
        "batch": 4,
        "officialCodeRaw": "4B023",
        "name": "熊佛西楼",
        "articleTitle": "熊佛西楼",
        "address": "华山路630号",
        "addressComparison": "exact",
        "coordinateScope": "building-complex-reference-point",
        "coordinateSystem": "WGS84",
        "precisionDegrees": null,
        "origin": "shanghai-library",
        "sourceUrl": "https://data.library.sh.cn/entity/architecture/wgolajkwz2jxdrmb",
        "coordinateSourceTitle": "上海图书馆历史建筑开放数据",
        "sourceAddress": "华山路630号",
        "locationNote": "此为门址所在里弄、院落或建筑群参考点，未逐栋核定位置。 同址有多个保护项，分别保留记录；共用门址点不能区分各楼栋。",
        "wikipediaUrl": "https://zh.wikipedia.org/zh-hans/上海市优秀历史建筑",
        "wikidataId": null,
        "historicalGeometryVerified": false
      }
    },
    {
      "type": "Feature",
      "id": "sh-fgj-4B024-01-address-reference",
      "geometry": {
        "type": "Point",
        "coordinates": [
          121.425657,
          31.226139
        ]
      },
      "properties": {
        "officialId": "sh-fgj-4B024-01",
        "wikipediaId": "wiki-heritage-t05-r0064",
        "batch": 4,
        "officialCodeRaw": "4B024",
        "name": "潘氏花园住宅",
        "articleTitle": "潘氏花园住宅",
        "address": "武定西路1498弄",
        "addressComparison": "exact",
        "coordinateScope": "building-complex-reference-point",
        "coordinateSystem": "WGS84",
        "precisionDegrees": null,
        "origin": "shanghai-library",
        "sourceUrl": "https://data.library.sh.cn/entity/architecture/6y1yw5kvnf820v78",
        "coordinateSourceTitle": "上海图书馆历史建筑开放数据",
        "sourceAddress": "武定西路1498弄",
        "locationNote": "此为门址所在里弄、院落或建筑群参考点，未逐栋核定位置。",
        "wikipediaUrl": "https://zh.wikipedia.org/zh-hans/上海市优秀历史建筑",
        "wikidataId": null,
        "historicalGeometryVerified": false
      }
    },
    {
      "type": "Feature",
      "id": "sh-fgj-4H001-01-address-reference",
      "geometry": {
        "type": "Point",
        "coordinates": [
          121.475383,
          31.243057
        ]
      },
      "properties": {
        "officialId": "sh-fgj-4H001-01",
        "wikipediaId": "wiki-heritage-t05-r0281",
        "batch": 4,
        "officialCodeRaw": "4H001",
        "name": "华联新泰仓库",
        "articleTitle": "华联新泰仓库",
        "address": "新泰路57号",
        "addressComparison": "exact",
        "coordinateScope": "address-reference-point",
        "coordinateSystem": "WGS84",
        "precisionDegrees": null,
        "origin": "shanghai-library",
        "sourceUrl": "https://data.library.sh.cn/entity/architecture/2m6erbo0ur0hvtai",
        "coordinateSourceTitle": "上海图书馆历史建筑开放数据",
        "sourceAddress": "新泰路57号",
        "locationNote": "此为来源目录门牌参考点，未独立测绘或核定建筑轮廓。",
        "wikipediaUrl": "https://zh.wikipedia.org/zh-hans/上海市优秀历史建筑",
        "wikidataId": null,
        "historicalGeometryVerified": false
      }
    },
    {
      "type": "Feature",
      "id": "sh-fgj-4H002-01-address-reference",
      "geometry": {
        "type": "Point",
        "coordinates": [
          121.468568,
          31.24328
        ]
      },
      "properties": {
        "officialId": "sh-fgj-4H002-01",
        "wikipediaId": "wiki-heritage-t05-r0282",
        "batch": 4,
        "officialCodeRaw": "4H002",
        "name": "中国实业银行",
        "articleTitle": "中国实业银行",
        "address": "北苏州路1028号",
        "addressComparison": "exact",
        "coordinateScope": "address-reference-point",
        "coordinateSystem": "WGS84",
        "precisionDegrees": null,
        "origin": "shanghai-library",
        "sourceUrl": "https://data.library.sh.cn/entity/architecture/ydoqb8y1bldpy028",
        "coordinateSourceTitle": "上海图书馆历史建筑开放数据",
        "sourceAddress": "北苏州路1028号",
        "locationNote": "此为来源目录门牌参考点，未独立测绘或核定建筑轮廓。",
        "wikipediaUrl": "https://zh.wikipedia.org/zh-hans/上海市优秀历史建筑",
        "wikidataId": null,
        "historicalGeometryVerified": false
      }
    },
    {
      "type": "Feature",
      "id": "sh-fgj-4H003-01-address-reference",
      "geometry": {
        "type": "Point",
        "coordinates": [
          121.468299,
          31.243071
        ]
      },
      "properties": {
        "officialId": "sh-fgj-4H003-01",
        "wikipediaId": "wiki-heritage-t05-r0283",
        "batch": 4,
        "officialCodeRaw": "4H003",
        "name": "中国银行仓库",
        "articleTitle": "中国银行仓库",
        "address": "北苏州路1040号",
        "addressComparison": "exact",
        "coordinateScope": "address-reference-point",
        "coordinateSystem": "WGS84",
        "precisionDegrees": null,
        "origin": "shanghai-library",
        "sourceUrl": "https://data.library.sh.cn/entity/architecture/143jhaoh1hmg4u1i",
        "coordinateSourceTitle": "上海图书馆历史建筑开放数据",
        "sourceAddress": "北苏州路1040号",
        "locationNote": "此为来源目录门牌参考点，未独立测绘或核定建筑轮廓。",
        "wikipediaUrl": "https://zh.wikipedia.org/zh-hans/上海市优秀历史建筑",
        "wikidataId": null,
        "historicalGeometryVerified": false
      }
    },
    {
      "type": "Feature",
      "id": "sh-fgj-4H004-01-address-reference",
      "geometry": {
        "type": "Point",
        "coordinates": [
          121.471155,
          31.246749
        ]
      },
      "properties": {
        "officialId": "sh-fgj-4H004-01",
        "wikipediaId": "wiki-heritage-t05-r0284",
        "batch": 4,
        "officialCodeRaw": "4H004",
        "name": "会审公堂，上海第一特区地方法院/江苏高等法院第二分院",
        "articleTitle": "会审公堂，上海第一特区地方法院/江苏高等法院第二分院",
        "address": "浙江北路191号",
        "addressComparison": "exact",
        "coordinateScope": "building-complex-reference-point",
        "coordinateSystem": "WGS84",
        "precisionDegrees": null,
        "origin": "shanghai-library",
        "sourceUrl": "https://data.library.sh.cn/entity/architecture/k3gzb4jtlotf5yob",
        "coordinateSourceTitle": "上海图书馆历史建筑开放数据",
        "sourceAddress": "浙江北路191号",
        "locationNote": "此为门址所在里弄、院落或建筑群参考点，未逐栋核定位置。",
        "wikipediaUrl": "https://zh.wikipedia.org/wiki/%E4%BC%9A%E5%AE%A1%E5%85%AC%E5%BB%A8",
        "wikidataId": null,
        "historicalGeometryVerified": false
      }
    },
    {
      "type": "Feature",
      "id": "sh-fgj-4H006-01-address-reference",
      "geometry": {
        "type": "Point",
        "coordinates": [
          121.476374,
          31.252351
        ]
      },
      "properties": {
        "officialId": "sh-fgj-4H006-01",
        "wikipediaId": "wiki-heritage-t05-r0287",
        "batch": 4,
        "officialCodeRaw": "4H006",
        "name": "住宅",
        "articleTitle": "武进路580弄 里弄",
        "address": "武进路580弄",
        "addressComparison": "exact",
        "coordinateScope": "building-complex-reference-point",
        "coordinateSystem": "WGS84",
        "precisionDegrees": null,
        "origin": "shanghai-library",
        "sourceUrl": "https://data.library.sh.cn/entity/architecture/lsx7qvglt1utwnsd",
        "coordinateSourceTitle": "上海图书馆历史建筑开放数据",
        "sourceAddress": "武进路580弄",
        "locationNote": "此为门址所在里弄、院落或建筑群参考点，未逐栋核定位置。",
        "wikipediaUrl": "https://zh.wikipedia.org/zh-hans/上海市优秀历史建筑",
        "wikidataId": null,
        "historicalGeometryVerified": false
      }
    },
    {
      "type": "Feature",
      "id": "sh-fgj-4H007-01-address-reference",
      "geometry": {
        "type": "Point",
        "coordinates": [
          121.459935,
          31.243815
        ]
      },
      "properties": {
        "officialId": "sh-fgj-4H007-01",
        "wikipediaId": "wiki-heritage-t05-r0289",
        "batch": 4,
        "officialCodeRaw": "4H007",
        "name": "福新面粉一厂厂房及仓库",
        "articleTitle": "福新面粉一厂厂房及仓库",
        "address": "光复路423-433号，长安路101号",
        "addressComparison": "exact",
        "coordinateScope": "building-complex-reference-point",
        "coordinateSystem": "WGS84",
        "precisionDegrees": null,
        "origin": "shanghai-library",
        "sourceUrl": "https://data.library.sh.cn/entity/architecture/1naxmwq2jetehxoj",
        "coordinateSourceTitle": "上海图书馆历史建筑开放数据",
        "sourceAddress": "光复路423-433号，长安路101号",
        "locationNote": "此为门址所在里弄、院落或建筑群参考点，未逐栋核定位置。",
        "wikipediaUrl": "https://zh.wikipedia.org/zh-hans/上海市优秀历史建筑",
        "wikidataId": null,
        "historicalGeometryVerified": false
      }
    },
    {
      "type": "Feature",
      "id": "sh-fgj-4D001-01-address-reference",
      "geometry": {
        "type": "Point",
        "coordinates": [
          121.44878,
          31.218517
        ]
      },
      "properties": {
        "officialId": "sh-fgj-4D001-01",
        "wikipediaId": "wiki-heritage-t05-r0089",
        "batch": 4,
        "officialCodeRaw": "4D001",
        "name": "杜氏公馆",
        "articleTitle": "杜氏公馆",
        "address": "东湖路70号",
        "addressComparison": "exact",
        "coordinateScope": "address-reference-point",
        "coordinateSystem": "WGS84",
        "precisionDegrees": null,
        "origin": "shanghai-library",
        "sourceUrl": "https://data.library.sh.cn/entity/architecture/88jxphcjfz23q7ng",
        "coordinateSourceTitle": "上海图书馆历史建筑开放数据",
        "sourceAddress": "东湖路70号",
        "locationNote": "此为来源目录门牌参考点，未独立测绘或核定建筑轮廓。",
        "wikipediaUrl": "https://zh.wikipedia.org/zh-hans/上海市优秀历史建筑",
        "wikidataId": null,
        "historicalGeometryVerified": false
      }
    },
    {
      "type": "Feature",
      "id": "sh-fgj-4D002-01-address-reference",
      "geometry": {
        "type": "Point",
        "coordinates": [
          121.448704,
          31.218371
        ]
      },
      "properties": {
        "officialId": "sh-fgj-4D002-01",
        "wikipediaId": "wiki-heritage-t05-r0090",
        "batch": 4,
        "officialCodeRaw": "4D002",
        "name": "花园住宅",
        "articleTitle": "东湖路17号 青年报社",
        "address": "东湖路17号",
        "addressComparison": "exact",
        "coordinateScope": "address-reference-point",
        "coordinateSystem": "WGS84",
        "precisionDegrees": null,
        "origin": "shanghai-library",
        "sourceUrl": "https://data.library.sh.cn/entity/architecture/8duh4bqax3txvpzv",
        "coordinateSourceTitle": "上海图书馆历史建筑开放数据",
        "sourceAddress": "东湖路17号",
        "locationNote": "此为来源目录门牌参考点，未独立测绘或核定建筑轮廓。",
        "wikipediaUrl": "https://zh.wikipedia.org/zh-hans/上海市优秀历史建筑",
        "wikidataId": null,
        "historicalGeometryVerified": false
      }
    },
    {
      "type": "Feature",
      "id": "sh-fgj-4D003-01-address-reference",
      "geometry": {
        "type": "Point",
        "coordinates": [
          121.446365,
          31.218307
        ]
      },
      "properties": {
        "officialId": "sh-fgj-4D003-01",
        "wikipediaId": "wiki-heritage-t05-r0091",
        "batch": 4,
        "officialCodeRaw": "4D003",
        "name": "沪江别墅",
        "articleTitle": "沪江别墅",
        "address": "长乐路613弄、615-629号（单号）",
        "addressComparison": "different-as-listed",
        "coordinateScope": "building-complex-reference-point",
        "coordinateSystem": "WGS84",
        "precisionDegrees": null,
        "origin": "shanghai-library",
        "sourceUrl": "https://data.library.sh.cn/entity/architecture/wljlcuar37eu6cly",
        "coordinateSourceTitle": "上海图书馆历史建筑开放数据",
        "sourceAddress": "长乐路613弄",
        "locationNote": "此为门址所在里弄、院落或建筑群参考点，未逐栋核定位置。 来源门址与官方写法有差异，原始门牌和对照理由均保留。",
        "wikipediaUrl": "https://zh.wikipedia.org/wiki/%E6%B2%AA%E6%B1%9F%E5%88%AB%E5%A2%85",
        "wikidataId": null,
        "historicalGeometryVerified": false
      }
    },
    {
      "type": "Feature",
      "id": "sh-fgj-4D004-01-address-reference",
      "geometry": {
        "type": "Point",
        "coordinates": [
          121.448426,
          31.215887
        ]
      },
      "properties": {
        "officialId": "sh-fgj-4D004-01",
        "wikipediaId": "wiki-heritage-t05-r0092",
        "batch": 4,
        "officialCodeRaw": "4D004",
        "name": "a花园住宅，b花园住宅，c花园住宅",
        "articleTitle": "a花园住宅，b花园住宅，c花园住宅",
        "address": "淮海中路1189号、1199号、1209号",
        "addressComparison": "different-as-listed",
        "coordinateScope": "building-complex-reference-point",
        "coordinateSystem": "WGS84",
        "precisionDegrees": null,
        "origin": "shanghai-library",
        "sourceUrl": "https://data.library.sh.cn/entity/architecture/uohpzvm0gtgf4ynj",
        "coordinateSourceTitle": "上海图书馆历史建筑开放数据",
        "sourceAddress": "淮海中路1209号",
        "locationNote": "此为门址所在里弄、院落或建筑群参考点，未逐栋核定位置。 来源门址与官方写法有差异，原始门牌和对照理由均保留。 图书馆同址多个实体使用同一点，尚未区分具体楼栋；仅作共用门址参考，不采用其中任一楼名。",
        "wikipediaUrl": "https://zh.wikipedia.org/wiki/%E7%8A%B9%E5%A4%AA%E5%AF%8C%E5%95%86%E5%AE%89%E5%BE%B7%E5%8D%8E%C2%B7%E7%88%B1%E6%BB%8B%E6%8B%89%E8%8A%B1%E5%9B%AD%E4%BD%8F%E5%AE%85",
        "wikidataId": null,
        "historicalGeometryVerified": false
      }
    },
    {
      "type": "Feature",
      "id": "sh-fgj-4D005-01-address-reference",
      "geometry": {
        "type": "Point",
        "coordinates": [
          121.443858,
          31.214664
        ]
      },
      "properties": {
        "officialId": "sh-fgj-4D005-01",
        "wikipediaId": "wiki-heritage-t05-r0095",
        "batch": 4,
        "officialCodeRaw": "4D005",
        "name": "愉园",
        "articleTitle": "愉园",
        "address": "淮海中路1350弄2-16号",
        "addressComparison": "different-as-listed",
        "coordinateScope": "building-complex-reference-point",
        "coordinateSystem": "WGS84",
        "precisionDegrees": null,
        "origin": "shanghai-library",
        "sourceUrl": "https://data.library.sh.cn/entity/architecture/drsvocddb6l41s8u",
        "coordinateSourceTitle": "上海图书馆历史建筑开放数据",
        "sourceAddress": "淮海中路1350弄",
        "locationNote": "此为门址所在里弄、院落或建筑群参考点，未逐栋核定位置。 来源门址与官方写法有差异，原始门牌和对照理由均保留。",
        "wikipediaUrl": "https://zh.wikipedia.org/zh-hans/上海市优秀历史建筑",
        "wikidataId": null,
        "historicalGeometryVerified": false
      }
    },
    {
      "type": "Feature",
      "id": "sh-fgj-4D006-01-address-reference",
      "geometry": {
        "type": "Point",
        "coordinates": [
          121.443514,
          31.212768
        ]
      },
      "properties": {
        "officialId": "sh-fgj-4D006-01",
        "wikipediaId": "wiki-heritage-t05-r0096",
        "batch": 4,
        "officialCodeRaw": "4D006",
        "name": "花园住宅",
        "articleTitle": "淮海中路1414号1号楼 上海市武警总队家属楼",
        "address": "淮海中路1414号1号楼",
        "addressComparison": "exact",
        "coordinateScope": "building-complex-reference-point",
        "coordinateSystem": "WGS84",
        "precisionDegrees": null,
        "origin": "shanghai-library",
        "sourceUrl": "https://data.library.sh.cn/entity/architecture/1g3iec52f3qrjrig",
        "coordinateSourceTitle": "上海图书馆历史建筑开放数据",
        "sourceAddress": "淮海中路1414号1号楼",
        "locationNote": "此为门址所在里弄、院落或建筑群参考点，未逐栋核定位置。",
        "wikipediaUrl": "https://zh.wikipedia.org/zh-hans/上海市优秀历史建筑",
        "wikidataId": null,
        "historicalGeometryVerified": false
      }
    },
    {
      "type": "Feature",
      "id": "sh-fgj-4D007-01-address-reference",
      "geometry": {
        "type": "Point",
        "coordinates": [
          121.431943,
          31.204778
        ]
      },
      "properties": {
        "officialId": "sh-fgj-4D007-01",
        "wikipediaId": "wiki-heritage-t05-r0097",
        "batch": 4,
        "officialCodeRaw": "4D007",
        "name": "花园住宅",
        "articleTitle": "淮海中路1897号 花园住宅",
        "address": "淮海中路1897号",
        "addressComparison": "exact",
        "coordinateScope": "building-complex-reference-point",
        "coordinateSystem": "WGS84",
        "precisionDegrees": null,
        "origin": "shanghai-library",
        "sourceUrl": "https://data.library.sh.cn/entity/architecture/u80rjtz57e4mls4a",
        "coordinateSourceTitle": "上海图书馆历史建筑开放数据",
        "sourceAddress": "淮海中路1897号",
        "locationNote": "此为门址所在里弄、院落或建筑群参考点，未逐栋核定位置。",
        "wikipediaUrl": "https://zh.wikipedia.org/zh-hans/上海市优秀历史建筑",
        "wikidataId": null,
        "historicalGeometryVerified": false
      }
    },
    {
      "type": "Feature",
      "id": "sh-fgj-4D010-01-address-reference",
      "geometry": {
        "type": "Point",
        "coordinates": [
          121.447241,
          31.211344
        ]
      },
      "properties": {
        "officialId": "sh-fgj-4D010-01",
        "wikipediaId": "wiki-heritage-t05-r0102",
        "batch": 4,
        "officialCodeRaw": "4D010",
        "name": "并立花园住宅",
        "articleTitle": "并立花园住宅",
        "address": "汾阳路152-154号、156-158号",
        "addressComparison": "exact",
        "coordinateScope": "building-complex-reference-point",
        "coordinateSystem": "WGS84",
        "precisionDegrees": null,
        "origin": "shanghai-library",
        "sourceUrl": "https://data.library.sh.cn/entity/architecture/wmgb3is0o3wo0igi",
        "coordinateSourceTitle": "上海图书馆历史建筑开放数据",
        "sourceAddress": "汾阳路152-154号、156-158号",
        "locationNote": "此为门址所在里弄、院落或建筑群参考点，未逐栋核定位置。",
        "wikipediaUrl": "https://zh.wikipedia.org/zh-hans/上海市优秀历史建筑",
        "wikidataId": null,
        "historicalGeometryVerified": false
      }
    },
    {
      "type": "Feature",
      "id": "sh-fgj-4D011-01-address-reference",
      "geometry": {
        "type": "Point",
        "coordinates": [
          121.448209,
          31.213107
        ]
      },
      "properties": {
        "officialId": "sh-fgj-4D011-01",
        "wikipediaId": "wiki-heritage-t05-r0103",
        "batch": 4,
        "officialCodeRaw": "4D011",
        "name": "伊丽莎白公寓",
        "articleTitle": "伊丽莎白公寓",
        "address": "复兴中路1327号",
        "addressComparison": "exact",
        "coordinateScope": "address-reference-point",
        "coordinateSystem": "WGS84",
        "precisionDegrees": null,
        "origin": "shanghai-library",
        "sourceUrl": "https://data.library.sh.cn/entity/architecture/8mqkj1q70zadl4ul",
        "coordinateSourceTitle": "上海图书馆历史建筑开放数据",
        "sourceAddress": "复兴中路1327号",
        "locationNote": "此为来源目录门牌参考点，未独立测绘或核定建筑轮廓。",
        "wikipediaUrl": "https://zh.wikipedia.org/wiki/%E4%BC%8A%E4%B8%BD%E8%8E%8E%E7%99%BD%E5%85%AC%E5%AF%93",
        "wikidataId": null,
        "historicalGeometryVerified": false
      }
    },
    {
      "type": "Feature",
      "id": "sh-fgj-4D013-01-address-reference",
      "geometry": {
        "type": "Point",
        "coordinates": [
          121.44532,
          31.212072
        ]
      },
      "properties": {
        "officialId": "sh-fgj-4D013-01",
        "wikipediaId": "wiki-heritage-t05-r0105",
        "batch": 4,
        "officialCodeRaw": "4D013",
        "name": "花园住宅，花园住宅",
        "articleTitle": "花园住宅，花园住宅",
        "address": "宝庆路20号",
        "addressComparison": "exact",
        "coordinateScope": "building-complex-reference-point",
        "coordinateSystem": "WGS84",
        "precisionDegrees": null,
        "origin": "shanghai-library",
        "sourceUrl": "https://data.library.sh.cn/entity/architecture/vslkes6ew81j1qqk",
        "coordinateSourceTitle": "上海图书馆历史建筑开放数据",
        "sourceAddress": "宝庆路20号",
        "locationNote": "此为门址所在里弄、院落或建筑群参考点，未逐栋核定位置。 同址有多个保护项，分别保留记录；共用门址点不能区分各楼栋。",
        "wikipediaUrl": "https://zh.wikipedia.org/zh-hans/上海市优秀历史建筑",
        "wikidataId": null,
        "historicalGeometryVerified": false
      }
    },
    {
      "type": "Feature",
      "id": "sh-fgj-4D014-01-address-reference",
      "geometry": {
        "type": "Point",
        "coordinates": [
          121.44969,
          31.210684
        ]
      },
      "properties": {
        "officialId": "sh-fgj-4D014-01",
        "wikipediaId": "wiki-heritage-t05-r0107",
        "batch": 4,
        "officialCodeRaw": "4D014",
        "name": "花园住宅",
        "articleTitle": "太原路50弄1-2号，56弄1-4号，64弄1-4号 并立式住宅",
        "address": "太原路50弄1-2号，56弄1-4号，64弄1-4号",
        "addressComparison": "exact",
        "coordinateScope": "building-complex-reference-point",
        "coordinateSystem": "WGS84",
        "precisionDegrees": null,
        "origin": "shanghai-library",
        "sourceUrl": "https://data.library.sh.cn/entity/architecture/npk3yb14bpmwt187",
        "coordinateSourceTitle": "上海图书馆历史建筑开放数据",
        "sourceAddress": "太原路50弄1-2号，56弄1-4号，64弄1-4号",
        "locationNote": "此为门址所在里弄、院落或建筑群参考点，未逐栋核定位置。",
        "wikipediaUrl": "https://zh.wikipedia.org/zh-hans/上海市优秀历史建筑",
        "wikidataId": null,
        "historicalGeometryVerified": false
      }
    },
    {
      "type": "Feature",
      "id": "sh-fgj-4D015-01-address-reference",
      "geometry": {
        "type": "Point",
        "coordinates": [
          121.446192,
          31.210296
        ]
      },
      "properties": {
        "officialId": "sh-fgj-4D015-01",
        "wikipediaId": "wiki-heritage-t05-r0108",
        "batch": 4,
        "officialCodeRaw": "4D015",
        "name": "花园住宅",
        "articleTitle": "东平路5号 上海音乐学院附小图书馆",
        "address": "东平路5号",
        "addressComparison": "exact",
        "coordinateScope": "address-reference-point",
        "coordinateSystem": "WGS84",
        "precisionDegrees": null,
        "origin": "shanghai-library",
        "sourceUrl": "https://data.library.sh.cn/entity/architecture/cyik3d7fqkofbvwl",
        "coordinateSourceTitle": "上海图书馆历史建筑开放数据",
        "sourceAddress": "东平路5号",
        "locationNote": "此为来源目录门牌参考点，未独立测绘或核定建筑轮廓。",
        "wikipediaUrl": "https://zh.wikipedia.org/zh-hans/上海市优秀历史建筑",
        "wikidataId": null,
        "historicalGeometryVerified": false
      }
    },
    {
      "type": "Feature",
      "id": "sh-fgj-4D016-01-address-reference",
      "geometry": {
        "type": "Point",
        "coordinates": [
          121.444983,
          31.210346
        ]
      },
      "properties": {
        "officialId": "sh-fgj-4D016-01",
        "wikipediaId": "wiki-heritage-t05-r0109",
        "batch": 4,
        "officialCodeRaw": "4D016",
        "name": "宋氏住宅",
        "articleTitle": "宋氏住宅",
        "address": "东平路11号",
        "addressComparison": "exact",
        "coordinateScope": "address-reference-point",
        "coordinateSystem": "WGS84",
        "precisionDegrees": null,
        "origin": "shanghai-library",
        "sourceUrl": "https://data.library.sh.cn/entity/architecture/yydx2saopm3vpmh8",
        "coordinateSourceTitle": "上海图书馆历史建筑开放数据",
        "sourceAddress": "东平路11号",
        "locationNote": "此为来源目录门牌参考点，未独立测绘或核定建筑轮廓。",
        "wikipediaUrl": "https://zh.wikipedia.org/wiki/%E6%9D%B1%E5%B9%B3%E8%B7%AF11%E8%99%9F%E4%BD%8F%E5%AE%85",
        "wikidataId": null,
        "historicalGeometryVerified": false
      }
    },
    {
      "type": "Feature",
      "id": "sh-fgj-4D017-01-address-reference",
      "geometry": {
        "type": "Point",
        "coordinates": [
          121.438825,
          31.215721
        ]
      },
      "properties": {
        "officialId": "sh-fgj-4D017-01",
        "wikipediaId": "wiki-heritage-t05-r0110",
        "batch": 4,
        "officialCodeRaw": "4D017",
        "name": "吴氏花园住宅",
        "articleTitle": "吴氏花园住宅",
        "address": "安福路201号",
        "addressComparison": "exact",
        "coordinateScope": "address-reference-point",
        "coordinateSystem": "WGS84",
        "precisionDegrees": null,
        "origin": "shanghai-library",
        "sourceUrl": "https://data.library.sh.cn/entity/architecture/z4eblzxeo7q7bqoo",
        "coordinateSourceTitle": "上海图书馆历史建筑开放数据",
        "sourceAddress": "安福路201号",
        "locationNote": "此为来源目录门牌参考点，未独立测绘或核定建筑轮廓。",
        "wikipediaUrl": "https://zh.wikipedia.org/zh-hans/上海市优秀历史建筑",
        "wikidataId": null,
        "historicalGeometryVerified": false
      }
    },
    {
      "type": "Feature",
      "id": "sh-fgj-4D018-01-address-reference",
      "geometry": {
        "type": "Point",
        "coordinates": [
          121.438024,
          31.215484
        ]
      },
      "properties": {
        "officialId": "sh-fgj-4D018-01",
        "wikipediaId": "wiki-heritage-t05-r0111",
        "batch": 4,
        "officialCodeRaw": "4D018",
        "name": "巨泼来斯公寓",
        "articleTitle": "巨泼来斯公寓",
        "address": "安福路233号",
        "addressComparison": "exact",
        "coordinateScope": "address-reference-point",
        "coordinateSystem": "WGS84",
        "precisionDegrees": null,
        "origin": "shanghai-library",
        "sourceUrl": "https://data.library.sh.cn/entity/architecture/zrz1haeo1oar2y5e",
        "coordinateSourceTitle": "上海图书馆历史建筑开放数据",
        "sourceAddress": "安福路233号",
        "locationNote": "此为来源目录门牌参考点，未独立测绘或核定建筑轮廓。",
        "wikipediaUrl": "https://zh.wikipedia.org/wiki/%E5%AE%89%E7%A6%8F%E8%B7%AF322%E8%99%9F",
        "wikidataId": null,
        "historicalGeometryVerified": false
      }
    },
    {
      "type": "Feature",
      "id": "sh-fgj-4D019-01-address-reference",
      "geometry": {
        "type": "Point",
        "coordinates": [
          121.437228,
          31.215513
        ]
      },
      "properties": {
        "officialId": "sh-fgj-4D019-01",
        "wikipediaId": "wiki-heritage-t05-r0112",
        "batch": 4,
        "officialCodeRaw": "4D019",
        "name": "花园住宅",
        "articleTitle": "安福路284号 鼎红餐厅/上海人民艺术剧院",
        "address": "安福路284号",
        "addressComparison": "exact",
        "coordinateScope": "address-reference-point",
        "coordinateSystem": "WGS84",
        "precisionDegrees": null,
        "origin": "shanghai-library",
        "sourceUrl": "https://data.library.sh.cn/entity/architecture/6r5516zaqvy6zggs",
        "coordinateSourceTitle": "上海图书馆历史建筑开放数据",
        "sourceAddress": "安福路284号",
        "locationNote": "此为来源目录门牌参考点，未独立测绘或核定建筑轮廓。",
        "wikipediaUrl": "https://zh.wikipedia.org/wiki/%E5%AE%89%E7%A6%8F%E8%B7%AF284%E8%99%9F",
        "wikidataId": null,
        "historicalGeometryVerified": false
      }
    },
    {
      "type": "Feature",
      "id": "sh-fgj-4D020-01-address-reference",
      "geometry": {
        "type": "Point",
        "coordinates": [
          121.439477,
          31.21388
        ]
      },
      "properties": {
        "officialId": "sh-fgj-4D020-01",
        "wikipediaId": "wiki-heritage-t05-r0113",
        "batch": 4,
        "officialCodeRaw": "4D020",
        "name": "花园住宅",
        "articleTitle": "五原路251号，永福路1号 商务部驻沪办事处",
        "address": "五原路251号，永福路1号",
        "addressComparison": "exact",
        "coordinateScope": "building-complex-reference-point",
        "coordinateSystem": "WGS84",
        "precisionDegrees": null,
        "origin": "shanghai-library",
        "sourceUrl": "https://data.library.sh.cn/entity/architecture/ohc5wqi5lrvxznga",
        "coordinateSourceTitle": "上海图书馆历史建筑开放数据",
        "sourceAddress": "五原路251号，永福路1号",
        "locationNote": "此为门址所在里弄、院落或建筑群参考点，未逐栋核定位置。",
        "wikipediaUrl": "https://zh.wikipedia.org/zh-hans/上海市优秀历史建筑",
        "wikidataId": null,
        "historicalGeometryVerified": false
      }
    },
    {
      "type": "Feature",
      "id": "sh-fgj-4D021-01-address-reference",
      "geometry": {
        "type": "Point",
        "coordinates": [
          121.438226,
          31.21396
        ]
      },
      "properties": {
        "officialId": "sh-fgj-4D021-01",
        "wikipediaId": "wiki-heritage-t05-r0114",
        "batch": 4,
        "officialCodeRaw": "4D021",
        "name": "花园住宅",
        "articleTitle": "五原路314号 中国福利会/宋庆龄基金会",
        "address": "五原路314号",
        "addressComparison": "exact",
        "coordinateScope": "address-reference-point",
        "coordinateSystem": "WGS84",
        "precisionDegrees": null,
        "origin": "shanghai-library",
        "sourceUrl": "https://data.library.sh.cn/entity/architecture/z85lpp6gd222bx2n",
        "coordinateSourceTitle": "上海图书馆历史建筑开放数据",
        "sourceAddress": "五原路314号",
        "locationNote": "此为来源目录门牌参考点，未独立测绘或核定建筑轮廓。",
        "wikipediaUrl": "https://zh.wikipedia.org/wiki/%E4%BA%94%E5%8E%9F%E8%B7%AF314%E8%99%9F",
        "wikidataId": null,
        "historicalGeometryVerified": false
      }
    },
    {
      "type": "Feature",
      "id": "sh-fgj-4D022-01-address-reference",
      "geometry": {
        "type": "Point",
        "coordinates": [
          121.434909,
          31.215401
        ]
      },
      "properties": {
        "officialId": "sh-fgj-4D022-01",
        "wikipediaId": "wiki-heritage-t05-r0115",
        "batch": 4,
        "officialCodeRaw": "4D022",
        "name": "花园住宅",
        "articleTitle": "华山路831号 花园住宅",
        "address": "华山路831号",
        "addressComparison": "exact",
        "coordinateScope": "building-complex-reference-point",
        "coordinateSystem": "WGS84",
        "precisionDegrees": null,
        "origin": "shanghai-library",
        "sourceUrl": "https://data.library.sh.cn/entity/architecture/f6i7qwr2aulcxjdx",
        "coordinateSourceTitle": "上海图书馆历史建筑开放数据",
        "sourceAddress": "华山路831号",
        "locationNote": "此为门址所在里弄、院落或建筑群参考点，未逐栋核定位置。",
        "wikipediaUrl": "https://zh.wikipedia.org/zh-hans/上海市优秀历史建筑",
        "wikidataId": null,
        "historicalGeometryVerified": false
      }
    },
    {
      "type": "Feature",
      "id": "sh-fgj-4D025-01-address-reference",
      "geometry": {
        "type": "Point",
        "coordinates": [
          121.434839,
          31.214869
        ]
      },
      "properties": {
        "officialId": "sh-fgj-4D025-01",
        "wikipediaId": "wiki-heritage-t05-r0119",
        "batch": 4,
        "officialCodeRaw": "4D025",
        "name": "花园住宅",
        "articleTitle": "武康路2号 上海科技文献出版社",
        "address": "武康路2号",
        "addressComparison": "exact",
        "coordinateScope": "address-reference-point",
        "coordinateSystem": "WGS84",
        "precisionDegrees": null,
        "origin": "shanghai-library",
        "sourceUrl": "https://data.library.sh.cn/entity/architecture/snmsq71pb5f5gu66",
        "coordinateSourceTitle": "上海图书馆历史建筑开放数据",
        "sourceAddress": "武康路2号",
        "locationNote": "此为来源目录门牌参考点，未独立测绘或核定建筑轮廓。",
        "wikipediaUrl": "https://zh.wikipedia.org/zh-hans/上海市优秀历史建筑",
        "wikidataId": null,
        "historicalGeometryVerified": false
      }
    },
    {
      "type": "Feature",
      "id": "sh-fgj-4D026-01-address-reference",
      "geometry": {
        "type": "Point",
        "coordinates": [
          121.442434,
          31.207622
        ]
      },
      "properties": {
        "officialId": "sh-fgj-4D026-01",
        "wikipediaId": "wiki-heritage-t05-r0120",
        "batch": 4,
        "officialCodeRaw": "4D026",
        "name": "美童公学宿舍楼及水塔",
        "articleTitle": "美童公学宿舍楼及水塔",
        "address": "衡山路10号",
        "addressComparison": "exact",
        "coordinateScope": "building-complex-reference-point",
        "coordinateSystem": "WGS84",
        "precisionDegrees": null,
        "origin": "shanghai-library",
        "sourceUrl": "https://data.library.sh.cn/entity/architecture/x42f2htt2tiqok30",
        "coordinateSourceTitle": "上海图书馆历史建筑开放数据",
        "sourceAddress": "衡山路10号",
        "locationNote": "此为门址所在里弄、院落或建筑群参考点，未逐栋核定位置。 同址有多个保护项，分别保留记录；共用门址点不能区分各楼栋。 图书馆同址多个实体使用同一点，尚未区分具体楼栋；仅作共用门址参考，不采用其中任一楼名。",
        "wikipediaUrl": "https://zh.wikipedia.org/wiki/%E7%BE%8E%E7%AB%A5%E5%85%AC%E5%AD%A6",
        "wikidataId": null,
        "historicalGeometryVerified": false
      }
    },
    {
      "type": "Feature",
      "id": "sh-fgj-4D027-01-address-reference",
      "geometry": {
        "type": "Point",
        "coordinates": [
          121.440507,
          31.204841
        ]
      },
      "properties": {
        "officialId": "sh-fgj-4D027-01",
        "wikipediaId": "wiki-heritage-t05-r0121",
        "batch": 4,
        "officialCodeRaw": "4D027",
        "name": "丽波花园",
        "articleTitle": "丽波花园",
        "address": "衡山路300弄1-8号",
        "addressComparison": "exact",
        "coordinateScope": "building-complex-reference-point",
        "coordinateSystem": "WGS84",
        "precisionDegrees": null,
        "origin": "shanghai-library",
        "sourceUrl": "https://data.library.sh.cn/entity/architecture/4qdh3v8nebcri481",
        "coordinateSourceTitle": "上海图书馆历史建筑开放数据",
        "sourceAddress": "衡山路300弄1-22号",
        "locationNote": "此为门址所在里弄、院落或建筑群参考点，未逐栋核定位置。 来源门址与官方写法有差异，原始门牌和对照理由均保留。",
        "wikipediaUrl": "https://zh.wikipedia.org/wiki/%E4%B8%BD%E6%B3%A2%E8%8A%B1%E5%9B%AD",
        "wikidataId": null,
        "historicalGeometryVerified": false
      }
    },
    {
      "type": "Feature",
      "id": "sh-fgj-4D028-01-address-reference",
      "geometry": {
        "type": "Point",
        "coordinates": [
          121.440332,
          31.204229
        ]
      },
      "properties": {
        "officialId": "sh-fgj-4D028-01",
        "wikipediaId": "wiki-heritage-t05-r0122",
        "batch": 4,
        "officialCodeRaw": "4D028",
        "name": "会斯乐公寓/乔治公寓",
        "articleTitle": "会斯乐公寓/乔治公寓",
        "address": "衡山路311-331号",
        "addressComparison": "exact",
        "coordinateScope": "building-complex-reference-point",
        "coordinateSystem": "WGS84",
        "precisionDegrees": null,
        "origin": "shanghai-library",
        "sourceUrl": "https://data.library.sh.cn/entity/architecture/2tp3c0ieswi51fnc",
        "coordinateSourceTitle": "上海图书馆历史建筑开放数据",
        "sourceAddress": "衡山路311-331号",
        "locationNote": "此为门址所在里弄、院落或建筑群参考点，未逐栋核定位置。",
        "wikipediaUrl": "https://zh.wikipedia.org/wiki/%E9%9B%86%E9%9B%85%E5%85%AC%E5%AF%93",
        "wikidataId": null,
        "historicalGeometryVerified": false
      }
    },
    {
      "type": "Feature",
      "id": "sh-fgj-4D029-01-address-reference",
      "geometry": {
        "type": "Point",
        "coordinates": [
          121.439143,
          31.20255
        ]
      },
      "properties": {
        "officialId": "sh-fgj-4D029-01",
        "wikipediaId": "wiki-heritage-t05-r0123",
        "batch": 4,
        "officialCodeRaw": "4D029",
        "name": "凯文公寓",
        "articleTitle": "凯文公寓",
        "address": "衡山路525号，建国西路750号",
        "addressComparison": "different-as-listed",
        "coordinateScope": "building-complex-reference-point",
        "coordinateSystem": "WGS84",
        "precisionDegrees": null,
        "origin": "shanghai-library",
        "sourceUrl": "https://data.library.sh.cn/entity/architecture/v4jp41ni03olz4qj",
        "coordinateSourceTitle": "上海图书馆历史建筑开放数据",
        "sourceAddress": "衡山路525号",
        "locationNote": "此为门址所在里弄、院落或建筑群参考点，未逐栋核定位置。 来源门址与官方写法有差异，原始门牌和对照理由均保留。",
        "wikipediaUrl": "https://zh.wikipedia.org/wiki/%E5%87%AF%E6%96%87%E5%85%AC%E5%AF%93",
        "wikidataId": null,
        "historicalGeometryVerified": false
      }
    },
    {
      "type": "Feature",
      "id": "sh-fgj-4D030-01-address-reference",
      "geometry": {
        "type": "Point",
        "coordinates": [
          121.437218,
          31.200734
        ]
      },
      "properties": {
        "officialId": "sh-fgj-4D030-01",
        "wikipediaId": "wiki-heritage-t05-r0124",
        "batch": 4,
        "officialCodeRaw": "4D030",
        "name": "贝当公寓",
        "articleTitle": "贝当公寓",
        "address": "衡山路700号",
        "addressComparison": "exact",
        "coordinateScope": "address-reference-point",
        "coordinateSystem": "WGS84",
        "precisionDegrees": null,
        "origin": "shanghai-library",
        "sourceUrl": "https://data.library.sh.cn/entity/architecture/yi55wqa43dngf2p3",
        "coordinateSourceTitle": "上海图书馆历史建筑开放数据",
        "sourceAddress": "衡山路700号",
        "locationNote": "此为来源目录门牌参考点，未独立测绘或核定建筑轮廓。",
        "wikipediaUrl": "https://zh.wikipedia.org/wiki/%E8%A1%A1%E5%B1%B1%E5%85%AC%E5%AF%93",
        "wikidataId": null,
        "historicalGeometryVerified": false
      }
    },
    {
      "type": "Feature",
      "id": "sh-fgj-4D031-01-address-reference",
      "geometry": {
        "type": "Point",
        "coordinates": [
          121.437249,
          31.199803
        ]
      },
      "properties": {
        "officialId": "sh-fgj-4D031-01",
        "wikipediaId": "wiki-heritage-t05-r0125",
        "batch": 4,
        "officialCodeRaw": "4D031",
        "name": "东方百代唱片公司办公楼",
        "articleTitle": "东方百代唱片公司办公楼",
        "address": "衡山路811号",
        "addressComparison": "exact",
        "coordinateScope": "address-reference-point",
        "coordinateSystem": "WGS84",
        "precisionDegrees": null,
        "origin": "shanghai-library",
        "sourceUrl": "https://data.library.sh.cn/entity/architecture/scv8akdubdtl4frs",
        "coordinateSourceTitle": "上海图书馆历史建筑开放数据",
        "sourceAddress": "衡山路811号",
        "locationNote": "此为来源目录门牌参考点，未独立测绘或核定建筑轮廓。",
        "wikipediaUrl": "https://zh.wikipedia.org/wiki/%E7%99%BE%E4%BB%A3%E5%85%AC%E5%8F%B8%E6%97%A7%E5%9D%80",
        "wikidataId": null,
        "historicalGeometryVerified": false
      }
    },
    {
      "type": "Feature",
      "id": "sh-fgj-4D032-01-address-reference",
      "geometry": {
        "type": "Point",
        "coordinates": [
          121.443596,
          31.20663
        ]
      },
      "properties": {
        "officialId": "sh-fgj-4D032-01",
        "wikipediaId": "wiki-heritage-t05-r0126",
        "batch": 4,
        "officialCodeRaw": "4D032",
        "name": "花园住宅",
        "articleTitle": "永嘉路630弄 中科院原子核研究所",
        "address": "永嘉路630号",
        "addressComparison": "different-as-listed",
        "coordinateScope": "building-complex-reference-point",
        "coordinateSystem": "WGS84",
        "precisionDegrees": null,
        "origin": "shanghai-library",
        "sourceUrl": "https://data.library.sh.cn/entity/architecture/fl2lvhhzduaey5g2",
        "coordinateSourceTitle": "上海图书馆历史建筑开放数据",
        "sourceAddress": "永嘉路630弄",
        "locationNote": "此为门址所在里弄、院落或建筑群参考点，未逐栋核定位置。 来源门址与官方写法有差异，原始门牌和对照理由均保留。",
        "wikipediaUrl": "https://zh.wikipedia.org/zh-hans/上海市优秀历史建筑",
        "wikidataId": null,
        "historicalGeometryVerified": false
      }
    },
    {
      "type": "Feature",
      "id": "sh-fgj-4D033-01-address-reference",
      "geometry": {
        "type": "Point",
        "coordinates": [
          121.444547,
          31.205345
        ]
      },
      "properties": {
        "officialId": "sh-fgj-4D033-01",
        "wikipediaId": "wiki-heritage-t05-r0127",
        "batch": 4,
        "officialCodeRaw": "4D033",
        "name": "巨福公寓/安康公寓",
        "articleTitle": "巨福公寓/安康公寓",
        "address": "乌鲁木齐南路176号",
        "addressComparison": "exact",
        "coordinateScope": "address-reference-point",
        "coordinateSystem": "WGS84",
        "precisionDegrees": null,
        "origin": "shanghai-library",
        "sourceUrl": "https://data.library.sh.cn/entity/architecture/qk04w0zq60zb2ogo",
        "coordinateSourceTitle": "上海图书馆历史建筑开放数据",
        "sourceAddress": "乌鲁木齐南路176号",
        "locationNote": "此为来源目录门牌参考点，未独立测绘或核定建筑轮廓。",
        "wikipediaUrl": "https://zh.wikipedia.org/wiki/%E5%AE%89%E5%BA%B7%E5%85%AC%E5%AF%93",
        "wikidataId": null,
        "historicalGeometryVerified": false
      }
    },
    {
      "type": "Feature",
      "id": "sh-fgj-4D034-01-address-reference",
      "geometry": {
        "type": "Point",
        "coordinates": [
          121.444589,
          31.203891
        ]
      },
      "properties": {
        "officialId": "sh-fgj-4D034-01",
        "wikipediaId": "wiki-heritage-t05-r0128",
        "batch": 4,
        "officialCodeRaw": "4D034",
        "name": "花园住宅",
        "articleTitle": "建国西路598号 花园住宅",
        "address": "建国西路598号",
        "addressComparison": "exact",
        "coordinateScope": "building-complex-reference-point",
        "coordinateSystem": "WGS84",
        "precisionDegrees": null,
        "origin": "shanghai-library",
        "sourceUrl": "https://data.library.sh.cn/entity/architecture/8besk333lx40r8ay",
        "coordinateSourceTitle": "上海图书馆历史建筑开放数据",
        "sourceAddress": "建国西路598号",
        "locationNote": "此为门址所在里弄、院落或建筑群参考点，未逐栋核定位置。",
        "wikipediaUrl": "https://zh.wikipedia.org/zh-hans/上海市优秀历史建筑",
        "wikidataId": null,
        "historicalGeometryVerified": false
      }
    },
    {
      "type": "Feature",
      "id": "sh-fgj-4D035-01-address-reference",
      "geometry": {
        "type": "Point",
        "coordinates": [
          121.444065,
          31.203635
        ]
      },
      "properties": {
        "officialId": "sh-fgj-4D035-01",
        "wikipediaId": "wiki-heritage-t05-r0129",
        "batch": 4,
        "officialCodeRaw": "4D035",
        "name": "花园住宅",
        "articleTitle": "建国西路602号 上海医学科学技术情报研究所",
        "address": "建国西路602号",
        "addressComparison": "exact",
        "coordinateScope": "address-reference-point",
        "coordinateSystem": "WGS84",
        "precisionDegrees": null,
        "origin": "shanghai-library",
        "sourceUrl": "https://data.library.sh.cn/entity/architecture/qgct8rjxoo8u05yh",
        "coordinateSourceTitle": "上海图书馆历史建筑开放数据",
        "sourceAddress": "建国西路602号",
        "locationNote": "此为来源目录门牌参考点，未独立测绘或核定建筑轮廓。",
        "wikipediaUrl": "https://zh.wikipedia.org/zh-hans/上海市优秀历史建筑",
        "wikidataId": null,
        "historicalGeometryVerified": false
      }
    },
    {
      "type": "Feature",
      "id": "sh-fgj-4D036-01-address-reference",
      "geometry": {
        "type": "Point",
        "coordinates": [
          121.443193,
          31.205147
        ]
      },
      "properties": {
        "officialId": "sh-fgj-4D036-01",
        "wikipediaId": "wiki-heritage-t05-r0130",
        "batch": 4,
        "officialCodeRaw": "4D036",
        "name": "金司林公寓",
        "articleTitle": "金司林公寓",
        "address": "安亭路43号",
        "addressComparison": "exact",
        "coordinateScope": "address-reference-point",
        "coordinateSystem": "WGS84",
        "precisionDegrees": null,
        "origin": "shanghai-library",
        "sourceUrl": "https://data.library.sh.cn/entity/architecture/3qtpitznyv07amk1",
        "coordinateSourceTitle": "上海图书馆历史建筑开放数据",
        "sourceAddress": "安亭路43号",
        "locationNote": "此为来源目录门牌参考点，未独立测绘或核定建筑轮廓。",
        "wikipediaUrl": "https://zh.wikipedia.org/zh-hans/上海市优秀历史建筑",
        "wikidataId": null,
        "historicalGeometryVerified": false
      }
    },
    {
      "type": "Feature",
      "id": "sh-fgj-4D037-01-address-reference",
      "geometry": {
        "type": "Point",
        "coordinates": [
          121.443088,
          31.204993
        ]
      },
      "properties": {
        "officialId": "sh-fgj-4D037-01",
        "wikipediaId": "wiki-heritage-t05-r0131",
        "batch": 4,
        "officialCodeRaw": "4D037",
        "name": "花园住宅",
        "articleTitle": "安亭路46号1号楼 安亭别墅",
        "address": "安亭路46号1号楼",
        "addressComparison": "exact",
        "coordinateScope": "building-complex-reference-point",
        "coordinateSystem": "WGS84",
        "precisionDegrees": null,
        "origin": "shanghai-library",
        "sourceUrl": "https://data.library.sh.cn/entity/architecture/yipb0eddh1cztzxk",
        "coordinateSourceTitle": "上海图书馆历史建筑开放数据",
        "sourceAddress": "安亭路46号1号楼",
        "locationNote": "此为门址所在里弄、院落或建筑群参考点，未逐栋核定位置。",
        "wikipediaUrl": "https://zh.wikipedia.org/zh-hans/上海市优秀历史建筑",
        "wikidataId": null,
        "historicalGeometryVerified": false
      }
    },
    {
      "type": "Feature",
      "id": "sh-fgj-4D038-01-address-reference",
      "geometry": {
        "type": "Point",
        "coordinates": [
          121.43962,
          31.20565
        ]
      },
      "properties": {
        "officialId": "sh-fgj-4D038-01",
        "wikipediaId": "wiki-heritage-t05-r0132",
        "batch": 4,
        "officialCodeRaw": "4D038",
        "name": "荣氏花园住宅",
        "articleTitle": "荣氏花园住宅",
        "address": "高安路18弄20号",
        "addressComparison": "exact",
        "coordinateScope": "building-complex-reference-point",
        "coordinateSystem": "WGS84",
        "precisionDegrees": null,
        "origin": "shanghai-library",
        "sourceUrl": "https://data.library.sh.cn/entity/architecture/vzvhq6ccsmdzvam2",
        "coordinateSourceTitle": "上海图书馆历史建筑开放数据",
        "sourceAddress": "高安路18弄20号",
        "locationNote": "此为门址所在里弄、院落或建筑群参考点，未逐栋核定位置。",
        "wikipediaUrl": "https://zh.wikipedia.org/wiki/%E9%AB%98%E5%AE%89%E8%B7%AF",
        "wikidataId": null,
        "historicalGeometryVerified": false
      }
    },
    {
      "type": "Feature",
      "id": "sh-fgj-4D039-01-address-reference",
      "geometry": {
        "type": "Point",
        "coordinates": [
          121.441297,
          31.204451
        ]
      },
      "properties": {
        "officialId": "sh-fgj-4D039-01",
        "wikipediaId": "wiki-heritage-t05-r0133",
        "batch": 4,
        "officialCodeRaw": "4D039",
        "name": "励氏花园住宅",
        "articleTitle": "励氏花园住宅",
        "address": "高安路63号",
        "addressComparison": "exact",
        "coordinateScope": "address-reference-point",
        "coordinateSystem": "WGS84",
        "precisionDegrees": null,
        "origin": "shanghai-library",
        "sourceUrl": "https://data.library.sh.cn/entity/architecture/gjkhfdi5qfyvmdiv",
        "coordinateSourceTitle": "上海图书馆历史建筑开放数据",
        "sourceAddress": "高安路63号",
        "locationNote": "此为来源目录门牌参考点，未独立测绘或核定建筑轮廓。",
        "wikipediaUrl": "https://zh.wikipedia.org/wiki/%E9%AB%98%E5%AE%89%E8%B7%AF",
        "wikidataId": null,
        "historicalGeometryVerified": false
      }
    },
    {
      "type": "Feature",
      "id": "sh-fgj-4D040-01-address-reference",
      "geometry": {
        "type": "Point",
        "coordinates": [
          121.44204,
          31.202503
        ]
      },
      "properties": {
        "officialId": "sh-fgj-4D040-01",
        "wikipediaId": "wiki-heritage-t05-r0134",
        "batch": 4,
        "officialCodeRaw": "4D040",
        "name": "方建公寓/建成公寓",
        "articleTitle": "方建公寓/建成公寓",
        "address": "高安路78弄1-3号，建国西路641-645号",
        "addressComparison": "different-as-listed",
        "coordinateScope": "building-complex-reference-point",
        "coordinateSystem": "WGS84",
        "precisionDegrees": null,
        "origin": "shanghai-library",
        "sourceUrl": "https://data.library.sh.cn/entity/architecture/szkx5fmhqt3htpok",
        "coordinateSourceTitle": "上海图书馆历史建筑开放数据",
        "sourceAddress": "高安路78弄1-3号",
        "locationNote": "此为门址所在里弄、院落或建筑群参考点，未逐栋核定位置。 来源门址与官方写法有差异，原始门牌和对照理由均保留。",
        "wikipediaUrl": "https://zh.wikipedia.org/wiki/%E9%AB%98%E5%AE%89%E8%B7%AF",
        "wikidataId": null,
        "historicalGeometryVerified": false
      }
    },
    {
      "type": "Feature",
      "id": "sh-fgj-4D041-01-address-reference",
      "geometry": {
        "type": "Point",
        "coordinates": [
          121.43981,
          31.206935
        ]
      },
      "properties": {
        "officialId": "sh-fgj-4D041-01",
        "wikipediaId": "wiki-heritage-t05-r0135",
        "batch": 4,
        "officialCodeRaw": "4D041",
        "name": "花园住宅",
        "articleTitle": "康平路1号 花园住宅",
        "address": "康平路1号",
        "addressComparison": "exact",
        "coordinateScope": "building-complex-reference-point",
        "coordinateSystem": "WGS84",
        "precisionDegrees": null,
        "origin": "shanghai-library",
        "sourceUrl": "https://data.library.sh.cn/entity/architecture/rvgujk3r0vlleqg3",
        "coordinateSourceTitle": "上海图书馆历史建筑开放数据",
        "sourceAddress": "康平路1号",
        "locationNote": "此为门址所在里弄、院落或建筑群参考点，未逐栋核定位置。",
        "wikipediaUrl": "https://zh.wikipedia.org/zh-hans/上海市优秀历史建筑",
        "wikidataId": null,
        "historicalGeometryVerified": false
      }
    },
    {
      "type": "Feature",
      "id": "sh-fgj-4D042-01-address-reference",
      "geometry": {
        "type": "Point",
        "coordinates": [
          121.433549,
          31.202377
        ]
      },
      "properties": {
        "officialId": "sh-fgj-4D042-01",
        "wikipediaId": "wiki-heritage-t05-r0136",
        "batch": 4,
        "officialCodeRaw": "4D042",
        "name": "花园住宅",
        "articleTitle": "康平路205号 徐汇区老干部局",
        "address": "康平路205号",
        "addressComparison": "exact",
        "coordinateScope": "address-reference-point",
        "coordinateSystem": "WGS84",
        "precisionDegrees": null,
        "origin": "shanghai-library",
        "sourceUrl": "https://data.library.sh.cn/entity/architecture/dkpsejmeufxa62pp",
        "coordinateSourceTitle": "上海图书馆历史建筑开放数据",
        "sourceAddress": "康平路205号",
        "locationNote": "此为来源目录门牌参考点，未独立测绘或核定建筑轮廓。",
        "wikipediaUrl": "https://zh.wikipedia.org/wiki/%E5%BA%B7%E5%B9%B3%E8%B7%AF",
        "wikidataId": null,
        "historicalGeometryVerified": false
      }
    },
    {
      "type": "Feature",
      "id": "sh-fgj-4D043-01-address-reference",
      "geometry": {
        "type": "Point",
        "coordinates": [
          121.439265,
          31.204802
        ]
      },
      "properties": {
        "officialId": "sh-fgj-4D043-01",
        "wikipediaId": "wiki-heritage-t05-r0137",
        "batch": 4,
        "officialCodeRaw": "4D043",
        "name": "花园住宅/挪威领事馆",
        "articleTitle": "花园住宅/挪威领事馆",
        "address": "吴兴路96号",
        "addressComparison": "exact",
        "coordinateScope": "address-reference-point",
        "coordinateSystem": "WGS84",
        "precisionDegrees": null,
        "origin": "shanghai-library",
        "sourceUrl": "https://data.library.sh.cn/entity/architecture/j07cez816h6u1i8r",
        "coordinateSourceTitle": "上海图书馆历史建筑开放数据",
        "sourceAddress": "吴兴路96号",
        "locationNote": "此为来源目录门牌参考点，未独立测绘或核定建筑轮廓。",
        "wikipediaUrl": "https://zh.wikipedia.org/zh-hans/上海市优秀历史建筑",
        "wikidataId": null,
        "historicalGeometryVerified": false
      }
    },
    {
      "type": "Feature",
      "id": "sh-fgj-4D044-01-address-reference",
      "geometry": {
        "type": "Point",
        "coordinates": [
          121.433066,
          31.2047
        ]
      },
      "properties": {
        "officialId": "sh-fgj-4D044-01",
        "wikipediaId": "wiki-heritage-t05-r0138",
        "batch": 4,
        "officialCodeRaw": "4D044",
        "name": "花园住宅",
        "articleTitle": "天平路40号 文艺医院",
        "address": "天平路40号",
        "addressComparison": "exact",
        "coordinateScope": "address-reference-point",
        "coordinateSystem": "WGS84",
        "precisionDegrees": null,
        "origin": "shanghai-library",
        "sourceUrl": "https://data.library.sh.cn/entity/architecture/6ccqdusp6djdr71b",
        "coordinateSourceTitle": "上海图书馆历史建筑开放数据",
        "sourceAddress": "天平路40号",
        "locationNote": "此为来源目录门牌参考点，未独立测绘或核定建筑轮廓。",
        "wikipediaUrl": "https://zh.wikipedia.org/zh-hans/上海市优秀历史建筑",
        "wikidataId": null,
        "historicalGeometryVerified": false
      }
    },
    {
      "type": "Feature",
      "id": "sh-fgj-4D045-01-address-reference",
      "geometry": {
        "type": "Point",
        "coordinates": [
          121.448668,
          31.203505
        ]
      },
      "properties": {
        "officialId": "sh-fgj-4D045-01",
        "wikipediaId": "wiki-heritage-t05-r0139",
        "batch": 4,
        "officialCodeRaw": "4D045",
        "name": "花园住宅/法国领事馆",
        "articleTitle": "花园住宅/法国领事馆",
        "address": "岳阳路319号11号楼",
        "addressComparison": "exact",
        "coordinateScope": "building-complex-reference-point",
        "coordinateSystem": "WGS84",
        "precisionDegrees": null,
        "origin": "shanghai-library",
        "sourceUrl": "https://data.library.sh.cn/entity/architecture/2equcxsvnrtsmtjv",
        "coordinateSourceTitle": "上海图书馆历史建筑开放数据",
        "sourceAddress": "岳阳路319号11号楼",
        "locationNote": "此为门址所在里弄、院落或建筑群参考点，未逐栋核定位置。",
        "wikipediaUrl": "https://zh.wikipedia.org/zh-hans/上海市优秀历史建筑",
        "wikidataId": null,
        "historicalGeometryVerified": false
      }
    },
    {
      "type": "Feature",
      "id": "sh-fgj-4D046-01-address-reference",
      "geometry": {
        "type": "Point",
        "coordinates": [
          121.450837,
          31.202161
        ]
      },
      "properties": {
        "officialId": "sh-fgj-4D046-01",
        "wikipediaId": "wiki-heritage-t05-r0140",
        "batch": 4,
        "officialCodeRaw": "4D046",
        "name": "上海特别市市政府旧址",
        "articleTitle": "上海特别市市政府旧址",
        "address": "平江路48号3号、7号楼",
        "addressComparison": "formatting-only",
        "coordinateScope": "building-complex-reference-point",
        "coordinateSystem": "WGS84",
        "precisionDegrees": null,
        "origin": "shanghai-library",
        "sourceUrl": "https://data.library.sh.cn/entity/architecture/hq11qd5yphmc7q2b",
        "coordinateSourceTitle": "上海图书馆历史建筑开放数据",
        "sourceAddress": "平江路48号3号，7号楼",
        "locationNote": "此为门址所在里弄、院落或建筑群参考点，未逐栋核定位置。",
        "wikipediaUrl": "https://zh.wikipedia.org/zh-hans/上海市优秀历史建筑",
        "wikidataId": null,
        "historicalGeometryVerified": false
      }
    },
    {
      "type": "Feature",
      "id": "sh-fgj-4F001-01-address-reference",
      "geometry": {
        "type": "Point",
        "coordinates": [
          121.481248,
          31.246978
        ]
      },
      "properties": {
        "officialId": "sh-fgj-4F001-01",
        "wikipediaId": "wiki-heritage-t05-r0144",
        "batch": 4,
        "officialCodeRaw": "4F001",
        "name": "瑞康公寓",
        "articleTitle": "瑞康公寓",
        "address": "四川北路18号",
        "addressComparison": "exact",
        "coordinateScope": "address-reference-point",
        "coordinateSystem": "WGS84",
        "precisionDegrees": null,
        "origin": "shanghai-library",
        "sourceUrl": "https://data.library.sh.cn/entity/architecture/eoi42z2t6xjpzxh5",
        "coordinateSourceTitle": "上海图书馆历史建筑开放数据",
        "sourceAddress": "四川北路18号",
        "locationNote": "此为来源目录门牌参考点，未独立测绘或核定建筑轮廓。",
        "wikipediaUrl": "https://zh.wikipedia.org/wiki/%E7%91%9E%E5%BA%B7%E5%85%AC%E5%AF%93",
        "wikidataId": null,
        "historicalGeometryVerified": false
      }
    },
    {
      "type": "Feature",
      "id": "sh-fgj-4F003-01-address-reference",
      "geometry": {
        "type": "Point",
        "coordinates": [
          121.479298,
          31.247467
        ]
      },
      "properties": {
        "officialId": "sh-fgj-4F003-01",
        "wikipediaId": "wiki-heritage-t05-r0146",
        "batch": 4,
        "officialCodeRaw": "4F003",
        "name": "德邻公寓",
        "articleTitle": "德邻公寓",
        "address": "四川北路71号1-6幢，崇明路82号",
        "addressComparison": "different-as-listed",
        "coordinateScope": "building-complex-reference-point",
        "coordinateSystem": "WGS84",
        "precisionDegrees": null,
        "origin": "shanghai-library",
        "sourceUrl": "https://data.library.sh.cn/entity/architecture/tcx5fdxokj3vsxf4",
        "coordinateSourceTitle": "上海图书馆历史建筑开放数据",
        "sourceAddress": "崇明路82号",
        "locationNote": "此为门址所在里弄、院落或建筑群参考点，未逐栋核定位置。 来源门址与官方写法有差异，原始门牌和对照理由均保留。",
        "wikipediaUrl": "https://zh.wikipedia.org/zh-hans/上海市优秀历史建筑",
        "wikidataId": null,
        "historicalGeometryVerified": false
      }
    },
    {
      "type": "Feature",
      "id": "sh-fgj-4F004-01-address-reference",
      "geometry": {
        "type": "Point",
        "coordinates": [
          121.482604,
          31.249969
        ]
      },
      "properties": {
        "officialId": "sh-fgj-4F004-01",
        "wikipediaId": "wiki-heritage-t05-r0147",
        "batch": 4,
        "officialCodeRaw": "4F004",
        "name": "批亚斯公寓",
        "articleTitle": "批亚斯公寓",
        "address": "蟠龙街26号，乍浦路199-215号，塘沽路411-429号",
        "addressComparison": "formatting-only",
        "coordinateScope": "building-reference-point",
        "coordinateSystem": "WGS84",
        "precisionDegrees": null,
        "origin": "openstreetmap",
        "sourceUrl": "https://www.openstreetmap.org/way/494546990",
        "coordinateSourceTitle": "OpenStreetMap",
        "sourceAddress": null,
        "locationNote": "此点由OSM已标注建筑/住宅群的包围框中心计算，不代表门牌入口或测绘控制点。 © OpenStreetMap contributors · ODbL-1.0",
        "wikipediaUrl": "https://zh.wikipedia.org/wiki/%E6%B5%A6%E8%A5%BF%E5%85%AC%E5%AF%93",
        "wikidataId": null,
        "historicalGeometryVerified": false
      }
    },
    {
      "type": "Feature",
      "id": "sh-fgj-4F005-01-address-reference",
      "geometry": {
        "type": "Point",
        "coordinates": [
          121.48317,
          31.250109
        ]
      },
      "properties": {
        "officialId": "sh-fgj-4F005-01",
        "wikipediaId": "wiki-heritage-t05-r0148",
        "batch": 4,
        "officialCodeRaw": "4F005",
        "name": "小浦西公寓",
        "articleTitle": "小浦西公寓",
        "address": "塘沽路387-401号",
        "addressComparison": "exact",
        "coordinateScope": "building-complex-reference-point",
        "coordinateSystem": "WGS84",
        "precisionDegrees": null,
        "origin": "shanghai-library",
        "sourceUrl": "https://data.library.sh.cn/entity/architecture/dkulrdx0st3s654c",
        "coordinateSourceTitle": "上海图书馆历史建筑开放数据",
        "sourceAddress": "塘沽路387-401号",
        "locationNote": "此为门址所在里弄、院落或建筑群参考点，未逐栋核定位置。",
        "wikipediaUrl": "https://zh.wikipedia.org/wiki/%E5%B0%8F%E6%B5%A6%E8%A5%BF%E5%85%AC%E5%AF%93",
        "wikidataId": null,
        "historicalGeometryVerified": false
      }
    },
    {
      "type": "Feature",
      "id": "sh-fgj-4F006-01-address-reference",
      "geometry": {
        "type": "Point",
        "coordinates": [
          121.483206,
          31.250355
        ]
      },
      "properties": {
        "officialId": "sh-fgj-4F006-01",
        "wikipediaId": "wiki-heritage-t05-r0149",
        "batch": 4,
        "officialCodeRaw": "4F006",
        "name": "工部局西童女子学校",
        "articleTitle": "工部局西童女子学校",
        "address": "塘沽路390号",
        "addressComparison": "exact",
        "coordinateScope": "address-reference-point",
        "coordinateSystem": "WGS84",
        "precisionDegrees": null,
        "origin": "shanghai-library",
        "sourceUrl": "https://data.library.sh.cn/entity/architecture/wz4z1cbjj2ww5qa8",
        "coordinateSourceTitle": "上海图书馆历史建筑开放数据",
        "sourceAddress": "塘沽路390号",
        "locationNote": "此为来源目录门牌参考点，未独立测绘或核定建筑轮廓。",
        "wikipediaUrl": "https://zh.wikipedia.org/zh-hans/上海市优秀历史建筑",
        "wikidataId": null,
        "historicalGeometryVerified": false
      }
    },
    {
      "type": "Feature",
      "id": "sh-fgj-4F007-01-address-reference",
      "geometry": {
        "type": "Point",
        "coordinates": [
          121.483082,
          31.251399
        ]
      },
      "properties": {
        "officialId": "sh-fgj-4F007-01",
        "wikipediaId": "wiki-heritage-t05-r0150",
        "batch": 4,
        "officialCodeRaw": "4F007",
        "name": "景林庐",
        "articleTitle": "景林庐",
        "address": "乍浦路254弄（22-27号），乍浦路260号，昆山路141-171号",
        "addressComparison": "different-as-listed",
        "coordinateScope": "building-complex-reference-point",
        "coordinateSystem": "WGS84",
        "precisionDegrees": null,
        "origin": "shanghai-library",
        "sourceUrl": "https://data.library.sh.cn/entity/architecture/ow5thrqeemxzxvuu",
        "coordinateSourceTitle": "上海图书馆历史建筑开放数据",
        "sourceAddress": "乍浦路260号，昆山路141-177号",
        "locationNote": "此为门址所在里弄、院落或建筑群参考点，未逐栋核定位置。 来源门址与官方写法有差异，原始门牌和对照理由均保留。",
        "wikipediaUrl": "https://zh.wikipedia.org/zh-hans/上海市优秀历史建筑",
        "wikidataId": null,
        "historicalGeometryVerified": false
      }
    },
    {
      "type": "Feature",
      "id": "sh-fgj-4F008-01-address-reference",
      "geometry": {
        "type": "Point",
        "coordinates": [
          121.487063,
          31.248721
        ]
      },
      "properties": {
        "officialId": "sh-fgj-4F008-01",
        "wikipediaId": "wiki-heritage-t05-r0151",
        "batch": 4,
        "officialCodeRaw": "4F008",
        "name": "角田公寓",
        "articleTitle": "角田公寓",
        "address": "闵行路171-181号，201-211号，峨眉路70-80号",
        "addressComparison": "exact",
        "coordinateScope": "building-complex-reference-point",
        "coordinateSystem": "WGS84",
        "precisionDegrees": null,
        "origin": "shanghai-library",
        "sourceUrl": "https://data.library.sh.cn/entity/architecture/02bllst46k0gnkxn",
        "coordinateSourceTitle": "上海图书馆历史建筑开放数据",
        "sourceAddress": "闵行路181-201号",
        "locationNote": "此为门址所在里弄、院落或建筑群参考点，未逐栋核定位置。 来源门址与官方写法有差异，原始门牌和对照理由均保留。",
        "wikipediaUrl": "https://zh.wikipedia.org/zh-hans/上海市优秀历史建筑",
        "wikidataId": null,
        "historicalGeometryVerified": false
      }
    },
    {
      "type": "Feature",
      "id": "sh-fgj-4F009-01-address-reference",
      "geometry": {
        "type": "Point",
        "coordinates": [
          121.478443,
          31.253275
        ]
      },
      "properties": {
        "officialId": "sh-fgj-4F009-01",
        "wikipediaId": "wiki-heritage-t05-r0152",
        "batch": 4,
        "officialCodeRaw": "4F009",
        "name": "英华书馆",
        "articleTitle": "英华书馆",
        "address": "武进路412号",
        "addressComparison": "exact",
        "coordinateScope": "address-reference-point",
        "coordinateSystem": "WGS84",
        "precisionDegrees": null,
        "origin": "shanghai-library",
        "sourceUrl": "https://data.library.sh.cn/entity/architecture/s650t5l03r42jkkb",
        "coordinateSourceTitle": "上海图书馆历史建筑开放数据",
        "sourceAddress": "武进路400-412号",
        "locationNote": "此为来源目录门牌参考点，未独立测绘或核定建筑轮廓。 来源门址与官方写法有差异，原始门牌和对照理由均保留。",
        "wikipediaUrl": "https://zh.wikipedia.org/wiki/%E8%8B%B1%E5%8D%8E%E4%B9%A6%E9%A6%86",
        "wikidataId": null,
        "historicalGeometryVerified": false
      }
    },
    {
      "type": "Feature",
      "id": "sh-fgj-4F010-01-address-reference",
      "geometry": {
        "type": "Point",
        "coordinates": [
          121.477964,
          31.254804
        ]
      },
      "properties": {
        "officialId": "sh-fgj-4F010-01",
        "wikipediaId": "wiki-heritage-t05-r0153",
        "batch": 4,
        "officialCodeRaw": "4F010",
        "name": "华童公学/汉壁礼男校/光华大夏大学附属中学",
        "articleTitle": "华童公学/汉壁礼男校/光华大夏大学附属中学",
        "address": "中州路102号",
        "addressComparison": "exact",
        "coordinateScope": "building-complex-reference-point",
        "coordinateSystem": "WGS84",
        "precisionDegrees": null,
        "origin": "shanghai-library",
        "sourceUrl": "https://data.library.sh.cn/entity/architecture/bavgwk0e2eukvawq",
        "coordinateSourceTitle": "上海图书馆历史建筑开放数据",
        "sourceAddress": "中州路102号",
        "locationNote": "此为门址所在里弄、院落或建筑群参考点，未逐栋核定位置。",
        "wikipediaUrl": "https://zh.wikipedia.org/wiki/%E4%B8%AD%E5%B7%9E%E8%B7%AF102%E5%8F%B7",
        "wikidataId": null,
        "historicalGeometryVerified": false
      }
    },
    {
      "type": "Feature",
      "id": "sh-fgj-4F012-01-address-reference",
      "geometry": {
        "type": "Point",
        "coordinates": [
          121.477837,
          31.257642
        ]
      },
      "properties": {
        "officialId": "sh-fgj-4F012-01",
        "wikipediaId": "wiki-heritage-t05-r0155",
        "batch": 4,
        "officialCodeRaw": "4F012",
        "name": "永丰坊、大德里、恒安坊",
        "articleTitle": "永丰坊、大德里、恒安坊",
        "address": "四川北路1515弄（10-105号），1545弄（1-33号、1-20号），四川北路1519-1551号（单号）",
        "addressComparison": "different-as-listed",
        "coordinateScope": "building-complex-reference-point",
        "coordinateSystem": "WGS84",
        "precisionDegrees": null,
        "origin": "shanghai-library",
        "sourceUrl": "https://data.library.sh.cn/entity/architecture/h8wyg1wd7l22ld8e",
        "coordinateSourceTitle": "上海图书馆历史建筑开放数据",
        "sourceAddress": "四川北路1515-1545弄",
        "locationNote": "此为门址所在里弄、院落或建筑群参考点，未逐栋核定位置。 来源门址与官方写法有差异，原始门牌和对照理由均保留。",
        "wikipediaUrl": "https://zh.wikipedia.org/zh-hans/上海市优秀历史建筑",
        "wikidataId": null,
        "historicalGeometryVerified": false
      }
    },
    {
      "type": "Feature",
      "id": "sh-fgj-4F013-01-address-reference",
      "geometry": {
        "type": "Point",
        "coordinates": [
          121.478907,
          31.257939
        ]
      },
      "properties": {
        "officialId": "sh-fgj-4F013-01",
        "wikipediaId": "wiki-heritage-t05-r0157",
        "batch": 4,
        "officialCodeRaw": "4F013",
        "name": "广东大戏院/虹光大戏院",
        "articleTitle": "广东大戏院/虹光大戏院",
        "address": "四川北路1552号",
        "addressComparison": "exact",
        "coordinateScope": "address-reference-point",
        "coordinateSystem": "WGS84",
        "precisionDegrees": null,
        "origin": "shanghai-library",
        "sourceUrl": "https://data.library.sh.cn/entity/architecture/nadtpzp7wc5iok84",
        "coordinateSourceTitle": "上海图书馆历史建筑开放数据",
        "sourceAddress": "四川北路1552号",
        "locationNote": "此为来源目录门牌参考点，未独立测绘或核定建筑轮廓。",
        "wikipediaUrl": "https://zh.wikipedia.org/zh-hans/上海市优秀历史建筑",
        "wikidataId": null,
        "historicalGeometryVerified": false
      }
    },
    {
      "type": "Feature",
      "id": "sh-fgj-4F014-01-address-reference",
      "geometry": {
        "type": "Point",
        "coordinates": [
          121.479593,
          31.264544
        ]
      },
      "properties": {
        "officialId": "sh-fgj-4F014-01",
        "wikipediaId": "wiki-heritage-t05-r0158",
        "batch": 4,
        "officialCodeRaw": "4F014",
        "name": "狄思威公寓",
        "articleTitle": "狄思威公寓",
        "address": "四川北路1914-1932号",
        "addressComparison": "exact",
        "coordinateScope": "building-complex-reference-point",
        "coordinateSystem": "WGS84",
        "precisionDegrees": null,
        "origin": "shanghai-library",
        "sourceUrl": "https://data.library.sh.cn/entity/architecture/gs7tish1nsb61o3h",
        "coordinateSourceTitle": "上海图书馆历史建筑开放数据",
        "sourceAddress": "四川北路1914-1932号",
        "locationNote": "此为门址所在里弄、院落或建筑群参考点，未逐栋核定位置。",
        "wikipediaUrl": "https://zh.wikipedia.org/wiki/%E7%8B%84%E6%80%9D%E5%A8%81%E5%85%AC%E5%AF%93",
        "wikidataId": null,
        "historicalGeometryVerified": false
      }
    },
    {
      "type": "Feature",
      "id": "sh-fgj-4F015-01-address-reference",
      "geometry": {
        "type": "Point",
        "coordinates": [
          121.477368,
          31.26483
        ]
      },
      "properties": {
        "officialId": "sh-fgj-4F015-01",
        "wikipediaId": "wiki-heritage-t05-r0159",
        "batch": 4,
        "officialCodeRaw": "4F015",
        "name": "永安里",
        "articleTitle": "永安里",
        "address": "四川北路1953弄、多伦路152-192号",
        "addressComparison": "exact",
        "coordinateScope": "building-complex-reference-point",
        "coordinateSystem": "WGS84",
        "precisionDegrees": null,
        "origin": "shanghai-library",
        "sourceUrl": "https://data.library.sh.cn/entity/architecture/g2ojoo45yk34jidd",
        "coordinateSourceTitle": "上海图书馆历史建筑开放数据",
        "sourceAddress": "四川北路1953弄、多伦路152-192号",
        "locationNote": "此为门址所在里弄、院落或建筑群参考点，未逐栋核定位置。",
        "wikipediaUrl": "https://zh.wikipedia.org/wiki/%E6%B0%B8%E5%AE%89%E9%87%8C_(%E4%B8%8A%E6%B5%B7)",
        "wikidataId": null,
        "historicalGeometryVerified": false
      }
    },
    {
      "type": "Feature",
      "id": "sh-fgj-4F016-01-address-reference",
      "geometry": {
        "type": "Point",
        "coordinates": [
          121.477645,
          31.265785
        ]
      },
      "properties": {
        "officialId": "sh-fgj-4F016-01",
        "wikipediaId": "wiki-heritage-t05-r0160",
        "batch": 4,
        "officialCodeRaw": "4F016",
        "name": "花园住宅",
        "articleTitle": "四川北路2023弄35号 钱币博物馆/卫生局",
        "address": "四川北路2023弄35号",
        "addressComparison": "exact",
        "coordinateScope": "building-complex-reference-point",
        "coordinateSystem": "WGS84",
        "precisionDegrees": null,
        "origin": "shanghai-library",
        "sourceUrl": "https://data.library.sh.cn/entity/architecture/njxzu0lcethlfain",
        "coordinateSourceTitle": "上海图书馆历史建筑开放数据",
        "sourceAddress": "四川北路2023弄35号",
        "locationNote": "此为门址所在里弄、院落或建筑群参考点，未逐栋核定位置。",
        "wikipediaUrl": "https://zh.wikipedia.org/wiki/%E6%B1%A4%E6%81%A9%E4%BC%AF%E5%85%AC%E9%A6%86",
        "wikidataId": null,
        "historicalGeometryVerified": false
      }
    },
    {
      "type": "Feature",
      "id": "sh-fgj-4F017-01-address-reference",
      "geometry": {
        "type": "Point",
        "coordinates": [
          121.47817,
          31.266554
        ]
      },
      "properties": {
        "officialId": "sh-fgj-4F017-01",
        "wikipediaId": "wiki-heritage-t05-r0161",
        "batch": 4,
        "officialCodeRaw": "4F017",
        "name": "拉摩斯公寓",
        "articleTitle": "拉摩斯公寓",
        "address": "四川北路2079-2099号",
        "addressComparison": "exact",
        "coordinateScope": "building-complex-reference-point",
        "coordinateSystem": "WGS84",
        "precisionDegrees": null,
        "origin": "shanghai-library",
        "sourceUrl": "https://data.library.sh.cn/entity/architecture/4plwh24avz4v6viq",
        "coordinateSourceTitle": "上海图书馆历史建筑开放数据",
        "sourceAddress": "四川北路2079-2099号",
        "locationNote": "此为门址所在里弄、院落或建筑群参考点，未逐栋核定位置。",
        "wikipediaUrl": "https://zh.wikipedia.org/zh-hans/上海市优秀历史建筑",
        "wikidataId": null,
        "historicalGeometryVerified": false
      }
    },
    {
      "type": "Feature",
      "id": "sh-fgj-4F018-01-address-reference",
      "geometry": {
        "type": "Point",
        "coordinates": [
          121.478655,
          31.266804
        ]
      },
      "properties": {
        "officialId": "sh-fgj-4F018-01",
        "wikipediaId": "wiki-heritage-t05-r0162",
        "batch": 4,
        "officialCodeRaw": "4F018",
        "name": "西童公学",
        "articleTitle": "西童公学",
        "address": "四川北路2066号",
        "addressComparison": "exact",
        "coordinateScope": "building-complex-reference-point",
        "coordinateSystem": "WGS84",
        "precisionDegrees": null,
        "origin": "shanghai-library",
        "sourceUrl": "https://data.library.sh.cn/entity/architecture/uhfm76papvl7zijs",
        "coordinateSourceTitle": "上海图书馆历史建筑开放数据",
        "sourceAddress": "四川北路2066号",
        "locationNote": "此为门址所在里弄、院落或建筑群参考点，未逐栋核定位置。",
        "wikipediaUrl": "https://zh.wikipedia.org/wiki/%E4%B8%8A%E6%B5%B7%E5%B8%82%E5%A4%8D%E5%85%B4%E5%88%9D%E7%BA%A7%E4%B8%AD%E5%AD%A6",
        "wikidataId": null,
        "historicalGeometryVerified": false
      }
    },
    {
      "type": "Feature",
      "id": "sh-fgj-4F019-01-address-reference",
      "geometry": {
        "type": "Point",
        "coordinates": [
          121.475666,
          31.271209
        ]
      },
      "properties": {
        "officialId": "sh-fgj-4F019-01",
        "wikipediaId": "wiki-heritage-t05-r0163",
        "batch": 4,
        "officialCodeRaw": "4F019",
        "name": "樱苑别墅",
        "articleTitle": "樱苑别墅",
        "address": "四川北路2365号",
        "addressComparison": "exact",
        "coordinateScope": "address-reference-point",
        "coordinateSystem": "WGS84",
        "precisionDegrees": null,
        "origin": "shanghai-library",
        "sourceUrl": "https://data.library.sh.cn/entity/architecture/folvph67qmasor16",
        "coordinateSourceTitle": "上海图书馆历史建筑开放数据",
        "sourceAddress": "四川北路2365号",
        "locationNote": "此为来源目录门牌参考点，未独立测绘或核定建筑轮廓。",
        "wikipediaUrl": "https://zh.wikipedia.org/zh-hans/上海市优秀历史建筑",
        "wikidataId": null,
        "historicalGeometryVerified": false
      }
    },
    {
      "type": "Feature",
      "id": "sh-fgj-4F020-01-address-reference",
      "geometry": {
        "type": "Point",
        "coordinates": [
          121.47727,
          31.265922
        ]
      },
      "properties": {
        "officialId": "sh-fgj-4F020-01",
        "wikipediaId": "wiki-heritage-t05-r0164",
        "batch": 4,
        "officialCodeRaw": "4F020",
        "name": "白氏旧居",
        "articleTitle": "白氏旧居",
        "address": "多伦路210号",
        "addressComparison": "exact",
        "coordinateScope": "address-reference-point",
        "coordinateSystem": "WGS84",
        "precisionDegrees": null,
        "origin": "shanghai-library",
        "sourceUrl": "https://data.library.sh.cn/entity/architecture/km61qr2mxtqo2204",
        "coordinateSourceTitle": "上海图书馆历史建筑开放数据",
        "sourceAddress": "多伦路210号",
        "locationNote": "此为来源目录门牌参考点，未独立测绘或核定建筑轮廓。",
        "wikipediaUrl": "https://zh.wikipedia.org/wiki/%E7%99%BD%E5%B4%87%E7%A6%A7%E5%85%AC%E9%A6%86",
        "wikidataId": null,
        "historicalGeometryVerified": false
      }
    },
    {
      "type": "Feature",
      "id": "sh-fgj-4F021-01-address-reference",
      "geometry": {
        "type": "Point",
        "coordinates": [
          121.48168,
          31.267311
        ]
      },
      "properties": {
        "officialId": "sh-fgj-4F021-01",
        "wikipediaId": "wiki-heritage-t05-r0165",
        "batch": 4,
        "officialCodeRaw": "4F021",
        "name": "恒丰里，新恒丰里",
        "articleTitle": "恒丰里，新恒丰里",
        "address": "山阴路69弄、85弄",
        "addressComparison": "exact",
        "coordinateScope": "building-complex-reference-point",
        "coordinateSystem": "WGS84",
        "precisionDegrees": null,
        "origin": "shanghai-library",
        "sourceUrl": "https://data.library.sh.cn/entity/architecture/t0u68i08edvtzs4f",
        "coordinateSourceTitle": "上海图书馆历史建筑开放数据",
        "sourceAddress": "山阴路85弄",
        "locationNote": "此为门址所在里弄、院落或建筑群参考点，未逐栋核定位置。 来源门址与官方写法有差异，原始门牌和对照理由均保留。",
        "wikipediaUrl": "https://zh.wikipedia.org/zh-hans/上海市优秀历史建筑",
        "wikidataId": null,
        "historicalGeometryVerified": false
      }
    },
    {
      "type": "Feature",
      "id": "sh-fgj-4F022-01-address-reference",
      "geometry": {
        "type": "Point",
        "coordinates": [
          121.480606,
          31.268034
        ]
      },
      "properties": {
        "officialId": "sh-fgj-4F022-01",
        "wikipediaId": "wiki-heritage-t05-r0167",
        "batch": 4,
        "officialCodeRaw": "4F022",
        "name": "日照里",
        "articleTitle": "日照里",
        "address": "山阴路133弄",
        "addressComparison": "exact",
        "coordinateScope": "building-complex-reference-point",
        "coordinateSystem": "WGS84",
        "precisionDegrees": null,
        "origin": "shanghai-library",
        "sourceUrl": "https://data.library.sh.cn/entity/architecture/dgaphx0mv82r3jm6",
        "coordinateSourceTitle": "上海图书馆历史建筑开放数据",
        "sourceAddress": "山阴路133弄",
        "locationNote": "此为门址所在里弄、院落或建筑群参考点，未逐栋核定位置。",
        "wikipediaUrl": "https://zh.wikipedia.org/zh-hans/上海市优秀历史建筑",
        "wikidataId": null,
        "historicalGeometryVerified": false
      }
    },
    {
      "type": "Feature",
      "id": "sh-fgj-4F023-01-address-reference",
      "geometry": {
        "type": "Point",
        "coordinates": [
          121.481966,
          31.268183
        ]
      },
      "properties": {
        "officialId": "sh-fgj-4F023-01",
        "wikipediaId": "wiki-heritage-t05-r0168",
        "batch": 4,
        "officialCodeRaw": "4F023",
        "name": "花园里",
        "articleTitle": "花园里",
        "address": "山阴路145弄",
        "addressComparison": "exact",
        "coordinateScope": "building-complex-reference-point",
        "coordinateSystem": "WGS84",
        "precisionDegrees": null,
        "origin": "shanghai-library",
        "sourceUrl": "https://data.library.sh.cn/entity/architecture/paochmzjokag1cm5",
        "coordinateSourceTitle": "上海图书馆历史建筑开放数据",
        "sourceAddress": "山阴路145弄",
        "locationNote": "此为门址所在里弄、院落或建筑群参考点，未逐栋核定位置。",
        "wikipediaUrl": "https://zh.wikipedia.org/zh-hans/上海市优秀历史建筑",
        "wikidataId": null,
        "historicalGeometryVerified": false
      }
    },
    {
      "type": "Feature",
      "id": "sh-fgj-4F024-01-address-reference",
      "geometry": {
        "type": "Point",
        "coordinates": [
          121.476625,
          31.270247
        ]
      },
      "properties": {
        "officialId": "sh-fgj-4F024-01",
        "wikipediaId": "wiki-heritage-t05-r0169",
        "batch": 4,
        "officialCodeRaw": "4F024",
        "name": "亚细亚里",
        "articleTitle": "亚细亚里",
        "address": "黄渡路107弄、109 号",
        "addressComparison": "exact",
        "coordinateScope": "building-complex-reference-point",
        "coordinateSystem": "WGS84",
        "precisionDegrees": null,
        "origin": "shanghai-library",
        "sourceUrl": "https://data.library.sh.cn/entity/architecture/u0iv2v8zi8e70t8t",
        "coordinateSourceTitle": "上海图书馆历史建筑开放数据",
        "sourceAddress": "黄渡路107弄、109 号",
        "locationNote": "此为门址所在里弄、院落或建筑群参考点，未逐栋核定位置。",
        "wikipediaUrl": "https://zh.wikipedia.org/wiki/%E4%BA%9A%E7%BB%86%E4%BA%9A%E9%87%8C",
        "wikidataId": null,
        "historicalGeometryVerified": false
      }
    },
    {
      "type": "Feature",
      "id": "sh-fgj-4F027-01-address-reference",
      "geometry": {
        "type": "Point",
        "coordinates": [
          121.50637,
          31.255959
        ]
      },
      "properties": {
        "officialId": "sh-fgj-4F027-01",
        "wikipediaId": "wiki-heritage-t05-r0173",
        "batch": 4,
        "officialCodeRaw": "4F027",
        "name": "住宅",
        "articleTitle": "霍山路119-137号 住宅",
        "address": "霍山路119-137号（单号）、125弄（3-5号）",
        "addressComparison": "different-as-listed",
        "coordinateScope": "building-complex-reference-point",
        "coordinateSystem": "WGS84",
        "precisionDegrees": null,
        "origin": "shanghai-library",
        "sourceUrl": "https://data.library.sh.cn/entity/architecture/fftb7fapm6u0e4co",
        "coordinateSourceTitle": "上海图书馆历史建筑开放数据",
        "sourceAddress": "霍山路119-137号",
        "locationNote": "此为门址所在里弄、院落或建筑群参考点，未逐栋核定位置。 来源门址与官方写法有差异，原始门牌和对照理由均保留。",
        "wikipediaUrl": "https://zh.wikipedia.org/zh-hans/上海市优秀历史建筑",
        "wikidataId": null,
        "historicalGeometryVerified": false
      }
    },
    {
      "type": "Feature",
      "id": "sh-fgj-4F029-01-address-reference",
      "geometry": {
        "type": "Point",
        "coordinates": [
          121.509916,
          31.253563
        ]
      },
      "properties": {
        "officialId": "sh-fgj-4F029-01",
        "wikipediaId": "wiki-heritage-t05-r0175",
        "batch": 4,
        "officialCodeRaw": "4F029",
        "name": "住宅",
        "articleTitle": "杨树浦路197-213号 住宅",
        "address": "杨树浦路197-213号",
        "addressComparison": "exact",
        "coordinateScope": "building-complex-reference-point",
        "coordinateSystem": "WGS84",
        "precisionDegrees": null,
        "origin": "shanghai-library",
        "sourceUrl": "https://data.library.sh.cn/entity/architecture/3e3dmcrw1ohjgl20",
        "coordinateSourceTitle": "上海图书馆历史建筑开放数据",
        "sourceAddress": "杨树浦路197-213号",
        "locationNote": "此为门址所在里弄、院落或建筑群参考点，未逐栋核定位置。",
        "wikipediaUrl": "https://zh.wikipedia.org/zh-hans/上海市优秀历史建筑",
        "wikidataId": null,
        "historicalGeometryVerified": false
      }
    },
    {
      "type": "Feature",
      "id": "sh-fgj-4F030-01-address-reference",
      "geometry": {
        "type": "Point",
        "coordinates": [
          121.510047,
          31.253939
        ]
      },
      "properties": {
        "officialId": "sh-fgj-4F030-01",
        "wikipediaId": "wiki-heritage-t05-r0176",
        "batch": 4,
        "officialCodeRaw": "4F030",
        "name": "住宅",
        "articleTitle": "临潼路25-89号、99弄 住宅",
        "address": "临潼路25-89号、99弄",
        "addressComparison": "exact",
        "coordinateScope": "building-complex-reference-point",
        "coordinateSystem": "WGS84",
        "precisionDegrees": null,
        "origin": "shanghai-library",
        "sourceUrl": "https://data.library.sh.cn/entity/architecture/gave0f0b3xqn78vn",
        "coordinateSourceTitle": "上海图书馆历史建筑开放数据",
        "sourceAddress": "临潼路25-89号、99弄",
        "locationNote": "此为门址所在里弄、院落或建筑群参考点，未逐栋核定位置。",
        "wikipediaUrl": "https://zh.wikipedia.org/zh-hans/上海市优秀历史建筑",
        "wikidataId": null,
        "historicalGeometryVerified": false
      }
    },
    {
      "type": "Feature",
      "id": "sh-fgj-4F031-01-address-reference",
      "geometry": {
        "type": "Point",
        "coordinates": [
          121.510118,
          31.255164
        ]
      },
      "properties": {
        "officialId": "sh-fgj-4F031-01",
        "wikipediaId": "wiki-heritage-t05-r0177",
        "batch": 4,
        "officialCodeRaw": "4F031",
        "name": "花园住宅",
        "articleTitle": "榆林路43号、47号、59号、63号大宅 新华印染厂/居民楼",
        "address": "榆林路43号、47号、59号、63号大宅",
        "addressComparison": "different-as-listed",
        "coordinateScope": "building-complex-reference-point",
        "coordinateSystem": "WGS84",
        "precisionDegrees": null,
        "origin": "shanghai-library",
        "sourceUrl": "https://data.library.sh.cn/entity/architecture/0dahi7c42nkyzyc4",
        "coordinateSourceTitle": "上海图书馆历史建筑开放数据",
        "sourceAddress": "榆林路43号、47号、59号、63号大宅",
        "locationNote": "此为门址所在里弄、院落或建筑群参考点，未逐栋核定位置。",
        "wikipediaUrl": "https://zh.wikipedia.org/zh-hans/上海市优秀历史建筑",
        "wikidataId": null,
        "historicalGeometryVerified": false
      }
    },
    {
      "type": "Feature",
      "id": "sh-fgj-4G002-01-address-reference",
      "geometry": {
        "type": "Point",
        "coordinates": [
          121.534458,
          31.263077
        ]
      },
      "properties": {
        "officialId": "sh-fgj-4G002-01",
        "wikipediaId": "wiki-heritage-t05-r0180",
        "batch": 4,
        "officialCodeRaw": "4G002",
        "name": "圣心教堂",
        "articleTitle": "圣心教堂",
        "address": "杭州路349号",
        "addressComparison": "exact",
        "coordinateScope": "address-reference-point",
        "coordinateSystem": "WGS84",
        "precisionDegrees": null,
        "origin": "shanghai-library",
        "sourceUrl": "https://data.library.sh.cn/entity/architecture/yuh6rao6emrtsuxs",
        "coordinateSourceTitle": "上海图书馆历史建筑开放数据",
        "sourceAddress": "杭州路349号",
        "locationNote": "此为来源目录门牌参考点，未独立测绘或核定建筑轮廓。",
        "wikipediaUrl": "https://zh.wikipedia.org/zh-hans/上海市优秀历史建筑",
        "wikidataId": null,
        "historicalGeometryVerified": false
      }
    },
    {
      "type": "Feature",
      "id": "sh-fgj-4G003-01-address-reference",
      "geometry": {
        "type": "Point",
        "coordinates": [
          121.538941,
          31.270716
        ]
      },
      "properties": {
        "officialId": "sh-fgj-4G003-01",
        "wikipediaId": "wiki-heritage-t05-r0181",
        "batch": 4,
        "officialCodeRaw": "4G003",
        "name": "日本同兴纱厂工房及老板住宅",
        "articleTitle": "日本同兴纱厂工房及老板住宅",
        "address": "平凉路1777弄51号、101-141（单）号、100-154（双）号",
        "addressComparison": "different-as-listed",
        "coordinateScope": "building-complex-reference-point",
        "coordinateSystem": "WGS84",
        "precisionDegrees": null,
        "origin": "shanghai-library",
        "sourceUrl": "https://data.library.sh.cn/entity/architecture/z603y7ypdg585a7x",
        "coordinateSourceTitle": "上海图书馆历史建筑开放数据",
        "sourceAddress": "平凉路1777弄55号、100号-149号",
        "locationNote": "此为门址所在里弄、院落或建筑群参考点，未逐栋核定位置。 来源门址与官方写法有差异，原始门牌和对照理由均保留。",
        "wikipediaUrl": "https://zh.wikipedia.org/zh-hans/上海市优秀历史建筑",
        "wikidataId": null,
        "historicalGeometryVerified": false
      }
    },
    {
      "type": "Feature",
      "id": "sh-fgj-4G004-01-address-reference",
      "geometry": {
        "type": "Point",
        "coordinates": [
          121.553919,
          31.276888
        ]
      },
      "properties": {
        "officialId": "sh-fgj-4G004-01",
        "wikipediaId": "wiki-heritage-t05-r0182",
        "batch": 4,
        "officialCodeRaw": "4G004",
        "name": "新式里弄",
        "articleTitle": "新式里弄",
        "address": "杨树浦路3061弄",
        "addressComparison": "exact",
        "coordinateScope": "building-complex-reference-point",
        "coordinateSystem": "WGS84",
        "precisionDegrees": null,
        "origin": "shanghai-library",
        "sourceUrl": "https://data.library.sh.cn/entity/architecture/5dwiuoyn3hyqyvv0",
        "coordinateSourceTitle": "上海图书馆历史建筑开放数据",
        "sourceAddress": "杨树浦路3061弄",
        "locationNote": "此为门址所在里弄、院落或建筑群参考点，未逐栋核定位置。",
        "wikipediaUrl": "https://zh.wikipedia.org/zh-hans/上海市优秀历史建筑",
        "wikidataId": null,
        "historicalGeometryVerified": false
      }
    },
    {
      "type": "Feature",
      "id": "sh-fgj-4G007-01-address-reference",
      "geometry": {
        "type": "Point",
        "coordinates": [
          121.505591,
          31.28545
        ]
      },
      "properties": {
        "officialId": "sh-fgj-4G007-01",
        "wikipediaId": "wiki-heritage-t05-r0208",
        "batch": 4,
        "officialCodeRaw": "4G007",
        "name": "同济新村:教工俱乐部，村一楼、村二楼、村三楼、村四楼",
        "articleTitle": "同济新村:教工俱乐部，村一楼、村二楼、村三楼、村四楼",
        "address": "彰武路45弄",
        "addressComparison": "different-as-listed",
        "coordinateScope": "building-complex-reference-point",
        "coordinateSystem": "WGS84",
        "precisionDegrees": null,
        "origin": "shanghai-library",
        "sourceUrl": "https://data.library.sh.cn/entity/architecture/puk0k35ryh4fn2oe",
        "coordinateSourceTitle": "上海图书馆历史建筑开放数据",
        "sourceAddress": "彰武路45弄(同济新村内)",
        "locationNote": "此为门址所在里弄、院落或建筑群参考点，未逐栋核定位置。 来源门址与官方写法有差异，原始门牌和对照理由均保留。",
        "wikipediaUrl": "https://zh.wikipedia.org/zh-hans/上海市优秀历史建筑",
        "wikidataId": null,
        "historicalGeometryVerified": false
      }
    },
    {
      "type": "Feature",
      "id": "sh-fgj-4G008-01-address-reference",
      "geometry": {
        "type": "Point",
        "coordinates": [
          121.494528,
          31.298602
        ]
      },
      "properties": {
        "officialId": "sh-fgj-4G008-01",
        "wikipediaId": "wiki-heritage-t05-r0210",
        "batch": 4,
        "officialCodeRaw": "4G008",
        "name": "复旦大学历史建筑建筑群:登辉堂，子彬楼，图书馆，校门",
        "articleTitle": "复旦大学历史建筑建筑群:登辉堂，子彬楼，图书馆，校门",
        "address": "邯郸路220号",
        "addressComparison": "different-as-listed",
        "coordinateScope": "building-complex-reference-point",
        "coordinateSystem": "WGS84",
        "precisionDegrees": null,
        "origin": "shanghai-library",
        "sourceUrl": "https://data.library.sh.cn/entity/architecture/2wrwbbg43t0s3t66",
        "coordinateSourceTitle": "上海图书馆历史建筑开放数据",
        "sourceAddress": "邯郸路220号（复旦大学内）",
        "locationNote": "此为门址所在里弄、院落或建筑群参考点，未逐栋核定位置。 来源门址与官方写法有差异，原始门牌和对照理由均保留。",
        "wikipediaUrl": "https://zh.wikipedia.org/wiki/%E5%A4%8D%E6%97%A6%E5%A4%A7%E5%AD%A6%E9%82%AF%E9%83%B8%E6%A0%A1%E5%8C%BA",
        "wikidataId": null,
        "historicalGeometryVerified": false
      }
    },
    {
      "type": "Feature",
      "id": "sh-fgj-4G009-01-address-reference",
      "geometry": {
        "type": "Point",
        "coordinates": [
          121.490968,
          31.305221
        ]
      },
      "properties": {
        "officialId": "sh-fgj-4G009-01",
        "wikipediaId": "wiki-heritage-t05-r0214",
        "batch": 4,
        "officialCodeRaw": "4G009",
        "name": "毓秀楼",
        "articleTitle": "毓秀楼",
        "address": "武东路100号",
        "addressComparison": "different-as-listed",
        "coordinateScope": "building-complex-reference-point",
        "coordinateSystem": "WGS84",
        "precisionDegrees": null,
        "origin": "shanghai-library",
        "sourceUrl": "https://data.library.sh.cn/entity/architecture/bnk3ovjji7jlb0ke",
        "coordinateSourceTitle": "上海图书馆历史建筑开放数据",
        "sourceAddress": "武东路100号（同济大学沪东校区内）",
        "locationNote": "此为门址所在里弄、院落或建筑群参考点，未逐栋核定位置。 来源门址与官方写法有差异，原始门牌和对照理由均保留。",
        "wikipediaUrl": "https://zh.wikipedia.org/zh-hans/上海市优秀历史建筑",
        "wikidataId": null,
        "historicalGeometryVerified": false
      }
    },
    {
      "type": "Feature",
      "id": "sh-fgj-4G010-01-address-reference",
      "geometry": {
        "type": "Point",
        "coordinates": [
          121.49806,
          31.302709
        ]
      },
      "properties": {
        "officialId": "sh-fgj-4G010-01",
        "wikipediaId": "wiki-heritage-t05-r0215",
        "batch": 4,
        "officialCodeRaw": "4G010",
        "name": "叶家花园（小白楼）/澄衷医院",
        "articleTitle": "叶家花园（小白楼）/澄衷医院",
        "address": "政民路507号",
        "addressComparison": "different-as-listed",
        "coordinateScope": "address-reference-point",
        "coordinateSystem": "WGS84",
        "precisionDegrees": null,
        "origin": "shanghai-library",
        "sourceUrl": "https://data.library.sh.cn/entity/architecture/jsuu1n00fgjbqzy4",
        "coordinateSourceTitle": "上海图书馆历史建筑开放数据",
        "sourceAddress": "政民路511号",
        "locationNote": "此为来源目录门牌参考点，未独立测绘或核定建筑轮廓。 来源门址与官方写法有差异，原始门牌和对照理由均保留。",
        "wikipediaUrl": "https://zh.wikipedia.org/zh-hans/上海市优秀历史建筑",
        "wikidataId": null,
        "historicalGeometryVerified": false
      }
    },
    {
      "type": "Feature",
      "id": "sh-fgj-4G011-01-address-reference",
      "geometry": {
        "type": "Point",
        "coordinates": [
          121.523525,
          31.310874
        ]
      },
      "properties": {
        "officialId": "sh-fgj-4G011-01",
        "wikipediaId": "wiki-heritage-t05-r0216",
        "batch": 4,
        "officialCodeRaw": "4G011",
        "name": "中国航空协会飞机楼",
        "articleTitle": "中国航空协会飞机楼",
        "address": "长海路174号",
        "addressComparison": "different-as-listed",
        "coordinateScope": "building-complex-reference-point",
        "coordinateSystem": "WGS84",
        "precisionDegrees": null,
        "origin": "shanghai-library",
        "sourceUrl": "https://data.library.sh.cn/entity/architecture/uarc7ljv351gp0ta",
        "coordinateSourceTitle": "上海图书馆历史建筑开放数据",
        "sourceAddress": "长海路174号",
        "locationNote": "此为门址所在里弄、院落或建筑群参考点，未逐栋核定位置。 同址有多个保护项，分别保留记录；共用门址点不能区分各楼栋。",
        "wikipediaUrl": "https://zh.wikipedia.org/wiki/%E4%B8%AD%E5%9B%BD%E8%88%AA%E7%A9%BA%E5%8D%8F%E4%BC%9A%E5%A4%A7%E6%A5%BC",
        "wikidataId": null,
        "historicalGeometryVerified": false
      }
    },
    {
      "type": "Feature",
      "id": "sh-fgj-4G012-01-address-reference",
      "geometry": {
        "type": "Point",
        "coordinates": [
          121.519317,
          31.324634
        ]
      },
      "properties": {
        "officialId": "sh-fgj-4G012-01",
        "wikipediaId": "wiki-heritage-t05-r0217",
        "batch": 4,
        "officialCodeRaw": "4G012",
        "name": "国立音乐专科学校主楼及辅楼",
        "articleTitle": "国立音乐专科学校主楼及辅楼",
        "address": "民京路918号",
        "addressComparison": "exact",
        "coordinateScope": "building-complex-reference-point",
        "coordinateSystem": "WGS84",
        "precisionDegrees": null,
        "origin": "shanghai-library",
        "sourceUrl": "https://data.library.sh.cn/entity/architecture/mi5ji7dg8z842oaw",
        "coordinateSourceTitle": "上海图书馆历史建筑开放数据",
        "sourceAddress": "民京路918号",
        "locationNote": "此为门址所在里弄、院落或建筑群参考点，未逐栋核定位置。",
        "wikipediaUrl": "https://zh.wikipedia.org/wiki/%E5%9B%BD%E7%AB%8B%E9%9F%B3%E4%B9%90%E4%B8%93%E7%A7%91%E5%AD%A6%E6%A0%A1%E6%97%A7%E5%9D%80",
        "wikidataId": null,
        "historicalGeometryVerified": false
      }
    },
    {
      "type": "Feature",
      "id": "sh-fgj-4M001-01-address-reference",
      "geometry": {
        "type": "Point",
        "coordinates": [
          121.430372,
          31.227157
        ]
      },
      "properties": {
        "officialId": "sh-fgj-4M001-01",
        "wikipediaId": "wiki-heritage-t05-r0218",
        "batch": 4,
        "officialCodeRaw": "4M001",
        "name": "盛世花园",
        "articleTitle": "盛世花园",
        "address": "万航渡路540号",
        "addressComparison": "exact",
        "coordinateScope": "address-reference-point",
        "coordinateSystem": "WGS84",
        "precisionDegrees": null,
        "origin": "shanghai-library",
        "sourceUrl": "https://data.library.sh.cn/entity/architecture/3luuksw1lk3vl0t7",
        "coordinateSourceTitle": "上海图书馆历史建筑开放数据",
        "sourceAddress": "万航渡路540号",
        "locationNote": "此为来源目录门牌参考点，未独立测绘或核定建筑轮廓。",
        "wikipediaUrl": "https://zh.wikipedia.org/zh-hans/上海市优秀历史建筑",
        "wikidataId": null,
        "historicalGeometryVerified": false
      }
    },
    {
      "type": "Feature",
      "id": "sh-fgj-4M002-01-address-reference",
      "geometry": {
        "type": "Point",
        "coordinates": [
          121.417512,
          31.227503
        ]
      },
      "properties": {
        "officialId": "sh-fgj-4M002-01",
        "wikipediaId": "wiki-heritage-t05-r0219",
        "batch": 4,
        "officialCodeRaw": "4M002",
        "name": "厂房及仓库",
        "articleTitle": "厂房及仓库",
        "address": "万航渡路1384弄12号",
        "addressComparison": "different-as-listed",
        "coordinateScope": "building-complex-reference-point",
        "coordinateSystem": "WGS84",
        "precisionDegrees": null,
        "origin": "shanghai-library",
        "sourceUrl": "https://data.library.sh.cn/entity/architecture/qbqnt7heghy4ef1y",
        "coordinateSourceTitle": "上海图书馆历史建筑开放数据",
        "sourceAddress": "万航渡路1384弄",
        "locationNote": "此为门址所在里弄、院落或建筑群参考点，未逐栋核定位置。 来源门址与官方写法有差异，原始门牌和对照理由均保留。",
        "wikipediaUrl": "https://zh.wikipedia.org/wiki/%E4%B8%87%E8%88%AA%E6%B8%A1%E8%B7%AF1384%E5%8F%B7",
        "wikidataId": null,
        "historicalGeometryVerified": false
      }
    },
    {
      "type": "Feature",
      "id": "sh-fgj-4M003-01-address-reference",
      "geometry": {
        "type": "Point",
        "coordinates": [
          121.4264,
          31.226184
        ]
      },
      "properties": {
        "officialId": "sh-fgj-4M003-01",
        "wikipediaId": "wiki-heritage-t05-r0220",
        "batch": 4,
        "officialCodeRaw": "4M003",
        "name": "开纳公寓",
        "articleTitle": "开纳公寓",
        "address": "武定西路1375号",
        "addressComparison": "exact",
        "coordinateScope": "address-reference-point",
        "coordinateSystem": "WGS84",
        "precisionDegrees": null,
        "origin": "shanghai-library",
        "sourceUrl": "https://data.library.sh.cn/entity/architecture/l3pozcxhe5yaqhv6",
        "coordinateSourceTitle": "上海图书馆历史建筑开放数据",
        "sourceAddress": "武定西路1375号",
        "locationNote": "此为来源目录门牌参考点，未独立测绘或核定建筑轮廓。",
        "wikipediaUrl": "https://zh.wikipedia.org/wiki/%E9%96%8B%E7%B4%8D%E5%85%AC%E5%AF%93",
        "wikidataId": null,
        "historicalGeometryVerified": false
      }
    },
    {
      "type": "Feature",
      "id": "sh-fgj-4M005-01-address-reference",
      "geometry": {
        "type": "Point",
        "coordinates": [
          121.424935,
          31.223734
        ]
      },
      "properties": {
        "officialId": "sh-fgj-4M005-01",
        "wikipediaId": "wiki-heritage-t05-r0222",
        "batch": 4,
        "officialCodeRaw": "4M005",
        "name": "上海海关税务司花园住宅",
        "articleTitle": "上海海关税务司花园住宅",
        "address": "江苏路162弄3号",
        "addressComparison": "exact",
        "coordinateScope": "building-complex-reference-point",
        "coordinateSystem": "WGS84",
        "precisionDegrees": null,
        "origin": "shanghai-library",
        "sourceUrl": "https://data.library.sh.cn/entity/architecture/su6b1t1tjo40a61o",
        "coordinateSourceTitle": "上海图书馆历史建筑开放数据",
        "sourceAddress": "江苏路162弄3号",
        "locationNote": "此为门址所在里弄、院落或建筑群参考点，未逐栋核定位置。",
        "wikipediaUrl": "https://zh.wikipedia.org/zh-hans/上海市优秀历史建筑",
        "wikidataId": null,
        "historicalGeometryVerified": false
      }
    },
    {
      "type": "Feature",
      "id": "sh-fgj-4M009-01-address-reference",
      "geometry": {
        "type": "Point",
        "coordinates": [
          121.429015,
          31.214193
        ]
      },
      "properties": {
        "officialId": "sh-fgj-4M009-01",
        "wikipediaId": "wiki-heritage-t05-r0226",
        "batch": 4,
        "officialCodeRaw": "4M009",
        "name": "麦加利银行高级职员住宅/上海房地局职工医院（1976年起）",
        "articleTitle": "麦加利银行高级职员住宅/上海房地局职工医院（1976年起）",
        "address": "江苏路796号",
        "addressComparison": "exact",
        "coordinateScope": "address-reference-point",
        "coordinateSystem": "WGS84",
        "precisionDegrees": null,
        "origin": "shanghai-library",
        "sourceUrl": "https://data.library.sh.cn/entity/architecture/x4xgu6yy7ixxqo73",
        "coordinateSourceTitle": "上海图书馆历史建筑开放数据",
        "sourceAddress": "江苏路796号",
        "locationNote": "此为来源目录门牌参考点，未独立测绘或核定建筑轮廓。",
        "wikipediaUrl": "https://zh.wikipedia.org/wiki/%E6%B1%9F%E8%8B%8F%E8%B7%AF796%E5%8F%B7",
        "wikidataId": null,
        "historicalGeometryVerified": false
      }
    },
    {
      "type": "Feature",
      "id": "sh-fgj-4M010-01-address-reference",
      "geometry": {
        "type": "Point",
        "coordinates": [
          121.431878,
          31.221264
        ]
      },
      "properties": {
        "officialId": "sh-fgj-4M010-01",
        "wikipediaId": "wiki-heritage-t05-r0227",
        "batch": 4,
        "officialCodeRaw": "4M010",
        "name": "渔光村",
        "articleTitle": "渔光村",
        "address": "镇宁路255弄、265弄、275弄、285弄",
        "addressComparison": "different-as-listed",
        "coordinateScope": "building-complex-reference-point",
        "coordinateSystem": "WGS84",
        "precisionDegrees": null,
        "origin": "shanghai-library",
        "sourceUrl": "https://data.library.sh.cn/entity/architecture/wbhuq17wzoot36dq",
        "coordinateSourceTitle": "上海图书馆历史建筑开放数据",
        "sourceAddress": "镇宁路255-275弄",
        "locationNote": "此为门址所在里弄、院落或建筑群参考点，未逐栋核定位置。 来源门址与官方写法有差异，原始门牌和对照理由均保留。",
        "wikipediaUrl": "https://zh.wikipedia.org/zh-hans/上海市优秀历史建筑",
        "wikidataId": null,
        "historicalGeometryVerified": false
      }
    },
    {
      "type": "Feature",
      "id": "sh-fgj-4M011-01-address-reference",
      "geometry": {
        "type": "Point",
        "coordinates": [
          121.431376,
          31.222573
        ]
      },
      "properties": {
        "officialId": "sh-fgj-4M011-01",
        "wikipediaId": "wiki-heritage-t05-r0228",
        "batch": 4,
        "officialCodeRaw": "4M011",
        "name": "严家花园",
        "articleTitle": "严家花园",
        "address": "愚园路699号",
        "addressComparison": "exact",
        "coordinateScope": "building-complex-reference-point",
        "coordinateSystem": "WGS84",
        "precisionDegrees": null,
        "origin": "shanghai-library",
        "sourceUrl": "https://data.library.sh.cn/entity/architecture/ejcx0xwzv3kp3maa",
        "coordinateSourceTitle": "上海图书馆历史建筑开放数据",
        "sourceAddress": "愚园路699号",
        "locationNote": "此为门址所在里弄、院落或建筑群参考点，未逐栋核定位置。",
        "wikipediaUrl": "https://zh.wikipedia.org/wiki/%E4%B8%A5%E5%AE%B6%E8%8A%B1%E5%9B%AD",
        "wikidataId": null,
        "historicalGeometryVerified": false
      }
    },
    {
      "type": "Feature",
      "id": "sh-fgj-4M013-01-address-reference",
      "geometry": {
        "type": "Point",
        "coordinates": [
          121.429631,
          31.223187
        ]
      },
      "properties": {
        "officialId": "sh-fgj-4M013-01",
        "wikipediaId": "wiki-heritage-t05-r0230",
        "batch": 4,
        "officialCodeRaw": "4M013",
        "name": "愚园新村",
        "articleTitle": "愚园新村",
        "address": "愚园路750弄",
        "addressComparison": "exact",
        "coordinateScope": "building-complex-reference-point",
        "coordinateSystem": "WGS84",
        "precisionDegrees": null,
        "origin": "shanghai-library",
        "sourceUrl": "https://data.library.sh.cn/entity/architecture/dh6lad2aum2r1cgt",
        "coordinateSourceTitle": "上海图书馆历史建筑开放数据",
        "sourceAddress": "愚园路750弄",
        "locationNote": "此为门址所在里弄、院落或建筑群参考点，未逐栋核定位置。",
        "wikipediaUrl": "https://zh.wikipedia.org/zh-hans/上海市优秀历史建筑",
        "wikidataId": null,
        "historicalGeometryVerified": false
      }
    },
    {
      "type": "Feature",
      "id": "sh-fgj-4M014-01-address-reference",
      "geometry": {
        "type": "Point",
        "coordinates": [
          121.428378,
          31.222145
        ]
      },
      "properties": {
        "officialId": "sh-fgj-4M014-01",
        "wikipediaId": "wiki-heritage-t05-r0231",
        "batch": 4,
        "officialCodeRaw": "4M014",
        "name": "杨氏花园",
        "articleTitle": "杨氏花园",
        "address": "愚园路838弄7号",
        "addressComparison": "exact",
        "coordinateScope": "building-complex-reference-point",
        "coordinateSystem": "WGS84",
        "precisionDegrees": null,
        "origin": "shanghai-library",
        "sourceUrl": "https://data.library.sh.cn/entity/architecture/dw3j5u75y7vijjmx",
        "coordinateSourceTitle": "上海图书馆历史建筑开放数据",
        "sourceAddress": "愚园路838弄7号",
        "locationNote": "此为门址所在里弄、院落或建筑群参考点，未逐栋核定位置。",
        "wikipediaUrl": "https://zh.wikipedia.org/zh-hans/上海市优秀历史建筑",
        "wikidataId": null,
        "historicalGeometryVerified": false
      }
    },
    {
      "type": "Feature",
      "id": "sh-fgj-4M015-01-address-reference",
      "geometry": {
        "type": "Point",
        "coordinates": [
          121.427866,
          31.221895
        ]
      },
      "properties": {
        "officialId": "sh-fgj-4M015-01",
        "wikipediaId": "wiki-heritage-t05-r0232",
        "batch": 4,
        "officialCodeRaw": "4M015",
        "name": "百老汇总会/花园住宅",
        "articleTitle": "百老汇总会/花园住宅",
        "address": "愚园路864号",
        "addressComparison": "exact",
        "coordinateScope": "address-reference-point",
        "coordinateSystem": "WGS84",
        "precisionDegrees": null,
        "origin": "shanghai-library",
        "sourceUrl": "https://data.library.sh.cn/entity/architecture/esuhpmn61m46fc7s",
        "coordinateSourceTitle": "上海图书馆历史建筑开放数据",
        "sourceAddress": "愚园路864号",
        "locationNote": "此为来源目录门牌参考点，未独立测绘或核定建筑轮廓。",
        "wikipediaUrl": "https://zh.wikipedia.org/zh-hans/上海市优秀历史建筑",
        "wikidataId": null,
        "historicalGeometryVerified": false
      }
    },
    {
      "type": "Feature",
      "id": "sh-fgj-4M016-01-address-reference",
      "geometry": {
        "type": "Point",
        "coordinates": [
          121.428067,
          31.221615
        ]
      },
      "properties": {
        "officialId": "sh-fgj-4M016-01",
        "wikipediaId": "wiki-heritage-t05-r0233",
        "batch": 4,
        "officialCodeRaw": "4M016",
        "name": "英式花园住宅群",
        "articleTitle": "英式花园住宅群",
        "address": "愚园路865弄30、31、32、33、35号",
        "addressComparison": "different-as-listed",
        "coordinateScope": "building-complex-reference-point",
        "coordinateSystem": "WGS84",
        "precisionDegrees": null,
        "origin": "shanghai-library",
        "sourceUrl": "https://data.library.sh.cn/entity/architecture/1w5er55etxvppbuy",
        "coordinateSourceTitle": "上海图书馆历史建筑开放数据",
        "sourceAddress": "愚园路865弄2-36号",
        "locationNote": "此为门址所在里弄、院落或建筑群参考点，未逐栋核定位置。 来源门址与官方写法有差异，原始门牌和对照理由均保留。",
        "wikipediaUrl": "https://zh.wikipedia.org/zh-hans/上海市优秀历史建筑",
        "wikidataId": null,
        "historicalGeometryVerified": false
      }
    },
    {
      "type": "Feature",
      "id": "sh-fgj-4M017-01-address-reference",
      "geometry": {
        "type": "Point",
        "coordinates": [
          121.425419,
          31.220576
        ]
      },
      "properties": {
        "officialId": "sh-fgj-4M017-01",
        "wikipediaId": "wiki-heritage-t05-r0234",
        "batch": 4,
        "officialCodeRaw": "4M017",
        "name": "周氏花园住宅",
        "articleTitle": "周氏花园住宅",
        "address": "愚园路1015号",
        "addressComparison": "exact",
        "coordinateScope": "address-reference-point",
        "coordinateSystem": "WGS84",
        "precisionDegrees": null,
        "origin": "shanghai-library",
        "sourceUrl": "https://data.library.sh.cn/entity/architecture/fpmhn5qbsyjzbile",
        "coordinateSourceTitle": "上海图书馆历史建筑开放数据",
        "sourceAddress": "愚园路1015号",
        "locationNote": "此为来源目录门牌参考点，未独立测绘或核定建筑轮廓。",
        "wikipediaUrl": "https://zh.wikipedia.org/wiki/%E6%84%9A%E5%9B%AD%E8%B7%AF1015%E5%8F%B7",
        "wikidataId": null,
        "historicalGeometryVerified": false
      }
    },
    {
      "type": "Feature",
      "id": "sh-fgj-4M018-01-address-reference",
      "geometry": {
        "type": "Point",
        "coordinates": [
          121.424157,
          31.222574
        ]
      },
      "properties": {
        "officialId": "sh-fgj-4M018-01",
        "wikipediaId": "wiki-heritage-t05-r0235",
        "batch": 4,
        "officialCodeRaw": "4M018",
        "name": "岐山村/东苑别业",
        "articleTitle": "岐山村/东苑别业",
        "address": "愚园路1032弄（1018-1028号，1034-1046号）",
        "addressComparison": "different-as-listed",
        "coordinateScope": "building-complex-reference-point",
        "coordinateSystem": "WGS84",
        "precisionDegrees": null,
        "origin": "shanghai-library",
        "sourceUrl": "https://data.library.sh.cn/entity/architecture/wommhaxda761kpzn",
        "coordinateSourceTitle": "上海图书馆历史建筑开放数据",
        "sourceAddress": "愚园路1032弄",
        "locationNote": "此为门址所在里弄、院落或建筑群参考点，未逐栋核定位置。 来源门址与官方写法有差异，原始门牌和对照理由均保留。",
        "wikipediaUrl": "https://zh.wikipedia.org/wiki/%E5%B2%90%E5%B1%B1%E6%9D%91",
        "wikidataId": null,
        "historicalGeometryVerified": false
      }
    },
    {
      "type": "Feature",
      "id": "sh-fgj-4M019-01-address-reference",
      "geometry": {
        "type": "Point",
        "coordinates": [
          121.423953,
          31.221133
        ]
      },
      "properties": {
        "officialId": "sh-fgj-4M019-01",
        "wikipediaId": "wiki-heritage-t05-r0236",
        "batch": 4,
        "officialCodeRaw": "4M019",
        "name": "宏业花园",
        "articleTitle": "宏业花园",
        "address": "愚园路1076号，1086号，1088弄5-9号、101-147号",
        "addressComparison": "different-as-listed",
        "coordinateScope": "building-complex-reference-point",
        "coordinateSystem": "WGS84",
        "precisionDegrees": null,
        "origin": "shanghai-library",
        "sourceUrl": "https://data.library.sh.cn/entity/architecture/vkqjelfaqzgtch4y",
        "coordinateSourceTitle": "上海图书馆历史建筑开放数据",
        "sourceAddress": "愚园路1088弄5-9号、104-148号",
        "locationNote": "此为门址所在里弄、院落或建筑群参考点，未逐栋核定位置。 来源门址与官方写法有差异，原始门牌和对照理由均保留。",
        "wikipediaUrl": "https://zh.wikipedia.org/zh-hans/上海市优秀历史建筑",
        "wikidataId": null,
        "historicalGeometryVerified": false
      }
    },
    {
      "type": "Feature",
      "id": "sh-fgj-4M020-01-address-reference",
      "geometry": {
        "type": "Point",
        "coordinates": [
          121.420197,
          31.221857
        ]
      },
      "properties": {
        "officialId": "sh-fgj-4M020-01",
        "wikipediaId": "wiki-heritage-t05-r0237",
        "batch": 4,
        "officialCodeRaw": "4M020",
        "name": "桃源坊",
        "articleTitle": "桃源坊",
        "address": "愚园路1292弄",
        "addressComparison": "exact",
        "coordinateScope": "building-complex-reference-point",
        "coordinateSystem": "WGS84",
        "precisionDegrees": null,
        "origin": "shanghai-library",
        "sourceUrl": "https://data.library.sh.cn/entity/architecture/q4szh71xruzkr4xx",
        "coordinateSourceTitle": "上海图书馆历史建筑开放数据",
        "sourceAddress": "愚园路1292弄",
        "locationNote": "此为门址所在里弄、院落或建筑群参考点，未逐栋核定位置。",
        "wikipediaUrl": "https://zh.wikipedia.org/zh-hans/上海市优秀历史建筑",
        "wikidataId": null,
        "historicalGeometryVerified": false
      }
    },
    {
      "type": "Feature",
      "id": "sh-fgj-4M021-01-address-reference",
      "geometry": {
        "type": "Point",
        "coordinates": [
          121.419253,
          31.220917
        ]
      },
      "properties": {
        "officialId": "sh-fgj-4M021-01",
        "wikipediaId": "wiki-heritage-t05-r0238",
        "batch": 4,
        "officialCodeRaw": "4M021",
        "name": "联安坊",
        "articleTitle": "联安坊",
        "address": "愚园路1352弄",
        "addressComparison": "exact",
        "coordinateScope": "building-complex-reference-point",
        "coordinateSystem": "WGS84",
        "precisionDegrees": null,
        "origin": "shanghai-library",
        "sourceUrl": "https://data.library.sh.cn/entity/architecture/75k0053tyonefilk",
        "coordinateSourceTitle": "上海图书馆历史建筑开放数据",
        "sourceAddress": "愚园路1352弄",
        "locationNote": "此为门址所在里弄、院落或建筑群参考点，未逐栋核定位置。",
        "wikipediaUrl": "https://zh.wikipedia.org/zh-hans/上海市优秀历史建筑",
        "wikidataId": null,
        "historicalGeometryVerified": false
      }
    },
    {
      "type": "Feature",
      "id": "sh-fgj-4M022-01-address-reference",
      "geometry": {
        "type": "Point",
        "coordinates": [
          121.415435,
          31.220478
        ]
      },
      "properties": {
        "officialId": "sh-fgj-4M022-01",
        "wikipediaId": "wiki-heritage-t05-r0239",
        "batch": 4,
        "officialCodeRaw": "4M022",
        "name": "中央研究院理工实验馆:实验大楼，元培楼",
        "articleTitle": "中央研究院理工实验馆:实验大楼，元培楼",
        "address": "长宁路865号（中山公园对面）",
        "addressComparison": "exact",
        "coordinateScope": "building-complex-reference-point",
        "coordinateSystem": "WGS84",
        "precisionDegrees": null,
        "origin": "shanghai-library",
        "sourceUrl": "https://data.library.sh.cn/entity/architecture/eyy3f1014d088r4d",
        "coordinateSourceTitle": "上海图书馆历史建筑开放数据",
        "sourceAddress": "长宁路865号（中山公园对面）",
        "locationNote": "此为门址所在里弄、院落或建筑群参考点，未逐栋核定位置。 图书馆同址多个实体使用同一点，尚未区分具体楼栋；仅作共用门址参考，不采用其中任一楼名。",
        "wikipediaUrl": "https://zh.wikipedia.org/zh-hans/上海市优秀历史建筑",
        "wikidataId": null,
        "historicalGeometryVerified": false
      }
    },
    {
      "type": "Feature",
      "id": "sh-fgj-4M023-01-address-reference",
      "geometry": {
        "type": "Point",
        "coordinates": [
          121.409602,
          31.219263
        ]
      },
      "properties": {
        "officialId": "sh-fgj-4M023-01",
        "wikipediaId": "wiki-heritage-t05-r0241",
        "batch": 4,
        "officialCodeRaw": "4M023",
        "name": "圣玛利亚女中",
        "articleTitle": "圣玛利亚女中",
        "address": "长宁路1187号",
        "addressComparison": "exact",
        "coordinateScope": "building-complex-reference-point",
        "coordinateSystem": "WGS84",
        "precisionDegrees": null,
        "origin": "shanghai-library",
        "sourceUrl": "https://data.library.sh.cn/entity/architecture/cl8w325mk7e24yy5",
        "coordinateSourceTitle": "上海图书馆历史建筑开放数据",
        "sourceAddress": "长宁路1187号",
        "locationNote": "此为门址所在里弄、院落或建筑群参考点，未逐栋核定位置。",
        "wikipediaUrl": "https://zh.wikipedia.org/wiki/%E5%9C%A3%E7%8E%9B%E5%88%A9%E4%BA%9A%E5%A5%B3%E4%B8%AD",
        "wikidataId": null,
        "historicalGeometryVerified": false
      }
    },
    {
      "type": "Feature",
      "id": "sh-fgj-4M024-01-address-reference",
      "geometry": {
        "type": "Point",
        "coordinates": [
          121.427298,
          31.217728
        ]
      },
      "properties": {
        "officialId": "sh-fgj-4M024-01",
        "wikipediaId": "wiki-heritage-t05-r0242",
        "batch": 4,
        "officialCodeRaw": "4M024",
        "name": "花园住宅",
        "articleTitle": "利西路24弄5号 花园住宅",
        "address": "利西路24弄5号",
        "addressComparison": "exact",
        "coordinateScope": "building-complex-reference-point",
        "coordinateSystem": "WGS84",
        "precisionDegrees": null,
        "origin": "shanghai-library",
        "sourceUrl": "https://data.library.sh.cn/entity/architecture/hwff0tvh16uqfjha",
        "coordinateSourceTitle": "上海图书馆历史建筑开放数据",
        "sourceAddress": "利西路24弄5号",
        "locationNote": "此为门址所在里弄、院落或建筑群参考点，未逐栋核定位置。",
        "wikipediaUrl": "https://zh.wikipedia.org/zh-hans/上海市优秀历史建筑",
        "wikidataId": null,
        "historicalGeometryVerified": false
      }
    },
    {
      "type": "Feature",
      "id": "sh-fgj-4M025-01-address-reference",
      "geometry": {
        "type": "Point",
        "coordinates": [
          121.426846,
          31.217422
        ]
      },
      "properties": {
        "officialId": "sh-fgj-4M025-01",
        "wikipediaId": "wiki-heritage-t05-r0243",
        "batch": 4,
        "officialCodeRaw": "4M025",
        "name": "花园住宅",
        "articleTitle": "利西路30-32号 花园住宅",
        "address": "利西路30、32号",
        "addressComparison": "formatting-only",
        "coordinateScope": "building-complex-reference-point",
        "coordinateSystem": "WGS84",
        "precisionDegrees": null,
        "origin": "shanghai-library",
        "sourceUrl": "https://data.library.sh.cn/entity/architecture/tsrvr2nlpeiouyha",
        "coordinateSourceTitle": "上海图书馆历史建筑开放数据",
        "sourceAddress": "利西路30-32号",
        "locationNote": "此为门址所在里弄、院落或建筑群参考点，未逐栋核定位置。 来源门址与官方写法有差异，原始门牌和对照理由均保留。",
        "wikipediaUrl": "https://zh.wikipedia.org/zh-hans/上海市优秀历史建筑",
        "wikidataId": null,
        "historicalGeometryVerified": false
      }
    },
    {
      "type": "Feature",
      "id": "sh-fgj-4M026-01-address-reference",
      "geometry": {
        "type": "Point",
        "coordinates": [
          121.423102,
          31.217161
        ]
      },
      "properties": {
        "officialId": "sh-fgj-4M026-01",
        "wikipediaId": "wiki-heritage-t05-r0244",
        "batch": 4,
        "officialCodeRaw": "4M026",
        "name": "福世花园",
        "articleTitle": "福世花园",
        "address": "安化路200弄7、8、9、10、11-12、14-15、16、17、18、19号",
        "addressComparison": "different-as-listed",
        "coordinateScope": "building-complex-reference-point",
        "coordinateSystem": "WGS84",
        "precisionDegrees": null,
        "origin": "shanghai-library",
        "sourceUrl": "https://data.library.sh.cn/entity/architecture/y3lwi6f24ba24c0y",
        "coordinateSourceTitle": "上海图书馆历史建筑开放数据",
        "sourceAddress": "安化路200弄7-19号",
        "locationNote": "此为门址所在里弄、院落或建筑群参考点，未逐栋核定位置。 来源门址与官方写法有差异，原始门牌和对照理由均保留。",
        "wikipediaUrl": "https://zh.wikipedia.org/zh-hans/上海市优秀历史建筑",
        "wikidataId": null,
        "historicalGeometryVerified": false
      }
    },
    {
      "type": "Feature",
      "id": "sh-fgj-4M027-01-address-reference",
      "geometry": {
        "type": "Point",
        "coordinates": [
          121.42652,
          31.216698
        ]
      },
      "properties": {
        "officialId": "sh-fgj-4M027-01",
        "wikipediaId": "wiki-heritage-t05-r0245",
        "batch": 4,
        "officialCodeRaw": "4M027",
        "name": "郭氏花园住宅",
        "articleTitle": "郭氏花园住宅",
        "address": "延安西路949弄25-47号（除37号）",
        "addressComparison": "formatting-only",
        "coordinateScope": "building-complex-reference-point",
        "coordinateSystem": "WGS84",
        "precisionDegrees": null,
        "origin": "shanghai-library",
        "sourceUrl": "https://data.library.sh.cn/entity/architecture/h773p6lrkwyfj3ng",
        "coordinateSourceTitle": "上海图书馆历史建筑开放数据",
        "sourceAddress": "延安西路949弄25-47号（37号为搭建）",
        "locationNote": "此为门址所在里弄、院落或建筑群参考点，未逐栋核定位置。 来源门址与官方写法有差异，原始门牌和对照理由均保留。",
        "wikipediaUrl": "https://zh.wikipedia.org/zh-hans/上海市优秀历史建筑",
        "wikidataId": null,
        "historicalGeometryVerified": false
      }
    },
    {
      "type": "Feature",
      "id": "sh-fgj-4M029-01-address-reference",
      "geometry": {
        "type": "Point",
        "coordinates": [
          121.416399,
          31.21425
        ]
      },
      "properties": {
        "officialId": "sh-fgj-4M029-01",
        "wikipediaId": "wiki-heritage-t05-r0247",
        "batch": 4,
        "officialCodeRaw": "4M029",
        "name": "汤山村",
        "articleTitle": "汤山村",
        "address": "武夷路466弄2-9号，武夷路458-460、470-472号",
        "addressComparison": "different-as-listed",
        "coordinateScope": "building-complex-reference-point",
        "coordinateSystem": "WGS84",
        "precisionDegrees": null,
        "origin": "shanghai-library",
        "sourceUrl": "https://data.library.sh.cn/entity/architecture/l5qjrtos01v88gky",
        "coordinateSourceTitle": "上海图书馆历史建筑开放数据",
        "sourceAddress": "武夷路466弄",
        "locationNote": "此为门址所在里弄、院落或建筑群参考点，未逐栋核定位置。 来源门址与官方写法有差异，原始门牌和对照理由均保留。",
        "wikipediaUrl": "https://zh.wikipedia.org/wiki/%E6%B1%A4%E5%B1%B1%E6%9D%91",
        "wikidataId": null,
        "historicalGeometryVerified": false
      }
    },
    {
      "type": "Feature",
      "id": "sh-fgj-4M030-01-address-reference",
      "geometry": {
        "type": "Point",
        "coordinates": [
          121.427778,
          31.212733
        ]
      },
      "properties": {
        "officialId": "sh-fgj-4M030-01",
        "wikipediaId": "wiki-heritage-t05-r0248",
        "batch": 4,
        "officialCodeRaw": "4M030",
        "name": "范园",
        "articleTitle": "范园",
        "address": "华山路1220弄",
        "addressComparison": "exact",
        "coordinateScope": "building-complex-reference-point",
        "coordinateSystem": "WGS84",
        "precisionDegrees": null,
        "origin": "shanghai-library",
        "sourceUrl": "https://data.library.sh.cn/entity/architecture/rv3st7l1scmsudht",
        "coordinateSourceTitle": "上海图书馆历史建筑开放数据",
        "sourceAddress": "华山路1220弄",
        "locationNote": "此为门址所在里弄、院落或建筑群参考点，未逐栋核定位置。",
        "wikipediaUrl": "https://zh.wikipedia.org/wiki/%E8%8C%83%E5%9B%AD",
        "wikidataId": null,
        "historicalGeometryVerified": false
      }
    },
    {
      "type": "Feature",
      "id": "sh-fgj-4M031-01-address-reference",
      "geometry": {
        "type": "Point",
        "coordinates": [
          121.424885,
          31.210378
        ]
      },
      "properties": {
        "officialId": "sh-fgj-4M031-01",
        "wikipediaId": "wiki-heritage-t05-r0249",
        "batch": 4,
        "officialCodeRaw": "4M031",
        "name": "外国弄堂",
        "articleTitle": "外国弄堂",
        "address": "番禺路55弄、75弄、95弄，平武路2号、8号、10号、14号、18号",
        "addressComparison": "exact",
        "coordinateScope": "building-complex-reference-point",
        "coordinateSystem": "WGS84",
        "precisionDegrees": null,
        "origin": "shanghai-library",
        "sourceUrl": "https://data.library.sh.cn/entity/architecture/20wijz247di5wjpd",
        "coordinateSourceTitle": "上海图书馆历史建筑开放数据",
        "sourceAddress": "番禺路55弄、75弄、95弄，平武路2号、8号、10号、14号、18号",
        "locationNote": "此为门址所在里弄、院落或建筑群参考点，未逐栋核定位置。",
        "wikipediaUrl": "https://zh.wikipedia.org/zh-hans/上海市优秀历史建筑",
        "wikidataId": null,
        "historicalGeometryVerified": false
      }
    },
    {
      "type": "Feature",
      "id": "sh-fgj-4M032-01-address-reference",
      "geometry": {
        "type": "Point",
        "coordinates": [
          121.425016,
          31.209493
        ]
      },
      "properties": {
        "officialId": "sh-fgj-4M032-01",
        "wikipediaId": "wiki-heritage-t05-r0250",
        "batch": 4,
        "officialCodeRaw": "4M032",
        "name": "邬达克住宅",
        "articleTitle": "邬达克住宅",
        "address": "番禺路135号",
        "addressComparison": "different-as-listed",
        "coordinateScope": "address-reference-point",
        "coordinateSystem": "WGS84",
        "precisionDegrees": null,
        "origin": "shanghai-library",
        "sourceUrl": "https://data.library.sh.cn/entity/architecture/c08imi1in21azc68",
        "coordinateSourceTitle": "上海图书馆历史建筑开放数据",
        "sourceAddress": "番禺路135号",
        "locationNote": "此为来源目录门牌参考点，未独立测绘或核定建筑轮廓。",
        "wikipediaUrl": "https://zh.wikipedia.org/wiki/%E9%84%94%E9%81%94%E5%85%8B%E7%B4%80%E5%BF%B5%E9%A4%A8",
        "wikidataId": null,
        "historicalGeometryVerified": false
      }
    },
    {
      "type": "Feature",
      "id": "sh-fgj-4M033-01-address-reference",
      "geometry": {
        "type": "Point",
        "coordinates": [
          121.430985,
          31.204501
        ]
      },
      "properties": {
        "officialId": "sh-fgj-4M033-01",
        "wikipediaId": "wiki-heritage-t05-r0251",
        "batch": 4,
        "officialCodeRaw": "4M033",
        "name": "又斯登公寓",
        "articleTitle": "又斯登公寓",
        "address": "淮海中路2068号",
        "addressComparison": "exact",
        "coordinateScope": "address-reference-point",
        "coordinateSystem": "WGS84",
        "precisionDegrees": null,
        "origin": "shanghai-library",
        "sourceUrl": "https://data.library.sh.cn/entity/architecture/4yo3imspgbyn8pmg",
        "coordinateSourceTitle": "上海图书馆历史建筑开放数据",
        "sourceAddress": "淮海中路2068号",
        "locationNote": "此为来源目录门牌参考点，未独立测绘或核定建筑轮廓。",
        "wikipediaUrl": "https://zh.wikipedia.org/wiki/%E7%99%BB%E4%BA%91%E5%85%AC%E5%AF%93",
        "wikidataId": null,
        "historicalGeometryVerified": false
      }
    },
    {
      "type": "Feature",
      "id": "sh-fgj-4M034-01-address-reference",
      "geometry": {
        "type": "Point",
        "coordinates": [
          121.429687,
          31.205125
        ]
      },
      "properties": {
        "officialId": "sh-fgj-4M034-01",
        "wikipediaId": "wiki-heritage-t05-r0252",
        "batch": 4,
        "officialCodeRaw": "4M034",
        "name": "李鸿章祠堂及门楼/复旦公学力学庐",
        "articleTitle": "李鸿章祠堂及门楼/复旦公学力学庐",
        "address": "华山路1626号",
        "addressComparison": "exact",
        "coordinateScope": "building-complex-reference-point",
        "coordinateSystem": "WGS84",
        "precisionDegrees": null,
        "origin": "shanghai-library",
        "sourceUrl": "https://data.library.sh.cn/entity/architecture/mna518fiaqb4dwnk",
        "coordinateSourceTitle": "上海图书馆历史建筑开放数据",
        "sourceAddress": "华山路1626号",
        "locationNote": "此为门址所在里弄、院落或建筑群参考点，未逐栋核定位置。 图书馆同址多个实体使用同一点，尚未区分具体楼栋；仅作共用门址参考，不采用其中任一楼名。",
        "wikipediaUrl": "https://zh.wikipedia.org/wiki/%E4%B8%8A%E6%B5%B7%E5%B8%82%E5%A4%8D%E6%97%A6%E4%B8%AD%E5%AD%A6",
        "wikidataId": null,
        "historicalGeometryVerified": false
      }
    },
    {
      "type": "Feature",
      "id": "sh-fgj-4M035-01-address-reference",
      "geometry": {
        "type": "Point",
        "coordinates": [
          121.421538,
          31.204776
        ]
      },
      "properties": {
        "officialId": "sh-fgj-4M035-01",
        "wikipediaId": "wiki-heritage-t05-r0254",
        "batch": 4,
        "officialCodeRaw": "4M035",
        "name": "外国弄堂",
        "articleTitle": "外国弄堂",
        "address": "新华路329弄28号、30号，新华路321号，新华路211弄1号、10号、12号、14号、16号",
        "addressComparison": "different-as-listed",
        "coordinateScope": "building-complex-reference-point",
        "coordinateSystem": "WGS84",
        "precisionDegrees": null,
        "origin": "shanghai-library",
        "sourceUrl": "https://data.library.sh.cn/entity/architecture/mcgbtovkln1un7lz",
        "coordinateSourceTitle": "上海图书馆历史建筑开放数据",
        "sourceAddress": "新华路329弄28号",
        "locationNote": "此为门址所在里弄、院落或建筑群参考点，未逐栋核定位置。 来源门址与官方写法有差异，原始门牌和对照理由均保留。",
        "wikipediaUrl": "https://zh.wikipedia.org/wiki/%E5%93%A5%E4%BC%A6%E6%AF%94%E4%BA%9A%E4%BD%8F%E5%AE%85%E5%9C%88",
        "wikidataId": null,
        "historicalGeometryVerified": false
      }
    },
    {
      "type": "Feature",
      "id": "sh-fgj-4M036-01-address-reference",
      "geometry": {
        "type": "Point",
        "coordinates": [
          121.401669,
          31.200524
        ]
      },
      "properties": {
        "officialId": "sh-fgj-4M036-01",
        "wikipediaId": "wiki-heritage-t05-r0262",
        "batch": 4,
        "officialCodeRaw": "4M036",
        "name": "虹桥疗养院",
        "articleTitle": "虹桥疗养院",
        "address": "伊犁路2号",
        "addressComparison": "exact",
        "coordinateScope": "address-reference-point",
        "coordinateSystem": "WGS84",
        "precisionDegrees": null,
        "origin": "shanghai-library",
        "sourceUrl": "https://data.library.sh.cn/entity/architecture/3yor2eg7qies2y6g",
        "coordinateSourceTitle": "上海图书馆历史建筑开放数据",
        "sourceAddress": "伊犁路2号",
        "locationNote": "此为来源目录门牌参考点，未独立测绘或核定建筑轮廓。",
        "wikipediaUrl": "https://zh.wikipedia.org/wiki/%E4%BC%8A%E7%8A%81%E8%B7%AF2%E5%8F%B7",
        "wikidataId": null,
        "historicalGeometryVerified": false
      }
    },
    {
      "type": "Feature",
      "id": "sh-fgj-4M037-01-address-reference",
      "geometry": {
        "type": "Point",
        "coordinates": [
          121.401669,
          31.199695
        ]
      },
      "properties": {
        "officialId": "sh-fgj-4M037-01",
        "wikipediaId": "wiki-heritage-t05-r0263",
        "batch": 4,
        "officialCodeRaw": "4M037",
        "name": "花园住宅",
        "articleTitle": "虹桥路1390号 白宫俱乐部",
        "address": "虹桥路1390号",
        "addressComparison": "exact",
        "coordinateScope": "address-reference-point",
        "coordinateSystem": "WGS84",
        "precisionDegrees": null,
        "origin": "shanghai-library",
        "sourceUrl": "https://data.library.sh.cn/entity/architecture/uf7xpnl5m6bsegni",
        "coordinateSourceTitle": "上海图书馆历史建筑开放数据",
        "sourceAddress": "虹桥路1390号",
        "locationNote": "此为来源目录门牌参考点，未独立测绘或核定建筑轮廓。",
        "wikipediaUrl": "https://zh.wikipedia.org/zh-hans/上海市优秀历史建筑",
        "wikidataId": null,
        "historicalGeometryVerified": false
      }
    },
    {
      "type": "Feature",
      "id": "sh-fgj-4M038-01-address-reference",
      "geometry": {
        "type": "Point",
        "coordinates": [
          121.399173,
          31.200455
        ]
      },
      "properties": {
        "officialId": "sh-fgj-4M038-01",
        "wikipediaId": "wiki-heritage-t05-r0264",
        "batch": 4,
        "officialCodeRaw": "4M038",
        "name": "宋氏花园住宅",
        "articleTitle": "宋氏花园住宅",
        "address": "虹桥路1430号",
        "addressComparison": "exact",
        "coordinateScope": "building-complex-reference-point",
        "coordinateSystem": "WGS84",
        "precisionDegrees": null,
        "origin": "shanghai-library",
        "sourceUrl": "https://data.library.sh.cn/entity/architecture/h3sd7vadp0788rlf",
        "coordinateSourceTitle": "上海图书馆历史建筑开放数据",
        "sourceAddress": "虹桥路1430号",
        "locationNote": "此为门址所在里弄、院落或建筑群参考点，未逐栋核定位置。",
        "wikipediaUrl": "https://zh.wikipedia.org/zh-hans/上海市优秀历史建筑",
        "wikidataId": null,
        "historicalGeometryVerified": false
      }
    },
    {
      "type": "Feature",
      "id": "sh-fgj-4M039-01-address-reference",
      "geometry": {
        "type": "Point",
        "coordinates": [
          121.398044,
          31.20049
        ]
      },
      "properties": {
        "officialId": "sh-fgj-4M039-01",
        "wikipediaId": "wiki-heritage-t05-r0265",
        "batch": 4,
        "officialCodeRaw": "4M039",
        "name": "陈氏花园住宅/上海血吸虫病院（1956年）/上海寄生虫病院（1972年）/上海第二结核病防治院",
        "articleTitle": "陈氏花园住宅/上海血吸虫病院（1956年）/上海寄生虫病院（1972年）/上海第二结核病防治院",
        "address": "虹桥路1440号",
        "addressComparison": "exact",
        "coordinateScope": "address-reference-point",
        "coordinateSystem": "WGS84",
        "precisionDegrees": null,
        "origin": "shanghai-library",
        "sourceUrl": "https://data.library.sh.cn/entity/architecture/ew37677xrma6c26t",
        "coordinateSourceTitle": "上海图书馆历史建筑开放数据",
        "sourceAddress": "虹桥路1440号",
        "locationNote": "此为来源目录门牌参考点，未独立测绘或核定建筑轮廓。",
        "wikipediaUrl": "https://zh.wikipedia.org/wiki/%E9%99%88%E6%B0%8F%E8%8A%B1%E5%9B%AD%E4%BD%8F%E5%AE%85",
        "wikidataId": null,
        "historicalGeometryVerified": false
      }
    },
    {
      "type": "Feature",
      "id": "sh-fgj-4M040-01-address-reference",
      "geometry": {
        "type": "Point",
        "coordinates": [
          121.392826,
          31.20225
        ]
      },
      "properties": {
        "officialId": "sh-fgj-4M040-01",
        "wikipediaId": "wiki-heritage-t05-r0266",
        "batch": 4,
        "officialCodeRaw": "4M040",
        "name": "花园住宅",
        "articleTitle": "虹桥路1518号 花园住宅",
        "address": "虹桥路1518号",
        "addressComparison": "exact",
        "coordinateScope": "building-complex-reference-point",
        "coordinateSystem": "WGS84",
        "precisionDegrees": null,
        "origin": "shanghai-library",
        "sourceUrl": "https://data.library.sh.cn/entity/architecture/n45gov5nvc3iy7kw",
        "coordinateSourceTitle": "上海图书馆历史建筑开放数据",
        "sourceAddress": "虹桥路1518号",
        "locationNote": "此为门址所在里弄、院落或建筑群参考点，未逐栋核定位置。",
        "wikipediaUrl": "https://zh.wikipedia.org/zh-hans/上海市优秀历史建筑",
        "wikidataId": null,
        "historicalGeometryVerified": false
      }
    },
    {
      "type": "Feature",
      "id": "sh-fgj-4M041-01-address-reference",
      "geometry": {
        "type": "Point",
        "coordinates": [
          121.384128,
          31.199823
        ]
      },
      "properties": {
        "officialId": "sh-fgj-4M041-01",
        "wikipediaId": "wiki-heritage-t05-r0267",
        "batch": 4,
        "officialCodeRaw": "4M041",
        "name": "上海盲童学校",
        "articleTitle": "上海盲童学校",
        "address": "虹桥路1850号",
        "addressComparison": "exact",
        "coordinateScope": "building-complex-reference-point",
        "coordinateSystem": "WGS84",
        "precisionDegrees": null,
        "origin": "shanghai-library",
        "sourceUrl": "https://data.library.sh.cn/entity/architecture/hzdjayx5z0u7mphk",
        "coordinateSourceTitle": "上海图书馆历史建筑开放数据",
        "sourceAddress": "虹桥路1850号",
        "locationNote": "此为门址所在里弄、院落或建筑群参考点，未逐栋核定位置。",
        "wikipediaUrl": "https://zh.wikipedia.org/wiki/%E4%B8%8A%E6%B5%B7%E5%B8%82%E7%9B%B2%E7%AB%A5%E5%AD%A6%E6%A0%A1",
        "wikidataId": null,
        "historicalGeometryVerified": false
      }
    },
    {
      "type": "Feature",
      "id": "sh-fgj-4M042-01-address-reference",
      "geometry": {
        "type": "Point",
        "coordinates": [
          121.373476,
          31.194813
        ]
      },
      "properties": {
        "officialId": "sh-fgj-4M042-01",
        "wikipediaId": "wiki-heritage-t05-r0268",
        "batch": 4,
        "officialCodeRaw": "4M042",
        "name": "孔氏别墅",
        "articleTitle": "孔氏别墅",
        "address": "虹桥路2258号、2260号",
        "addressComparison": "different-as-listed",
        "coordinateScope": "building-complex-reference-point",
        "coordinateSystem": "WGS84",
        "precisionDegrees": null,
        "origin": "shanghai-library",
        "sourceUrl": "https://data.library.sh.cn/entity/architecture/jrl5fbzd607pd4px",
        "coordinateSourceTitle": "上海图书馆历史建筑开放数据",
        "sourceAddress": "虹桥路2258号",
        "locationNote": "此为门址所在里弄、院落或建筑群参考点，未逐栋核定位置。 来源门址与官方写法有差异，原始门牌和对照理由均保留。",
        "wikipediaUrl": "https://zh.wikipedia.org/zh-hans/上海市优秀历史建筑",
        "wikidataId": null,
        "historicalGeometryVerified": false
      }
    },
    {
      "type": "Feature",
      "id": "sh-fgj-4M043-01-address-reference",
      "geometry": {
        "type": "Point",
        "coordinates": [
          121.362923,
          31.191888
        ]
      },
      "properties": {
        "officialId": "sh-fgj-4M043-01",
        "wikipediaId": "wiki-heritage-t05-r0269",
        "batch": 4,
        "officialCodeRaw": "4M043",
        "name": "花园住宅",
        "articleTitle": "虹桥路2374号 居民楼",
        "address": "虹桥路2374号",
        "addressComparison": "exact",
        "coordinateScope": "address-reference-point",
        "coordinateSystem": "WGS84",
        "precisionDegrees": null,
        "origin": "shanghai-library",
        "sourceUrl": "https://data.library.sh.cn/entity/architecture/a7hgpyljqv3s0mrw",
        "coordinateSourceTitle": "上海图书馆历史建筑开放数据",
        "sourceAddress": "虹桥路2374号",
        "locationNote": "此为来源目录门牌参考点，未独立测绘或核定建筑轮廓。",
        "wikipediaUrl": "https://zh.wikipedia.org/wiki/%E8%99%B9%E6%A1%A5%E8%B7%AF2374%E5%8F%B7%E8%8A%B1%E5%9B%AD%E4%BD%8F%E5%AE%85",
        "wikidataId": null,
        "historicalGeometryVerified": false
      }
    },
    {
      "type": "Feature",
      "id": "sh-fgj-4M044-01-address-reference",
      "geometry": {
        "type": "Point",
        "coordinates": [
          121.355997,
          31.189485
        ]
      },
      "properties": {
        "officialId": "sh-fgj-4M044-01",
        "wikipediaId": "wiki-heritage-t05-r0270",
        "batch": 4,
        "officialCodeRaw": "4M044",
        "name": "泰晤士报社别墅，美丰银行别墅",
        "articleTitle": "泰晤士报社别墅，美丰银行别墅",
        "address": "虹桥路2419号",
        "addressComparison": "exact",
        "coordinateScope": "address-reference-point",
        "coordinateSystem": "WGS84",
        "precisionDegrees": null,
        "origin": "shanghai-library",
        "sourceUrl": "https://data.library.sh.cn/entity/architecture/1gsmrkibqyvb36ne",
        "coordinateSourceTitle": "上海图书馆历史建筑开放数据",
        "sourceAddress": "虹桥路2419号",
        "locationNote": "此为来源目录门牌参考点，未独立测绘或核定建筑轮廓。",
        "wikipediaUrl": "https://zh.wikipedia.org/zh-hans/上海市优秀历史建筑",
        "wikidataId": null,
        "historicalGeometryVerified": false
      }
    },
    {
      "type": "Feature",
      "id": "sh-fgj-4M045-01-address-reference",
      "geometry": {
        "type": "Point",
        "coordinates": [
          121.362399,
          31.198342
        ]
      },
      "properties": {
        "officialId": "sh-fgj-4M045-01",
        "wikipediaId": "wiki-heritage-t05-r0272",
        "batch": 4,
        "officialCodeRaw": "4M045",
        "name": "花园住宅，教堂",
        "articleTitle": "花园住宅，教堂",
        "address": "哈密路1713号",
        "addressComparison": "exact",
        "coordinateScope": "address-reference-point",
        "coordinateSystem": "WGS84",
        "precisionDegrees": null,
        "origin": "shanghai-library",
        "sourceUrl": "https://data.library.sh.cn/entity/architecture/bsg276sy3wmtpfwz",
        "coordinateSourceTitle": "上海图书馆历史建筑开放数据",
        "sourceAddress": "哈密路1713号",
        "locationNote": "此为来源目录门牌参考点，未独立测绘或核定建筑轮廓。",
        "wikipediaUrl": "https://zh.wikipedia.org/zh-hans/上海市优秀历史建筑",
        "wikidataId": null,
        "historicalGeometryVerified": false
      }
    },
    {
      "type": "Feature",
      "id": "sh-fgj-4M046-01-address-reference",
      "geometry": {
        "type": "Point",
        "coordinates": [
          121.342512,
          31.186222
        ]
      },
      "properties": {
        "officialId": "sh-fgj-4M046-01",
        "wikipediaId": "wiki-heritage-t05-r0274",
        "batch": 4,
        "officialCodeRaw": "4M046",
        "name": "花园住宅",
        "articleTitle": "空港六路1号 空管局退休干部活动中心",
        "address": "迎宾三路298号",
        "addressComparison": "different-as-listed",
        "coordinateScope": "address-reference-point",
        "coordinateSystem": "WGS84",
        "precisionDegrees": null,
        "origin": "shanghai-library",
        "sourceUrl": "https://data.library.sh.cn/entity/architecture/qqi1x2l3zdd0ilxj",
        "coordinateSourceTitle": "上海图书馆历史建筑开放数据",
        "sourceAddress": "空港六路1号",
        "locationNote": "此为来源目录门牌参考点，未独立测绘或核定建筑轮廓。 来源门址与官方写法有差异，原始门牌和对照理由均保留。",
        "wikipediaUrl": "https://zh.wikipedia.org/zh-hans/上海市优秀历史建筑",
        "wikidataId": null,
        "historicalGeometryVerified": false
      }
    },
    {
      "type": "Feature",
      "id": "sh-fgj-4N002-01-address-reference",
      "geometry": {
        "type": "Point",
        "coordinates": [
          121.431424,
          31.24704
        ]
      },
      "properties": {
        "officialId": "sh-fgj-4N002-01",
        "wikipediaId": "wiki-heritage-t05-r0291",
        "batch": 4,
        "officialCodeRaw": "4N002",
        "name": "住宅",
        "articleTitle": "澳门路660弄 住宅",
        "address": "澳门路660弄1-15号，17-25号，27-37号，41-51号，229-239号，251-261号，267-277号，291-301号，307-317号，381-391号，397-407号",
        "addressComparison": "formatting-only",
        "coordinateScope": "building-complex-reference-point",
        "coordinateSystem": "WGS84",
        "precisionDegrees": null,
        "origin": "openstreetmap",
        "sourceUrl": "https://www.openstreetmap.org/way/495702591",
        "coordinateSourceTitle": "OpenStreetMap",
        "sourceAddress": "澳门路660弄",
        "locationNote": "此点为OSM已标明澳门小区范围的包围框中心，不是某栋楼、门牌或入口定位。 官网4N002保护门牌是小区内的部分建筑；不将整个OSM小区全部视为保护建筑。 © OpenStreetMap contributors · ODbL-1.0",
        "wikipediaUrl": "https://zh.wikipedia.org/wiki/%E6%BE%B3%E9%97%A8%E8%B7%AF660%E5%BC%84%E4%BD%8F%E5%AE%85",
        "wikidataId": null,
        "historicalGeometryVerified": false
      }
    },
    {
      "type": "Feature",
      "id": "sh-fgj-5A001-01-address-reference",
      "geometry": {
        "type": "Point",
        "coordinates": [
          121.482575,
          31.239234
        ]
      },
      "properties": {
        "officialId": "sh-fgj-5A001-01",
        "wikipediaId": "wiki-heritage-t06-r0002",
        "batch": 5,
        "officialCodeRaw": "5A001",
        "name": "新康大楼",
        "articleTitle": "新康大楼",
        "address": "江西中路260号，九江路151号",
        "addressComparison": "different-as-listed",
        "coordinateScope": "building-complex-reference-point",
        "coordinateSystem": "WGS84",
        "precisionDegrees": null,
        "origin": "shanghai-library",
        "sourceUrl": "https://data.library.sh.cn/entity/architecture/y87ra3mka04ltw8r",
        "coordinateSourceTitle": "上海图书馆历史建筑开放数据",
        "sourceAddress": "江西中路260号，九江路150号",
        "locationNote": "此为门址所在里弄、院落或建筑群参考点，未逐栋核定位置。 来源门址与官方写法有差异，原始门牌和对照理由均保留。",
        "wikipediaUrl": "https://zh.wikipedia.org/wiki/%E6%96%B0%E5%BA%B7%E5%A4%A7%E6%A5%BC",
        "wikidataId": null,
        "historicalGeometryVerified": false
      }
    },
    {
      "type": "Feature",
      "id": "sh-fgj-5A002-01-address-reference",
      "geometry": {
        "type": "Point",
        "coordinates": [
          121.500208,
          31.223448
        ]
      },
      "properties": {
        "officialId": "sh-fgj-5A002-01",
        "wikipediaId": "wiki-heritage-t06-r0003",
        "batch": 5,
        "officialCodeRaw": "5A002",
        "name": "江海南关办公楼",
        "articleTitle": "江海南关办公楼",
        "address": "外马路348号",
        "addressComparison": "exact",
        "coordinateScope": "address-reference-point",
        "coordinateSystem": "WGS84",
        "precisionDegrees": null,
        "origin": "shanghai-library",
        "sourceUrl": "https://data.library.sh.cn/entity/architecture/nyhquglad53pg0p8",
        "coordinateSourceTitle": "上海图书馆历史建筑开放数据",
        "sourceAddress": "外马路348号",
        "locationNote": "此为来源目录门牌参考点，未独立测绘或核定建筑轮廓。",
        "wikipediaUrl": "https://zh.wikipedia.org/zh-hans/上海市优秀历史建筑",
        "wikidataId": null,
        "historicalGeometryVerified": false
      }
    },
    {
      "type": "Feature",
      "id": "sh-fgj-5A003-01-address-reference",
      "geometry": {
        "type": "Point",
        "coordinates": [
          121.483106,
          31.241326
        ]
      },
      "properties": {
        "officialId": "sh-fgj-5A003-01",
        "wikipediaId": "wiki-heritage-t06-r0004",
        "batch": 5,
        "officialCodeRaw": "5A003",
        "name": "仁记路119号大楼",
        "articleTitle": "仁记路119号大楼",
        "address": "四川中路420号，滇池路119号",
        "addressComparison": "exact",
        "coordinateScope": "building-complex-reference-point",
        "coordinateSystem": "WGS84",
        "precisionDegrees": null,
        "origin": "shanghai-library",
        "sourceUrl": "https://data.library.sh.cn/entity/architecture/5gd1u5b4n8bn21wi",
        "coordinateSourceTitle": "上海图书馆历史建筑开放数据",
        "sourceAddress": "四川中路420号，滇池路119号",
        "locationNote": "此为门址所在里弄、院落或建筑群参考点，未逐栋核定位置。",
        "wikipediaUrl": "https://zh.wikipedia.org/zh-hans/上海市优秀历史建筑",
        "wikidataId": null,
        "historicalGeometryVerified": false
      }
    },
    {
      "type": "Feature",
      "id": "sh-fgj-5A004-01-address-reference",
      "geometry": {
        "type": "Point",
        "coordinates": [
          121.48182,
          31.240801
        ]
      },
      "properties": {
        "officialId": "sh-fgj-5A004-01",
        "wikipediaId": "wiki-heritage-t06-r0005",
        "batch": 5,
        "officialCodeRaw": "5A004",
        "name": "道达大楼",
        "articleTitle": "道达大楼",
        "address": "江西中路320号",
        "addressComparison": "exact",
        "coordinateScope": "address-reference-point",
        "coordinateSystem": "WGS84",
        "precisionDegrees": null,
        "origin": "shanghai-library",
        "sourceUrl": "https://data.library.sh.cn/entity/architecture/efwbjj11acgw0bfs",
        "coordinateSourceTitle": "上海图书馆历史建筑开放数据",
        "sourceAddress": "江西中路320号",
        "locationNote": "此为来源目录门牌参考点，未独立测绘或核定建筑轮廓。",
        "wikipediaUrl": "https://zh.wikipedia.org/wiki/%E9%81%93%E8%BE%BE%E5%A4%A7%E6%A5%BC",
        "wikidataId": null,
        "historicalGeometryVerified": false
      }
    },
    {
      "type": "Feature",
      "id": "sh-fgj-5A005-01-address-reference",
      "geometry": {
        "type": "Point",
        "coordinates": [
          121.481697,
          31.244883
        ]
      },
      "properties": {
        "officialId": "sh-fgj-5A005-01",
        "wikipediaId": "wiki-heritage-t06-r0006",
        "batch": 5,
        "officialCodeRaw": "5A005",
        "name": "公和洋行大楼",
        "articleTitle": "公和洋行大楼",
        "address": "四川中路650号",
        "addressComparison": "exact",
        "coordinateScope": "address-reference-point",
        "coordinateSystem": "WGS84",
        "precisionDegrees": null,
        "origin": "shanghai-library",
        "sourceUrl": "https://data.library.sh.cn/entity/architecture/q8otl6e0a30od7g0",
        "coordinateSourceTitle": "上海图书馆历史建筑开放数据",
        "sourceAddress": "四川中路650号",
        "locationNote": "此为来源目录门牌参考点，未独立测绘或核定建筑轮廓。",
        "wikipediaUrl": "https://zh.wikipedia.org/zh-hans/上海市优秀历史建筑",
        "wikidataId": null,
        "historicalGeometryVerified": false
      }
    },
    {
      "type": "Feature",
      "id": "sh-fgj-5A006-01-address-reference",
      "geometry": {
        "type": "Point",
        "coordinates": [
          121.481577,
          31.245052
        ]
      },
      "properties": {
        "officialId": "sh-fgj-5A006-01",
        "wikipediaId": "wiki-heritage-t06-r0007",
        "batch": 5,
        "officialCodeRaw": "5A006",
        "name": "礼和大楼",
        "articleTitle": "礼和大楼",
        "address": "四川中路670号",
        "addressComparison": "exact",
        "coordinateScope": "address-reference-point",
        "coordinateSystem": "WGS84",
        "precisionDegrees": null,
        "origin": "shanghai-library",
        "sourceUrl": "https://data.library.sh.cn/entity/architecture/ktnha6zr51y3t0uw",
        "coordinateSourceTitle": "上海图书馆历史建筑开放数据",
        "sourceAddress": "四川中路670号",
        "locationNote": "此为来源目录门牌参考点，未独立测绘或核定建筑轮廓。",
        "wikipediaUrl": "https://zh.wikipedia.org/zh-hans/上海市优秀历史建筑",
        "wikidataId": null,
        "historicalGeometryVerified": false
      }
    },
    {
      "type": "Feature",
      "id": "sh-fgj-5A008-01-address-reference",
      "geometry": {
        "type": "Point",
        "coordinates": [
          121.481846,
          31.244231
        ]
      },
      "properties": {
        "officialId": "sh-fgj-5A008-01",
        "wikipediaId": "wiki-heritage-t06-r0009",
        "batch": 5,
        "officialCodeRaw": "5A008",
        "name": "华德大楼",
        "articleTitle": "华德大楼",
        "address": "四川中路620号",
        "addressComparison": "exact",
        "coordinateScope": "address-reference-point",
        "coordinateSystem": "WGS84",
        "precisionDegrees": null,
        "origin": "shanghai-library",
        "sourceUrl": "https://data.library.sh.cn/entity/architecture/rbj5kovnk1dq86gr",
        "coordinateSourceTitle": "上海图书馆历史建筑开放数据",
        "sourceAddress": "四川中路620号",
        "locationNote": "此为来源目录门牌参考点，未独立测绘或核定建筑轮廓。",
        "wikipediaUrl": "https://zh.wikipedia.org/zh-hans/上海市优秀历史建筑",
        "wikidataId": null,
        "historicalGeometryVerified": false
      }
    },
    {
      "type": "Feature",
      "id": "sh-fgj-5A009-01-address-reference",
      "geometry": {
        "type": "Point",
        "coordinates": [
          121.482416,
          31.242631
        ]
      },
      "properties": {
        "officialId": "sh-fgj-5A009-01",
        "wikipediaId": "wiki-heritage-t06-r0010",
        "batch": 5,
        "officialCodeRaw": "5A009",
        "name": "北京公寓",
        "articleTitle": "北京公寓",
        "address": "北京东路163号",
        "addressComparison": "exact",
        "coordinateScope": "address-reference-point",
        "coordinateSystem": "WGS84",
        "precisionDegrees": null,
        "origin": "shanghai-library",
        "sourceUrl": "https://data.library.sh.cn/entity/architecture/6pjcpf6je4e1m5ns",
        "coordinateSourceTitle": "上海图书馆历史建筑开放数据",
        "sourceAddress": "北京东路163号",
        "locationNote": "此为来源目录门牌参考点，未独立测绘或核定建筑轮廓。",
        "wikipediaUrl": "https://zh.wikipedia.org/zh-hans/上海市优秀历史建筑",
        "wikidataId": null,
        "historicalGeometryVerified": false
      }
    },
    {
      "type": "Feature",
      "id": "sh-fgj-5A010-01-address-reference",
      "geometry": {
        "type": "Point",
        "coordinates": [
          121.4824,
          31.242784
        ]
      },
      "properties": {
        "officialId": "sh-fgj-5A010-01",
        "wikipediaId": "wiki-heritage-t06-r0011",
        "batch": 5,
        "officialCodeRaw": "5A010",
        "name": "广协书局大楼",
        "articleTitle": "广协书局大楼",
        "address": "四川中路528号",
        "addressComparison": "exact",
        "coordinateScope": "address-reference-point",
        "coordinateSystem": "WGS84",
        "precisionDegrees": null,
        "origin": "shanghai-library",
        "sourceUrl": "https://data.library.sh.cn/entity/architecture/f7234vxykw1piltt",
        "coordinateSourceTitle": "上海图书馆历史建筑开放数据",
        "sourceAddress": "四川中路528号",
        "locationNote": "此为来源目录门牌参考点，未独立测绘或核定建筑轮廓。",
        "wikipediaUrl": "https://zh.wikipedia.org/zh-hans/上海市优秀历史建筑",
        "wikidataId": null,
        "historicalGeometryVerified": false
      }
    },
    {
      "type": "Feature",
      "id": "sh-fgj-5A011-01-address-reference",
      "geometry": {
        "type": "Point",
        "coordinates": [
          121.459897,
          31.219488
        ]
      },
      "properties": {
        "officialId": "sh-fgj-5A011-01",
        "wikipediaId": "wiki-heritage-t06-r0012",
        "batch": 5,
        "officialCodeRaw": "5A011",
        "name": "住宅",
        "articleTitle": "南昌路107号 住宅",
        "address": "南昌路107号",
        "addressComparison": "exact",
        "coordinateScope": "address-reference-point",
        "coordinateSystem": "WGS84",
        "precisionDegrees": null,
        "origin": "shanghai-library",
        "sourceUrl": "https://data.library.sh.cn/entity/architecture/uf7m850d3n3316a1",
        "coordinateSourceTitle": "上海图书馆历史建筑开放数据",
        "sourceAddress": "南昌路107号",
        "locationNote": "此为来源目录门牌参考点，未独立测绘或核定建筑轮廓。",
        "wikipediaUrl": "https://zh.wikipedia.org/zh-hans/上海市优秀历史建筑",
        "wikidataId": null,
        "historicalGeometryVerified": false
      }
    },
    {
      "type": "Feature",
      "id": "sh-fgj-5A012-01-address-reference",
      "geometry": {
        "type": "Point",
        "coordinates": [
          121.461974,
          31.219285
        ]
      },
      "properties": {
        "officialId": "sh-fgj-5A012-01",
        "wikipediaId": "wiki-heritage-t06-r0013",
        "batch": 5,
        "officialCodeRaw": "5A012",
        "name": "住宅",
        "articleTitle": "思南路36号 住宅",
        "address": "思南路36号",
        "addressComparison": "exact",
        "coordinateScope": "address-reference-point",
        "coordinateSystem": "WGS84",
        "precisionDegrees": null,
        "origin": "shanghai-library",
        "sourceUrl": "https://data.library.sh.cn/entity/architecture/ow7yargs33ivfetu",
        "coordinateSourceTitle": "上海图书馆历史建筑开放数据",
        "sourceAddress": "思南路36号",
        "locationNote": "此为来源目录门牌参考点，未独立测绘或核定建筑轮廓。",
        "wikipediaUrl": "https://zh.wikipedia.org/zh-hans/上海市优秀历史建筑",
        "wikidataId": null,
        "historicalGeometryVerified": false
      }
    },
    {
      "type": "Feature",
      "id": "sh-fgj-5A012-02-address-reference",
      "geometry": {
        "type": "Point",
        "coordinates": [
          121.461774,
          31.219155
        ]
      },
      "properties": {
        "officialId": "sh-fgj-5A012-02",
        "wikipediaId": "wiki-heritage-t06-r0014",
        "batch": 5,
        "officialCodeRaw": "5A012",
        "name": "住宅",
        "articleTitle": "皋兰路12号 住宅",
        "address": "皋兰路12号",
        "addressComparison": "exact",
        "coordinateScope": "address-reference-point",
        "coordinateSystem": "WGS84",
        "precisionDegrees": null,
        "origin": "shanghai-library",
        "sourceUrl": "https://data.library.sh.cn/entity/architecture/gsl8jfkt08cwup0x",
        "coordinateSourceTitle": "上海图书馆历史建筑开放数据",
        "sourceAddress": "皋兰路12号",
        "locationNote": "此为来源目录门牌参考点，未独立测绘或核定建筑轮廓。",
        "wikipediaUrl": "https://zh.wikipedia.org/zh-hans/上海市优秀历史建筑",
        "wikidataId": null,
        "historicalGeometryVerified": false
      }
    },
    {
      "type": "Feature",
      "id": "sh-fgj-5A014-01-address-reference",
      "geometry": {
        "type": "Point",
        "coordinates": [
          121.464364,
          31.237685
        ]
      },
      "properties": {
        "officialId": "sh-fgj-5A014-01",
        "wikipediaId": "wiki-heritage-t06-r0015",
        "batch": 5,
        "officialCodeRaw": "5A014",
        "name": "光远坊",
        "articleTitle": "光远坊",
        "address": "北京西路256号",
        "addressComparison": "exact",
        "coordinateScope": "address-reference-point",
        "coordinateSystem": "WGS84",
        "precisionDegrees": null,
        "origin": "shanghai-library",
        "sourceUrl": "https://data.library.sh.cn/entity/architecture/p8uaxdl85jkeae0k",
        "coordinateSourceTitle": "上海图书馆历史建筑开放数据",
        "sourceAddress": "北京西路256号",
        "locationNote": "此为来源目录门牌参考点，未独立测绘或核定建筑轮廓。",
        "wikipediaUrl": "https://zh.wikipedia.org/zh-hans/上海市优秀历史建筑",
        "wikidataId": null,
        "historicalGeometryVerified": false
      }
    },
    {
      "type": "Feature",
      "id": "sh-fgj-5A015-01-address-reference",
      "geometry": {
        "type": "Point",
        "coordinates": [
          121.48417,
          31.235587
        ]
      },
      "properties": {
        "officialId": "sh-fgj-5A015-01",
        "wikipediaId": "wiki-heritage-t06-r0016",
        "batch": 5,
        "officialCodeRaw": "5A015",
        "name": "复昌仓库、卓成洋行栈房",
        "articleTitle": "复昌仓库、卓成洋行栈房",
        "address": "广东路131弄",
        "addressComparison": "exact",
        "coordinateScope": "building-complex-reference-point",
        "coordinateSystem": "WGS84",
        "precisionDegrees": null,
        "origin": "shanghai-library",
        "sourceUrl": "https://data.library.sh.cn/entity/architecture/qbx4hh73id1zv8nb",
        "coordinateSourceTitle": "上海图书馆历史建筑开放数据",
        "sourceAddress": "广东路131弄",
        "locationNote": "此为门址所在里弄、院落或建筑群参考点，未逐栋核定位置。",
        "wikipediaUrl": "https://zh.wikipedia.org/zh-hans/上海市优秀历史建筑",
        "wikidataId": null,
        "historicalGeometryVerified": false
      }
    },
    {
      "type": "Feature",
      "id": "sh-fgj-5A016-01-address-reference",
      "geometry": {
        "type": "Point",
        "coordinates": [
          121.482114,
          31.235455
        ]
      },
      "properties": {
        "officialId": "sh-fgj-5A016-01",
        "wikipediaId": "wiki-heritage-t06-r0017",
        "batch": 5,
        "officialCodeRaw": "5A016",
        "name": "长丰木行、协隆申庄、永隆号、大中织造厂",
        "articleTitle": "长丰木行、协隆申庄、永隆号、大中织造厂",
        "address": "泗泾路28号",
        "addressComparison": "exact",
        "coordinateScope": "address-reference-point",
        "coordinateSystem": "WGS84",
        "precisionDegrees": null,
        "origin": "shanghai-library",
        "sourceUrl": "https://data.library.sh.cn/entity/architecture/5y5hc3noikekgoh6",
        "coordinateSourceTitle": "上海图书馆历史建筑开放数据",
        "sourceAddress": "泗泾路28号",
        "locationNote": "此为来源目录门牌参考点，未独立测绘或核定建筑轮廓。",
        "wikipediaUrl": "https://zh.wikipedia.org/zh-hans/上海市优秀历史建筑",
        "wikidataId": null,
        "historicalGeometryVerified": false
      }
    },
    {
      "type": "Feature",
      "id": "sh-fgj-5A017-01-address-reference",
      "geometry": {
        "type": "Point",
        "coordinates": [
          121.482535,
          31.238983
        ]
      },
      "properties": {
        "officialId": "sh-fgj-5A017-01",
        "wikipediaId": "wiki-heritage-t06-r0018",
        "batch": 5,
        "officialCodeRaw": "5A017",
        "name": "聚兴诚银行大楼",
        "articleTitle": "聚兴诚银行大楼",
        "address": "江西中路250号",
        "addressComparison": "exact",
        "coordinateScope": "address-reference-point",
        "coordinateSystem": "WGS84",
        "precisionDegrees": null,
        "origin": "shanghai-library",
        "sourceUrl": "https://data.library.sh.cn/entity/architecture/mega2pf6xl4dqs58",
        "coordinateSourceTitle": "上海图书馆历史建筑开放数据",
        "sourceAddress": "江西中路250号",
        "locationNote": "此为来源目录门牌参考点，未独立测绘或核定建筑轮廓。",
        "wikipediaUrl": "https://zh.wikipedia.org/zh-hans/上海市优秀历史建筑",
        "wikidataId": null,
        "historicalGeometryVerified": false
      }
    },
    {
      "type": "Feature",
      "id": "sh-fgj-5A018-01-address-reference",
      "geometry": {
        "type": "Point",
        "coordinates": [
          121.484885,
          31.234252
        ]
      },
      "properties": {
        "officialId": "sh-fgj-5A018-01",
        "wikipediaId": "wiki-heritage-t06-r0019",
        "batch": 5,
        "officialCodeRaw": "5A018",
        "name": "上海纱业银行大楼",
        "articleTitle": "上海纱业银行大楼",
        "address": "延安东路134-150号",
        "addressComparison": "different-as-listed",
        "coordinateScope": "building-complex-reference-point",
        "coordinateSystem": "WGS84",
        "precisionDegrees": null,
        "origin": "shanghai-library",
        "sourceUrl": "https://data.library.sh.cn/entity/architecture/uvzbdqv7zprpejr1",
        "coordinateSourceTitle": "上海图书馆历史建筑开放数据",
        "sourceAddress": "延安东路136号",
        "locationNote": "此为门址所在里弄、院落或建筑群参考点，未逐栋核定位置。 来源门址与官方写法有差异，原始门牌和对照理由均保留。",
        "wikipediaUrl": "https://zh.wikipedia.org/zh-hans/上海市优秀历史建筑",
        "wikidataId": null,
        "historicalGeometryVerified": false
      }
    },
    {
      "type": "Feature",
      "id": "sh-fgj-5A019-01-address-reference",
      "geometry": {
        "type": "Point",
        "coordinates": [
          121.481554,
          31.236564
        ]
      },
      "properties": {
        "officialId": "sh-fgj-5A019-01",
        "wikipediaId": "wiki-heritage-t06-r0020",
        "batch": 5,
        "officialCodeRaw": "5A019",
        "name": "五洲大楼",
        "articleTitle": "五洲大楼",
        "address": "河南中路220号",
        "addressComparison": "exact",
        "coordinateScope": "address-reference-point",
        "coordinateSystem": "WGS84",
        "precisionDegrees": null,
        "origin": "shanghai-library",
        "sourceUrl": "https://data.library.sh.cn/entity/architecture/47jhnb7lmh0qh4j8",
        "coordinateSourceTitle": "上海图书馆历史建筑开放数据",
        "sourceAddress": "河南中路220号",
        "locationNote": "此为来源目录门牌参考点，未独立测绘或核定建筑轮廓。",
        "wikipediaUrl": "https://zh.wikipedia.org/wiki/%E4%BA%94%E6%B4%B2%E5%A4%A7%E6%A5%BC",
        "wikidataId": null,
        "historicalGeometryVerified": false
      }
    },
    {
      "type": "Feature",
      "id": "sh-fgj-5A020-01-address-reference",
      "geometry": {
        "type": "Point",
        "coordinates": [
          121.46671,
          31.229083
        ]
      },
      "properties": {
        "officialId": "sh-fgj-5A020-01",
        "wikipediaId": "wiki-heritage-t06-r0021",
        "batch": 5,
        "officialCodeRaw": "5A020",
        "name": "马立斯新村",
        "articleTitle": "马立斯新村",
        "address": "武胜路429号",
        "addressComparison": "exact",
        "coordinateScope": "building-complex-reference-point",
        "coordinateSystem": "WGS84",
        "precisionDegrees": null,
        "origin": "shanghai-library",
        "sourceUrl": "https://data.library.sh.cn/entity/architecture/fkwla6hhs3tnr5o6",
        "coordinateSourceTitle": "上海图书馆历史建筑开放数据",
        "sourceAddress": "武胜路429号",
        "locationNote": "此为门址所在里弄、院落或建筑群参考点，未逐栋核定位置。",
        "wikipediaUrl": "https://zh.wikipedia.org/zh-hans/上海市优秀历史建筑",
        "wikidataId": null,
        "historicalGeometryVerified": false
      }
    },
    {
      "type": "Feature",
      "id": "sh-fgj-5A021-01-address-reference",
      "geometry": {
        "type": "Point",
        "coordinates": [
          121.484175,
          31.237343
        ]
      },
      "properties": {
        "officialId": "sh-fgj-5A021-01",
        "wikipediaId": "wiki-heritage-t06-r0022",
        "batch": 5,
        "officialCodeRaw": "5A021",
        "name": "都城饭店（东楼）",
        "articleTitle": "都城饭店（东楼）",
        "address": "福州路106号",
        "addressComparison": "exact",
        "coordinateScope": "address-reference-point",
        "coordinateSystem": "WGS84",
        "precisionDegrees": null,
        "origin": "shanghai-library",
        "sourceUrl": "https://data.library.sh.cn/entity/architecture/okiscesl8n6juxwp",
        "coordinateSourceTitle": "上海图书馆历史建筑开放数据",
        "sourceAddress": "福州路106号",
        "locationNote": "此为来源目录门牌参考点，未独立测绘或核定建筑轮廓。",
        "wikipediaUrl": "https://zh.wikipedia.org/wiki/%E4%B8%8A%E6%B5%B7%E9%8A%80%E8%A1%8C",
        "wikidataId": null,
        "historicalGeometryVerified": false
      }
    },
    {
      "type": "Feature",
      "id": "sh-fgj-5A022-01-address-reference",
      "geometry": {
        "type": "Point",
        "coordinates": [
          121.483565,
          31.236959
        ]
      },
      "properties": {
        "officialId": "sh-fgj-5A022-01",
        "wikipediaId": "wiki-heritage-t06-r0023",
        "batch": 5,
        "officialCodeRaw": "5A022",
        "name": "浙江实业银行大楼",
        "articleTitle": "浙江实业银行大楼",
        "address": "福州路107号",
        "addressComparison": "exact",
        "coordinateScope": "address-reference-point",
        "coordinateSystem": "WGS84",
        "precisionDegrees": null,
        "origin": "shanghai-library",
        "sourceUrl": "https://data.library.sh.cn/entity/architecture/nykj8z28cphmve8i",
        "coordinateSourceTitle": "上海图书馆历史建筑开放数据",
        "sourceAddress": "福州路107号",
        "locationNote": "此为来源目录门牌参考点，未独立测绘或核定建筑轮廓。",
        "wikipediaUrl": "https://zh.wikipedia.org/zh-hans/上海市优秀历史建筑",
        "wikidataId": null,
        "historicalGeometryVerified": false
      }
    },
    {
      "type": "Feature",
      "id": "sh-fgj-5A023-01-address-reference",
      "geometry": {
        "type": "Point",
        "coordinates": [
          121.481346,
          31.241607
        ]
      },
      "properties": {
        "officialId": "sh-fgj-5A023-01",
        "wikipediaId": "wiki-heritage-t06-r0024",
        "batch": 5,
        "officialCodeRaw": "5A023",
        "name": "广东银行",
        "articleTitle": "广东银行",
        "address": "宁波路52号",
        "addressComparison": "exact",
        "coordinateScope": "address-reference-point",
        "coordinateSystem": "WGS84",
        "precisionDegrees": null,
        "origin": "shanghai-library",
        "sourceUrl": "https://data.library.sh.cn/entity/architecture/gg85837m6lfw114n",
        "coordinateSourceTitle": "上海图书馆历史建筑开放数据",
        "sourceAddress": "宁波路52号",
        "locationNote": "此为来源目录门牌参考点，未独立测绘或核定建筑轮廓。",
        "wikipediaUrl": "https://zh.wikipedia.org/zh-hans/上海市优秀历史建筑",
        "wikidataId": null,
        "historicalGeometryVerified": false
      }
    },
    {
      "type": "Feature",
      "id": "sh-fgj-5A024-01-address-reference",
      "geometry": {
        "type": "Point",
        "coordinates": [
          121.482177,
          31.245272
        ]
      },
      "properties": {
        "officialId": "sh-fgj-5A024-01",
        "wikipediaId": "wiki-heritage-t06-r0025",
        "batch": 5,
        "officialCodeRaw": "5A024",
        "name": "英商上海电车公司大楼",
        "articleTitle": "英商上海电车公司大楼",
        "address": "南苏州路185号",
        "addressComparison": "exact",
        "coordinateScope": "address-reference-point",
        "coordinateSystem": "WGS84",
        "precisionDegrees": null,
        "origin": "shanghai-library",
        "sourceUrl": "https://data.library.sh.cn/entity/architecture/le8op1i7xgic3ny4",
        "coordinateSourceTitle": "上海图书馆历史建筑开放数据",
        "sourceAddress": "南苏州路185号",
        "locationNote": "此为来源目录门牌参考点，未独立测绘或核定建筑轮廓。",
        "wikipediaUrl": "https://zh.wikipedia.org/zh-hans/上海市优秀历史建筑",
        "wikidataId": null,
        "historicalGeometryVerified": false
      }
    },
    {
      "type": "Feature",
      "id": "sh-fgj-5A025-01-address-reference",
      "geometry": {
        "type": "Point",
        "coordinates": [
          121.483117,
          31.242767
        ]
      },
      "properties": {
        "officialId": "sh-fgj-5A025-01",
        "wikipediaId": "wiki-heritage-t06-r0026",
        "batch": 5,
        "officialCodeRaw": "5A025",
        "name": "上海中国实业银行总部大楼",
        "articleTitle": "上海中国实业银行总部大楼",
        "address": "北京东路130号",
        "addressComparison": "exact",
        "coordinateScope": "address-reference-point",
        "coordinateSystem": "WGS84",
        "precisionDegrees": null,
        "origin": "shanghai-library",
        "sourceUrl": "https://data.library.sh.cn/entity/architecture/hqagktwca2vodx7h",
        "coordinateSourceTitle": "上海图书馆历史建筑开放数据",
        "sourceAddress": "北京东路130号",
        "locationNote": "此为来源目录门牌参考点，未独立测绘或核定建筑轮廓。",
        "wikipediaUrl": "https://zh.wikipedia.org/zh-hans/上海市优秀历史建筑",
        "wikidataId": null,
        "historicalGeometryVerified": false
      }
    },
    {
      "type": "Feature",
      "id": "sh-fgj-5A026-01-address-reference",
      "geometry": {
        "type": "Point",
        "coordinates": [
          121.484108,
          31.2452
        ]
      },
      "properties": {
        "officialId": "sh-fgj-5A026-01",
        "wikipediaId": "wiki-heritage-t06-r0027",
        "batch": 5,
        "officialCodeRaw": "5A026",
        "name": "原教会公寓",
        "articleTitle": "原教会公寓",
        "address": "南苏州路79号",
        "addressComparison": "exact",
        "coordinateScope": "address-reference-point",
        "coordinateSystem": "WGS84",
        "precisionDegrees": null,
        "origin": "shanghai-library",
        "sourceUrl": "https://data.library.sh.cn/entity/architecture/oiojznvtshsxrdyg",
        "coordinateSourceTitle": "上海图书馆历史建筑开放数据",
        "sourceAddress": "南苏州路79号",
        "locationNote": "此为来源目录门牌参考点，未独立测绘或核定建筑轮廓。",
        "wikipediaUrl": "https://zh.wikipedia.org/wiki/%E6%95%99%E4%BC%9A%E5%85%AC%E5%AF%93",
        "wikidataId": null,
        "historicalGeometryVerified": false
      }
    },
    {
      "type": "Feature",
      "id": "sh-fgj-5A027-01-address-reference",
      "geometry": {
        "type": "Point",
        "coordinates": [
          121.460307,
          31.21856
        ]
      },
      "properties": {
        "officialId": "sh-fgj-5A027-01",
        "wikipediaId": "wiki-heritage-t06-r0028",
        "batch": 5,
        "officialCodeRaw": "5A027",
        "name": "住宅",
        "articleTitle": "皋兰路28号 住宅",
        "address": "皋兰路28号",
        "addressComparison": "exact",
        "coordinateScope": "address-reference-point",
        "coordinateSystem": "WGS84",
        "precisionDegrees": null,
        "origin": "shanghai-library",
        "sourceUrl": "https://data.library.sh.cn/entity/architecture/qmilnw46jrzph042",
        "coordinateSourceTitle": "上海图书馆历史建筑开放数据",
        "sourceAddress": "皋兰路28号",
        "locationNote": "此为来源目录门牌参考点，未独立测绘或核定建筑轮廓。",
        "wikipediaUrl": "https://zh.wikipedia.org/zh-hans/上海市优秀历史建筑",
        "wikidataId": null,
        "historicalGeometryVerified": false
      }
    },
    {
      "type": "Feature",
      "id": "sh-fgj-5A028-01-address-reference",
      "geometry": {
        "type": "Point",
        "coordinates": [
          121.483215,
          31.240081
        ]
      },
      "properties": {
        "officialId": "sh-fgj-5A028-01",
        "wikipediaId": "wiki-heritage-t06-r0029",
        "batch": 5,
        "officialCodeRaw": "5A028",
        "name": "中央商场",
        "articleTitle": "中央商场",
        "address": "四川中路355号",
        "addressComparison": "exact",
        "coordinateScope": "address-reference-point",
        "coordinateSystem": "WGS84",
        "precisionDegrees": null,
        "origin": "shanghai-library",
        "sourceUrl": "https://data.library.sh.cn/entity/architecture/qmovm6cq74wi16wj",
        "coordinateSourceTitle": "上海图书馆历史建筑开放数据",
        "sourceAddress": "四川中路355号",
        "locationNote": "此为来源目录门牌参考点，未独立测绘或核定建筑轮廓。",
        "wikipediaUrl": "https://zh.wikipedia.org/zh-hans/上海市优秀历史建筑",
        "wikidataId": null,
        "historicalGeometryVerified": false
      }
    },
    {
      "type": "Feature",
      "id": "sh-fgj-5A029-01-address-reference",
      "geometry": {
        "type": "Point",
        "coordinates": [
          121.482655,
          31.240175
        ]
      },
      "properties": {
        "officialId": "sh-fgj-5A029-01",
        "wikipediaId": "wiki-heritage-t06-r0030",
        "batch": 5,
        "officialCodeRaw": "5A029",
        "name": "美伦大楼（东）",
        "articleTitle": "美伦大楼（东）",
        "address": "南京东路151号",
        "addressComparison": "exact",
        "coordinateScope": "address-reference-point",
        "coordinateSystem": "WGS84",
        "precisionDegrees": null,
        "origin": "shanghai-library",
        "sourceUrl": "https://data.library.sh.cn/entity/architecture/zs7xouyl5i7ns7n6",
        "coordinateSourceTitle": "上海图书馆历史建筑开放数据",
        "sourceAddress": "南京东路151号",
        "locationNote": "此为来源目录门牌参考点，未独立测绘或核定建筑轮廓。",
        "wikipediaUrl": "https://zh.wikipedia.org/zh-hans/上海市优秀历史建筑",
        "wikidataId": null,
        "historicalGeometryVerified": false
      }
    },
    {
      "type": "Feature",
      "id": "sh-fgj-5A030-01-address-reference",
      "geometry": {
        "type": "Point",
        "coordinates": [
          121.482424,
          31.240084
        ]
      },
      "properties": {
        "officialId": "sh-fgj-5A030-01",
        "wikipediaId": "wiki-heritage-t06-r0031",
        "batch": 5,
        "officialCodeRaw": "5A030",
        "name": "美伦大楼（西楼、南楼）",
        "articleTitle": "美伦大楼（西楼、南楼）",
        "address": "南京东路161号",
        "addressComparison": "exact",
        "coordinateScope": "building-complex-reference-point",
        "coordinateSystem": "WGS84",
        "precisionDegrees": null,
        "origin": "shanghai-library",
        "sourceUrl": "https://data.library.sh.cn/entity/architecture/zbh1uouqo5yvabdf",
        "coordinateSourceTitle": "上海图书馆历史建筑开放数据",
        "sourceAddress": "南京东路161号",
        "locationNote": "此为门址所在里弄、院落或建筑群参考点，未逐栋核定位置。 同址有多个保护项，分别保留记录；共用门址点不能区分各楼栋。",
        "wikipediaUrl": "https://zh.wikipedia.org/zh-hans/上海市优秀历史建筑",
        "wikidataId": null,
        "historicalGeometryVerified": false
      }
    },
    {
      "type": "Feature",
      "id": "sh-fgj-5A031-01-address-reference",
      "geometry": {
        "type": "Point",
        "coordinates": [
          121.481114,
          31.238765
        ]
      },
      "properties": {
        "officialId": "sh-fgj-5A031-01",
        "wikipediaId": "wiki-heritage-t06-r0032",
        "batch": 5,
        "officialCodeRaw": "5A031",
        "name": "大生公司大楼",
        "articleTitle": "大生公司大楼",
        "address": "九江路230号",
        "addressComparison": "exact",
        "coordinateScope": "address-reference-point",
        "coordinateSystem": "WGS84",
        "precisionDegrees": null,
        "origin": "shanghai-library",
        "sourceUrl": "https://data.library.sh.cn/entity/architecture/jibni78xut3vyp64",
        "coordinateSourceTitle": "上海图书馆历史建筑开放数据",
        "sourceAddress": "九江路230号",
        "locationNote": "此为来源目录门牌参考点，未独立测绘或核定建筑轮廓。",
        "wikipediaUrl": "https://zh.wikipedia.org/zh-hans/上海市优秀历史建筑",
        "wikidataId": null,
        "historicalGeometryVerified": false
      }
    },
    {
      "type": "Feature",
      "id": "sh-fgj-5A032-01-address-reference",
      "geometry": {
        "type": "Point",
        "coordinates": [
          121.489584,
          31.212432
        ]
      },
      "properties": {
        "officialId": "sh-fgj-5A032-01",
        "wikipediaId": "wiki-heritage-t06-r0033",
        "batch": 5,
        "officialCodeRaw": "5A032",
        "name": "新普育堂",
        "articleTitle": "新普育堂",
        "address": "普育西路105号",
        "addressComparison": "exact",
        "coordinateScope": "address-reference-point",
        "coordinateSystem": "WGS84",
        "precisionDegrees": null,
        "origin": "shanghai-library",
        "sourceUrl": "https://data.library.sh.cn/entity/architecture/41tv0nwba538ztx7",
        "coordinateSourceTitle": "上海图书馆历史建筑开放数据",
        "sourceAddress": "普育西路105号",
        "locationNote": "此为来源目录门牌参考点，未独立测绘或核定建筑轮廓。",
        "wikipediaUrl": "https://zh.wikipedia.org/wiki/%E6%96%B0%E6%99%AE%E8%82%B2%E5%A0%82",
        "wikidataId": null,
        "historicalGeometryVerified": false
      }
    },
    {
      "type": "Feature",
      "id": "sh-fgj-5A033-01-address-reference",
      "geometry": {
        "type": "Point",
        "coordinates": [
          121.465761,
          31.236334
        ]
      },
      "properties": {
        "officialId": "sh-fgj-5A033-01",
        "wikipediaId": "wiki-heritage-t06-r0034",
        "batch": 5,
        "officialCodeRaw": "5A033",
        "name": "应公馆",
        "articleTitle": "应公馆",
        "address": "凤阳路338弄",
        "addressComparison": "different-as-listed",
        "coordinateScope": "building-complex-reference-point",
        "coordinateSystem": "WGS84",
        "precisionDegrees": null,
        "origin": "shanghai-library",
        "sourceUrl": "https://data.library.sh.cn/entity/architecture/575ep4z0r23mf24y",
        "coordinateSourceTitle": "上海图书馆历史建筑开放数据",
        "sourceAddress": "凤阳路288弄",
        "locationNote": "此为门址所在里弄、院落或建筑群参考点，未逐栋核定位置。 来源门址与官方写法有差异，原始门牌和对照理由均保留。",
        "wikipediaUrl": "https://zh.wikipedia.org/zh-hans/上海市优秀历史建筑",
        "wikidataId": null,
        "historicalGeometryVerified": false
      }
    },
    {
      "type": "Feature",
      "id": "sh-fgj-5A034-01-address-reference",
      "geometry": {
        "type": "Point",
        "coordinates": [
          121.483105,
          31.239513
        ]
      },
      "properties": {
        "officialId": "sh-fgj-5A034-01",
        "wikipediaId": "wiki-heritage-t06-r0035",
        "batch": 5,
        "officialCodeRaw": "5A034",
        "name": "华侨大楼",
        "articleTitle": "华侨大楼",
        "address": "九江路120号",
        "addressComparison": "different-as-listed",
        "coordinateScope": "address-reference-point",
        "coordinateSystem": "WGS84",
        "precisionDegrees": null,
        "origin": "shanghai-library",
        "sourceUrl": "https://data.library.sh.cn/entity/architecture/dxb1ps56csqdik6e",
        "coordinateSourceTitle": "上海图书馆历史建筑开放数据",
        "sourceAddress": "沙市一路24号",
        "locationNote": "此为来源目录门牌参考点，未独立测绘或核定建筑轮廓。 来源门址与官方写法有差异，原始门牌和对照理由均保留。",
        "wikipediaUrl": "https://zh.wikipedia.org/wiki/%E5%8D%8E%E4%BE%A8%E5%A4%A7%E6%A5%BC",
        "wikidataId": null,
        "historicalGeometryVerified": false
      }
    },
    {
      "type": "Feature",
      "id": "sh-fgj-5A035-01-address-reference",
      "geometry": {
        "type": "Point",
        "coordinates": [
          121.484976,
          31.237279
        ]
      },
      "properties": {
        "officialId": "sh-fgj-5A035-01",
        "wikipediaId": "wiki-heritage-t06-r0036",
        "batch": 5,
        "officialCodeRaw": "5A035",
        "name": "美商卫利韩公司",
        "articleTitle": "美商卫利韩公司",
        "address": "福州路37号",
        "addressComparison": "exact",
        "coordinateScope": "address-reference-point",
        "coordinateSystem": "WGS84",
        "precisionDegrees": null,
        "origin": "shanghai-library",
        "sourceUrl": "https://data.library.sh.cn/entity/architecture/zyr8sxub1ij8cl5d",
        "coordinateSourceTitle": "上海图书馆历史建筑开放数据",
        "sourceAddress": "福州路37号",
        "locationNote": "此为来源目录门牌参考点，未独立测绘或核定建筑轮廓。",
        "wikipediaUrl": "https://zh.wikipedia.org/zh-hans/上海市优秀历史建筑",
        "wikidataId": null,
        "historicalGeometryVerified": false
      }
    },
    {
      "type": "Feature",
      "id": "sh-fgj-5A036-01-address-reference",
      "geometry": {
        "type": "Point",
        "coordinates": [
          121.483315,
          31.241426
        ]
      },
      "properties": {
        "officialId": "sh-fgj-5A036-01",
        "wikipediaId": "wiki-heritage-t06-r0037",
        "batch": 5,
        "officialCodeRaw": "5A036",
        "name": "中孚银行大楼",
        "articleTitle": "中孚银行大楼",
        "address": "滇池路103号",
        "addressComparison": "exact",
        "coordinateScope": "address-reference-point",
        "coordinateSystem": "WGS84",
        "precisionDegrees": null,
        "origin": "shanghai-library",
        "sourceUrl": "https://data.library.sh.cn/entity/architecture/osxor50udlldfeq7",
        "coordinateSourceTitle": "上海图书馆历史建筑开放数据",
        "sourceAddress": "滇池路103号",
        "locationNote": "此为来源目录门牌参考点，未独立测绘或核定建筑轮廓。",
        "wikipediaUrl": "https://zh.wikipedia.org/zh-hans/上海市优秀历史建筑",
        "wikidataId": null,
        "historicalGeometryVerified": false
      }
    },
    {
      "type": "Feature",
      "id": "sh-fgj-5A037-01-address-reference",
      "geometry": {
        "type": "Point",
        "coordinates": [
          121.480596,
          31.243248
        ]
      },
      "properties": {
        "officialId": "sh-fgj-5A037-01",
        "wikipediaId": "wiki-heritage-t06-r0038",
        "batch": 5,
        "officialCodeRaw": "5A037",
        "name": "原荣氏家族三新公司总部大楼",
        "articleTitle": "原荣氏家族三新公司总部大楼",
        "address": "江西中路421号",
        "addressComparison": "exact",
        "coordinateScope": "address-reference-point",
        "coordinateSystem": "WGS84",
        "precisionDegrees": null,
        "origin": "shanghai-library",
        "sourceUrl": "https://data.library.sh.cn/entity/architecture/lpqwf41j6erz3cdb",
        "coordinateSourceTitle": "上海图书馆历史建筑开放数据",
        "sourceAddress": "江西中路421号",
        "locationNote": "此为来源目录门牌参考点，未独立测绘或核定建筑轮廓。",
        "wikipediaUrl": "https://zh.wikipedia.org/zh-hans/上海市优秀历史建筑",
        "wikidataId": null,
        "historicalGeometryVerified": false
      }
    },
    {
      "type": "Feature",
      "id": "sh-fgj-5A038-01-address-reference",
      "geometry": {
        "type": "Point",
        "coordinates": [
          121.484746,
          31.237435
        ]
      },
      "properties": {
        "officialId": "sh-fgj-5A038-01",
        "wikipediaId": "wiki-heritage-t06-r0039",
        "batch": 5,
        "officialCodeRaw": "5A038",
        "name": "德国邮局",
        "articleTitle": "德国邮局",
        "address": "四川中路200号（另有路牌：福州路60、70号）",
        "addressComparison": "exact",
        "coordinateScope": "address-reference-point",
        "coordinateSystem": "WGS84",
        "precisionDegrees": null,
        "origin": "shanghai-library",
        "sourceUrl": "https://data.library.sh.cn/entity/architecture/yta72fceoneh1nwh",
        "coordinateSourceTitle": "上海图书馆历史建筑开放数据",
        "sourceAddress": "四川中路70号（另有路牌：福州路60、70号）",
        "locationNote": "此为来源目录门牌参考点，未独立测绘或核定建筑轮廓。 来源门址与官方写法有差异，原始门牌和对照理由均保留。",
        "wikipediaUrl": "https://zh.wikipedia.org/zh-hans/上海市优秀历史建筑",
        "wikidataId": null,
        "historicalGeometryVerified": false
      }
    },
    {
      "type": "Feature",
      "id": "sh-fgj-5A039-01-address-reference",
      "geometry": {
        "type": "Point",
        "coordinates": [
          121.483686,
          31.239839
        ]
      },
      "properties": {
        "officialId": "sh-fgj-5A039-01",
        "wikipediaId": "wiki-heritage-t06-r0040",
        "batch": 5,
        "officialCodeRaw": "5A039",
        "name": "Bank of chosen/上海市直接税局",
        "articleTitle": "Bank of chosen/上海市直接税局",
        "address": "四川中路330号",
        "addressComparison": "exact",
        "coordinateScope": "address-reference-point",
        "coordinateSystem": "WGS84",
        "precisionDegrees": null,
        "origin": "shanghai-library",
        "sourceUrl": "https://data.library.sh.cn/entity/architecture/i2t2iechu88mzogz",
        "coordinateSourceTitle": "上海图书馆历史建筑开放数据",
        "sourceAddress": "四川中路330号",
        "locationNote": "此为来源目录门牌参考点，未独立测绘或核定建筑轮廓。",
        "wikipediaUrl": "https://zh.wikipedia.org/zh-hans/上海市优秀历史建筑",
        "wikidataId": null,
        "historicalGeometryVerified": false
      }
    },
    {
      "type": "Feature",
      "id": "sh-fgj-5A040-01-address-reference",
      "geometry": {
        "type": "Point",
        "coordinates": [
          121.480614,
          31.239471
        ]
      },
      "properties": {
        "officialId": "sh-fgj-5A040-01",
        "wikipediaId": "wiki-heritage-t06-r0041",
        "batch": 5,
        "officialCodeRaw": "5A040",
        "name": "老介福绸缎局",
        "articleTitle": "老介福绸缎局",
        "address": "南京东路257号",
        "addressComparison": "exact",
        "coordinateScope": "address-reference-point",
        "coordinateSystem": "WGS84",
        "precisionDegrees": null,
        "origin": "shanghai-library",
        "sourceUrl": "https://data.library.sh.cn/entity/architecture/847qqvew5qkpnznz",
        "coordinateSourceTitle": "上海图书馆历史建筑开放数据",
        "sourceAddress": "南京东路257号",
        "locationNote": "此为来源目录门牌参考点，未独立测绘或核定建筑轮廓。",
        "wikipediaUrl": "https://zh.wikipedia.org/wiki/%E5%8D%97%E4%BA%AC%E5%A4%A7%E6%A5%BC",
        "wikidataId": null,
        "historicalGeometryVerified": false
      }
    },
    {
      "type": "Feature",
      "id": "sh-fgj-5A041-01-address-reference",
      "geometry": {
        "type": "Point",
        "coordinates": [
          121.483495,
          31.240652
        ]
      },
      "properties": {
        "officialId": "sh-fgj-5A041-01",
        "wikipediaId": "wiki-heritage-t06-r0042",
        "batch": 5,
        "officialCodeRaw": "5A041",
        "name": "惠罗公司大楼",
        "articleTitle": "惠罗公司大楼",
        "address": "南京东路100号",
        "addressComparison": "exact",
        "coordinateScope": "address-reference-point",
        "coordinateSystem": "WGS84",
        "precisionDegrees": null,
        "origin": "shanghai-library",
        "sourceUrl": "https://data.library.sh.cn/entity/architecture/022pklmzjyx1q33c",
        "coordinateSourceTitle": "上海图书馆历史建筑开放数据",
        "sourceAddress": "南京东路100号",
        "locationNote": "此为来源目录门牌参考点，未独立测绘或核定建筑轮廓。",
        "wikipediaUrl": "https://zh.wikipedia.org/wiki/%E6%83%A0%E7%BD%97%E5%85%AC%E5%8F%B8",
        "wikidataId": null,
        "historicalGeometryVerified": false
      }
    },
    {
      "type": "Feature",
      "id": "sh-fgj-5A042-01-address-reference",
      "geometry": {
        "type": "Point",
        "coordinates": [
          121.483295,
          31.241414
        ]
      },
      "properties": {
        "officialId": "sh-fgj-5A042-01",
        "wikipediaId": "wiki-heritage-t06-r0043",
        "batch": 5,
        "officialCodeRaw": "5A042",
        "name": "公平大楼",
        "articleTitle": "公平大楼",
        "address": "滇池路105号",
        "addressComparison": "exact",
        "coordinateScope": "address-reference-point",
        "coordinateSystem": "WGS84",
        "precisionDegrees": null,
        "origin": "shanghai-library",
        "sourceUrl": "https://data.library.sh.cn/entity/architecture/8mdqxn5xi53y8whg",
        "coordinateSourceTitle": "上海图书馆历史建筑开放数据",
        "sourceAddress": "滇池路105号",
        "locationNote": "此为来源目录门牌参考点，未独立测绘或核定建筑轮廓。",
        "wikipediaUrl": "https://zh.wikipedia.org/zh-hans/上海市优秀历史建筑",
        "wikidataId": null,
        "historicalGeometryVerified": false
      }
    },
    {
      "type": "Feature",
      "id": "sh-fgj-5A043-01-address-reference",
      "geometry": {
        "type": "Point",
        "coordinates": [
          121.481086,
          31.244398
        ]
      },
      "properties": {
        "officialId": "sh-fgj-5A043-01",
        "wikipediaId": "wiki-heritage-t06-r0044",
        "batch": 5,
        "officialCodeRaw": "5A043",
        "name": "SHELL汽车公司、美灵登有限公司、永实业有限公司",
        "articleTitle": "SHELL汽车公司、美灵登有限公司、永实业有限公司",
        "address": "香港路117号",
        "addressComparison": "exact",
        "coordinateScope": "address-reference-point",
        "coordinateSystem": "WGS84",
        "precisionDegrees": null,
        "origin": "shanghai-library",
        "sourceUrl": "https://data.library.sh.cn/entity/architecture/885n8g5w7g38m452",
        "coordinateSourceTitle": "上海图书馆历史建筑开放数据",
        "sourceAddress": "香港路117号",
        "locationNote": "此为来源目录门牌参考点，未独立测绘或核定建筑轮廓。",
        "wikipediaUrl": "https://zh.wikipedia.org/zh-hans/上海市优秀历史建筑",
        "wikidataId": null,
        "historicalGeometryVerified": false
      }
    },
    {
      "type": "Feature",
      "id": "sh-fgj-5A044-01-address-reference",
      "geometry": {
        "type": "Point",
        "coordinates": [
          121.483626,
          31.243446
        ]
      },
      "properties": {
        "officialId": "sh-fgj-5A044-01",
        "wikipediaId": "wiki-heritage-t06-r0045",
        "batch": 5,
        "officialCodeRaw": "5A044",
        "name": "谦信洋行、汉成洋行、亚洲花边厂等",
        "articleTitle": "谦信洋行、汉成洋行、亚洲花边厂等",
        "address": "圆明园路115号",
        "addressComparison": "exact",
        "coordinateScope": "address-reference-point",
        "coordinateSystem": "WGS84",
        "precisionDegrees": null,
        "origin": "shanghai-library",
        "sourceUrl": "https://data.library.sh.cn/entity/architecture/5x241aykk014m33e",
        "coordinateSourceTitle": "上海图书馆历史建筑开放数据",
        "sourceAddress": "圆明园路115号",
        "locationNote": "此为来源目录门牌参考点，未独立测绘或核定建筑轮廓。",
        "wikipediaUrl": "https://zh.wikipedia.org/zh-hans/上海市优秀历史建筑",
        "wikidataId": null,
        "historicalGeometryVerified": false
      }
    },
    {
      "type": "Feature",
      "id": "sh-fgj-5A045-01-address-reference",
      "geometry": {
        "type": "Point",
        "coordinates": [
          121.483497,
          31.244344
        ]
      },
      "properties": {
        "officialId": "sh-fgj-5A045-01",
        "wikipediaId": "wiki-heritage-t06-r0046",
        "batch": 5,
        "officialCodeRaw": "5A045",
        "name": "基督教协进会大楼",
        "articleTitle": "基督教协进会大楼",
        "address": "圆明园路169号",
        "addressComparison": "exact",
        "coordinateScope": "address-reference-point",
        "coordinateSystem": "WGS84",
        "precisionDegrees": null,
        "origin": "shanghai-library",
        "sourceUrl": "https://data.library.sh.cn/entity/architecture/a2aiff8r340jjjgd",
        "coordinateSourceTitle": "上海图书馆历史建筑开放数据",
        "sourceAddress": "圆明园路169号",
        "locationNote": "此为来源目录门牌参考点，未独立测绘或核定建筑轮廓。",
        "wikipediaUrl": "https://zh.wikipedia.org/zh-hans/上海市优秀历史建筑",
        "wikidataId": null,
        "historicalGeometryVerified": false
      }
    },
    {
      "type": "Feature",
      "id": "sh-fgj-5A046-01-address-reference",
      "geometry": {
        "type": "Point",
        "coordinates": [
          121.47187,
          31.237072
        ]
      },
      "properties": {
        "officialId": "sh-fgj-5A046-01",
        "wikipediaId": "wiki-heritage-t06-r0047",
        "batch": 5,
        "officialCodeRaw": "5A046",
        "name": "泰昌木器公司",
        "articleTitle": "泰昌木器公司",
        "address": "南京东路740号",
        "addressComparison": "exact",
        "coordinateScope": "address-reference-point",
        "coordinateSystem": "WGS84",
        "precisionDegrees": null,
        "origin": "shanghai-library",
        "sourceUrl": "https://data.library.sh.cn/entity/architecture/6m63k53ge68gbnrk",
        "coordinateSourceTitle": "上海图书馆历史建筑开放数据",
        "sourceAddress": "南京东路740号",
        "locationNote": "此为来源目录门牌参考点，未独立测绘或核定建筑轮廓。",
        "wikipediaUrl": "https://zh.wikipedia.org/zh-hans/上海市优秀历史建筑",
        "wikidataId": null,
        "historicalGeometryVerified": false
      }
    },
    {
      "type": "Feature",
      "id": "sh-fgj-5A047-01-address-reference",
      "geometry": {
        "type": "Point",
        "coordinates": [
          121.479254,
          31.23228
        ]
      },
      "properties": {
        "officialId": "sh-fgj-5A047-01",
        "wikipediaId": "wiki-heritage-t06-r0048",
        "batch": 5,
        "officialCodeRaw": "5A047",
        "name": "大方饭店",
        "articleTitle": "大方饭店",
        "address": "福建南路33号",
        "addressComparison": "exact",
        "coordinateScope": "address-reference-point",
        "coordinateSystem": "WGS84",
        "precisionDegrees": null,
        "origin": "shanghai-library",
        "sourceUrl": "https://data.library.sh.cn/entity/architecture/balcqygi2li37b33",
        "coordinateSourceTitle": "上海图书馆历史建筑开放数据",
        "sourceAddress": "福建南路33号",
        "locationNote": "此为来源目录门牌参考点，未独立测绘或核定建筑轮廓。",
        "wikipediaUrl": "https://zh.wikipedia.org/zh-hans/上海市优秀历史建筑",
        "wikidataId": null,
        "historicalGeometryVerified": false
      }
    },
    {
      "type": "Feature",
      "id": "sh-fgj-5A048-01-address-reference",
      "geometry": {
        "type": "Point",
        "coordinates": [
          121.478464,
          31.236048
        ]
      },
      "properties": {
        "officialId": "sh-fgj-5A048-01",
        "wikipediaId": "wiki-heritage-t06-r0049",
        "batch": 5,
        "officialCodeRaw": "5A048",
        "name": "世界书局",
        "articleTitle": "世界书局",
        "address": "福州路390号",
        "addressComparison": "exact",
        "coordinateScope": "address-reference-point",
        "coordinateSystem": "WGS84",
        "precisionDegrees": null,
        "origin": "shanghai-library",
        "sourceUrl": "https://data.library.sh.cn/entity/architecture/6zae7d1mpck7im1u",
        "coordinateSourceTitle": "上海图书馆历史建筑开放数据",
        "sourceAddress": "福州路390号",
        "locationNote": "此为来源目录门牌参考点，未独立测绘或核定建筑轮廓。",
        "wikipediaUrl": "https://zh.wikipedia.org/zh-hans/上海市优秀历史建筑",
        "wikidataId": null,
        "historicalGeometryVerified": false
      }
    },
    {
      "type": "Feature",
      "id": "sh-fgj-5A051-01-address-reference",
      "geometry": {
        "type": "Point",
        "coordinates": [
          121.458647,
          31.210764
        ]
      },
      "properties": {
        "officialId": "sh-fgj-5A051-01",
        "wikipediaId": "wiki-heritage-t06-r0052",
        "batch": 5,
        "officialCodeRaw": "5A051",
        "name": "住宅",
        "articleTitle": "绍兴路25号 住宅",
        "address": "绍兴路25号",
        "addressComparison": "exact",
        "coordinateScope": "address-reference-point",
        "coordinateSystem": "WGS84",
        "precisionDegrees": null,
        "origin": "shanghai-library",
        "sourceUrl": "https://data.library.sh.cn/entity/architecture/2qddqw32bjk8hllh",
        "coordinateSourceTitle": "上海图书馆历史建筑开放数据",
        "sourceAddress": "绍兴路25号",
        "locationNote": "此为来源目录门牌参考点，未独立测绘或核定建筑轮廓。",
        "wikipediaUrl": "https://zh.wikipedia.org/zh-hans/上海市优秀历史建筑",
        "wikidataId": null,
        "historicalGeometryVerified": false
      }
    },
    {
      "type": "Feature",
      "id": "sh-fgj-5A052-01-address-reference",
      "geometry": {
        "type": "Point",
        "coordinates": [
          121.456477,
          31.215314
        ]
      },
      "properties": {
        "officialId": "sh-fgj-5A052-01",
        "wikipediaId": "wiki-heritage-t06-r0053",
        "batch": 5,
        "officialCodeRaw": "5A052",
        "name": "住宅",
        "articleTitle": "陕西南路191-197号 住宅",
        "address": "陕西南路191-197号",
        "addressComparison": "exact",
        "coordinateScope": "building-complex-reference-point",
        "coordinateSystem": "WGS84",
        "precisionDegrees": null,
        "origin": "shanghai-library",
        "sourceUrl": "https://data.library.sh.cn/entity/architecture/6ahmp6j2p2m51kez",
        "coordinateSourceTitle": "上海图书馆历史建筑开放数据",
        "sourceAddress": "陕西南路191-197号",
        "locationNote": "此为门址所在里弄、院落或建筑群参考点，未逐栋核定位置。",
        "wikipediaUrl": "https://zh.wikipedia.org/zh-hans/上海市优秀历史建筑",
        "wikidataId": null,
        "historicalGeometryVerified": false
      }
    },
    {
      "type": "Feature",
      "id": "sh-fgj-5A053-01-address-reference",
      "geometry": {
        "type": "Point",
        "coordinates": [
          121.46167,
          31.211384
        ]
      },
      "properties": {
        "officialId": "sh-fgj-5A053-01",
        "wikipediaId": "wiki-heritage-t06-r0054",
        "batch": 5,
        "officialCodeRaw": "5A053",
        "name": "住宅",
        "articleTitle": "绍兴路1号，3号；瑞金二路158号， 148号， 146号 住宅",
        "address": "绍兴路1号，3号；瑞金二路158号，148号，146号",
        "addressComparison": "exact",
        "coordinateScope": "building-complex-reference-point",
        "coordinateSystem": "WGS84",
        "precisionDegrees": null,
        "origin": "shanghai-library",
        "sourceUrl": "https://data.library.sh.cn/entity/architecture/2h56b8o3ew72d88p",
        "coordinateSourceTitle": "上海图书馆历史建筑开放数据",
        "sourceAddress": "绍兴路1号，3号；瑞金二路158号， 148号， 146号",
        "locationNote": "此为门址所在里弄、院落或建筑群参考点，未逐栋核定位置。",
        "wikipediaUrl": "https://zh.wikipedia.org/zh-hans/上海市优秀历史建筑",
        "wikidataId": null,
        "historicalGeometryVerified": false
      }
    },
    {
      "type": "Feature",
      "id": "sh-fgj-5A054-01-address-reference",
      "geometry": {
        "type": "Point",
        "coordinates": [
          121.45663,
          31.21534
        ]
      },
      "properties": {
        "officialId": "sh-fgj-5A054-01",
        "wikipediaId": "wiki-heritage-t06-r0056",
        "batch": 5,
        "officialCodeRaw": "5A054",
        "name": "住宅",
        "articleTitle": "复兴中路599号 住宅",
        "address": "复兴中路599号",
        "addressComparison": "exact",
        "coordinateScope": "address-reference-point",
        "coordinateSystem": "WGS84",
        "precisionDegrees": null,
        "origin": "shanghai-library",
        "sourceUrl": "https://data.library.sh.cn/entity/architecture/d3i64zzybcilkf5n",
        "coordinateSourceTitle": "上海图书馆历史建筑开放数据",
        "sourceAddress": "复兴中路599号",
        "locationNote": "此为来源目录门牌参考点，未独立测绘或核定建筑轮廓。",
        "wikipediaUrl": "https://zh.wikipedia.org/zh-hans/上海市优秀历史建筑",
        "wikidataId": null,
        "historicalGeometryVerified": false
      }
    },
    {
      "type": "Feature",
      "id": "sh-fgj-5A055-01-address-reference",
      "geometry": {
        "type": "Point",
        "coordinates": [
          121.461835,
          31.21678
        ]
      },
      "properties": {
        "officialId": "sh-fgj-5A055-01",
        "wikipediaId": "wiki-heritage-t06-r0057",
        "batch": 5,
        "officialCodeRaw": "5A055",
        "name": "住宅",
        "articleTitle": "复兴中路563号 住宅",
        "address": "复兴中路563号",
        "addressComparison": "exact",
        "coordinateScope": "address-reference-point",
        "coordinateSystem": "WGS84",
        "precisionDegrees": null,
        "origin": "shanghai-library",
        "sourceUrl": "https://data.library.sh.cn/entity/architecture/wob8pvdja6j734s3",
        "coordinateSourceTitle": "上海图书馆历史建筑开放数据",
        "sourceAddress": "复兴中路563号",
        "locationNote": "此为来源目录门牌参考点，未独立测绘或核定建筑轮廓。",
        "wikipediaUrl": "https://zh.wikipedia.org/zh-hans/上海市优秀历史建筑",
        "wikidataId": null,
        "historicalGeometryVerified": false
      }
    },
    {
      "type": "Feature",
      "id": "sh-fgj-5A056-01-address-reference",
      "geometry": {
        "type": "Point",
        "coordinates": [
          121.467376,
          31.215822
        ]
      },
      "properties": {
        "officialId": "sh-fgj-5A056-01",
        "wikipediaId": "wiki-heritage-t06-r0058",
        "batch": 5,
        "officialCodeRaw": "5A056",
        "name": "住宅",
        "articleTitle": "合肥路592弄 住宅",
        "address": "合肥路592弄",
        "addressComparison": "exact",
        "coordinateScope": "building-complex-reference-point",
        "coordinateSystem": "WGS84",
        "precisionDegrees": null,
        "origin": "shanghai-library",
        "sourceUrl": "https://data.library.sh.cn/entity/architecture/s7dojfuxp8besnae",
        "coordinateSourceTitle": "上海图书馆历史建筑开放数据",
        "sourceAddress": "合肥路592弄",
        "locationNote": "此为门址所在里弄、院落或建筑群参考点，未逐栋核定位置。",
        "wikipediaUrl": "https://zh.wikipedia.org/zh-hans/上海市优秀历史建筑",
        "wikidataId": null,
        "historicalGeometryVerified": false
      }
    },
    {
      "type": "Feature",
      "id": "sh-fgj-5A057-01-address-reference",
      "geometry": {
        "type": "Point",
        "coordinates": [
          121.454983,
          31.224753
        ]
      },
      "properties": {
        "officialId": "sh-fgj-5A057-01",
        "wikipediaId": "wiki-heritage-t06-r0059",
        "batch": 5,
        "officialCodeRaw": "5A057",
        "name": "住宅",
        "articleTitle": "巨鹿路314号 巨鹿路314号住宅",
        "address": "巨鹿路314号",
        "addressComparison": "exact",
        "coordinateScope": "address-reference-point",
        "coordinateSystem": "WGS84",
        "precisionDegrees": null,
        "origin": "shanghai-library",
        "sourceUrl": "https://data.library.sh.cn/entity/architecture/7ep1shqokpnwyx02",
        "coordinateSourceTitle": "上海图书馆历史建筑开放数据",
        "sourceAddress": "巨鹿路314号",
        "locationNote": "此为来源目录门牌参考点，未独立测绘或核定建筑轮廓。",
        "wikipediaUrl": "https://zh.wikipedia.org/zh-hans/上海市优秀历史建筑",
        "wikidataId": null,
        "historicalGeometryVerified": false
      }
    },
    {
      "type": "Feature",
      "id": "sh-fgj-5A058-01-address-reference",
      "geometry": {
        "type": "Point",
        "coordinates": [
          121.460324,
          31.22391
        ]
      },
      "properties": {
        "officialId": "sh-fgj-5A058-01",
        "wikipediaId": "wiki-heritage-t06-r0060",
        "batch": 5,
        "officialCodeRaw": "5A058",
        "name": "住宅",
        "articleTitle": "长乐路272弄14号 住宅",
        "address": "长乐路272弄14号",
        "addressComparison": "exact",
        "coordinateScope": "building-complex-reference-point",
        "coordinateSystem": "WGS84",
        "precisionDegrees": null,
        "origin": "shanghai-library",
        "sourceUrl": "https://data.library.sh.cn/entity/architecture/tgecpiub6v856vc4",
        "coordinateSourceTitle": "上海图书馆历史建筑开放数据",
        "sourceAddress": "长乐路272弄14号",
        "locationNote": "此为门址所在里弄、院落或建筑群参考点，未逐栋核定位置。",
        "wikipediaUrl": "https://zh.wikipedia.org/zh-hans/上海市优秀历史建筑",
        "wikidataId": null,
        "historicalGeometryVerified": false
      }
    },
    {
      "type": "Feature",
      "id": "sh-fgj-5A059-01-address-reference",
      "geometry": {
        "type": "Point",
        "coordinates": [
          121.462543,
          31.21751
        ]
      },
      "properties": {
        "officialId": "sh-fgj-5A059-01",
        "wikipediaId": "wiki-heritage-t06-r0061",
        "batch": 5,
        "officialCodeRaw": "5A059",
        "name": "住宅",
        "articleTitle": "思南路48号 住宅",
        "address": "思南路48号",
        "addressComparison": "exact",
        "coordinateScope": "address-reference-point",
        "coordinateSystem": "WGS84",
        "precisionDegrees": null,
        "origin": "shanghai-library",
        "sourceUrl": "https://data.library.sh.cn/entity/architecture/j0qzuyqdiz1t1xnb",
        "coordinateSourceTitle": "上海图书馆历史建筑开放数据",
        "sourceAddress": "思南路48号",
        "locationNote": "此为来源目录门牌参考点，未独立测绘或核定建筑轮廓。",
        "wikipediaUrl": "https://zh.wikipedia.org/zh-hans/上海市优秀历史建筑",
        "wikidataId": null,
        "historicalGeometryVerified": false
      }
    },
    {
      "type": "Feature",
      "id": "sh-fgj-5A060-01-address-reference",
      "geometry": {
        "type": "Point",
        "coordinates": [
          121.459832,
          31.213109
        ]
      },
      "properties": {
        "officialId": "sh-fgj-5A060-01",
        "wikipediaId": "wiki-heritage-t06-r0062",
        "batch": 5,
        "officialCodeRaw": "5A060",
        "name": "西爱村，恒爱里",
        "articleTitle": "西爱村，恒爱里",
        "address": "永嘉路19号",
        "addressComparison": "exact",
        "coordinateScope": "address-reference-point",
        "coordinateSystem": "WGS84",
        "precisionDegrees": null,
        "origin": "shanghai-library",
        "sourceUrl": "https://data.library.sh.cn/entity/architecture/oh8vnywwnwniil7c",
        "coordinateSourceTitle": "上海图书馆历史建筑开放数据",
        "sourceAddress": "永嘉路19号",
        "locationNote": "此为来源目录门牌参考点，未独立测绘或核定建筑轮廓。",
        "wikipediaUrl": "https://zh.wikipedia.org/zh-hans/上海市优秀历史建筑",
        "wikidataId": null,
        "historicalGeometryVerified": false
      }
    },
    {
      "type": "Feature",
      "id": "sh-fgj-5A061-01-address-reference",
      "geometry": {
        "type": "Point",
        "coordinates": [
          121.460799,
          31.215702
        ]
      },
      "properties": {
        "officialId": "sh-fgj-5A061-01",
        "wikipediaId": "wiki-heritage-t06-r0063",
        "batch": 5,
        "officialCodeRaw": "5A061",
        "name": "花园坊",
        "articleTitle": "花园坊",
        "address": "瑞金二路129号",
        "addressComparison": "exact",
        "coordinateScope": "building-complex-reference-point",
        "coordinateSystem": "WGS84",
        "precisionDegrees": null,
        "origin": "shanghai-library",
        "sourceUrl": "https://data.library.sh.cn/entity/architecture/j82cg408301gzj5w",
        "coordinateSourceTitle": "上海图书馆历史建筑开放数据",
        "sourceAddress": "瑞金二路129号",
        "locationNote": "此为门址所在里弄、院落或建筑群参考点，未逐栋核定位置。",
        "wikipediaUrl": "https://zh.wikipedia.org/zh-hans/上海市优秀历史建筑",
        "wikidataId": null,
        "historicalGeometryVerified": false
      }
    },
    {
      "type": "Feature",
      "id": "sh-fgj-5A062-01-address-reference",
      "geometry": {
        "type": "Point",
        "coordinates": [
          121.460182,
          31.212308
        ]
      },
      "properties": {
        "officialId": "sh-fgj-5A062-01",
        "wikipediaId": "wiki-heritage-t06-r0064",
        "batch": 5,
        "officialCodeRaw": "5A062",
        "name": "静村",
        "articleTitle": "静村",
        "address": "绍兴路36弄",
        "addressComparison": "exact",
        "coordinateScope": "building-complex-reference-point",
        "coordinateSystem": "WGS84",
        "precisionDegrees": null,
        "origin": "shanghai-library",
        "sourceUrl": "https://data.library.sh.cn/entity/architecture/to0v203rqs06sdzc",
        "coordinateSourceTitle": "上海图书馆历史建筑开放数据",
        "sourceAddress": "绍兴路36弄",
        "locationNote": "此为门址所在里弄、院落或建筑群参考点，未逐栋核定位置。",
        "wikipediaUrl": "https://zh.wikipedia.org/zh-hans/上海市优秀历史建筑",
        "wikidataId": null,
        "historicalGeometryVerified": false
      }
    },
    {
      "type": "Feature",
      "id": "sh-fgj-5A063-01-address-reference",
      "geometry": {
        "type": "Point",
        "coordinates": [
          121.459912,
          31.213095
        ]
      },
      "properties": {
        "officialId": "sh-fgj-5A063-01",
        "wikipediaId": "wiki-heritage-t06-r0065",
        "batch": 5,
        "officialCodeRaw": "5A063",
        "name": "住宅",
        "articleTitle": "永嘉路17号 墨西哥料理",
        "address": "永嘉路17号",
        "addressComparison": "exact",
        "coordinateScope": "address-reference-point",
        "coordinateSystem": "WGS84",
        "precisionDegrees": null,
        "origin": "shanghai-library",
        "sourceUrl": "https://data.library.sh.cn/entity/architecture/krh7ns1kyu8vkrro",
        "coordinateSourceTitle": "上海图书馆历史建筑开放数据",
        "sourceAddress": "永嘉路17号",
        "locationNote": "此为来源目录门牌参考点，未独立测绘或核定建筑轮廓。",
        "wikipediaUrl": "https://zh.wikipedia.org/zh-hans/上海市优秀历史建筑",
        "wikidataId": null,
        "historicalGeometryVerified": false
      }
    },
    {
      "type": "Feature",
      "id": "sh-fgj-5A064-01-address-reference",
      "geometry": {
        "type": "Point",
        "coordinates": [
          121.458495,
          31.21218
        ]
      },
      "properties": {
        "officialId": "sh-fgj-5A064-01",
        "wikipediaId": "wiki-heritage-t06-r0066",
        "batch": 5,
        "officialCodeRaw": "5A064",
        "name": "郑家衖",
        "articleTitle": "郑家衖",
        "address": "永嘉路39弄",
        "addressComparison": "exact",
        "coordinateScope": "building-complex-reference-point",
        "coordinateSystem": "WGS84",
        "precisionDegrees": null,
        "origin": "shanghai-library",
        "sourceUrl": "https://data.library.sh.cn/entity/architecture/b24luukoj4tgdncd",
        "coordinateSourceTitle": "上海图书馆历史建筑开放数据",
        "sourceAddress": "永嘉路39弄",
        "locationNote": "此为门址所在里弄、院落或建筑群参考点，未逐栋核定位置。",
        "wikipediaUrl": "https://zh.wikipedia.org/zh-hans/上海市优秀历史建筑",
        "wikidataId": null,
        "historicalGeometryVerified": false
      }
    },
    {
      "type": "Feature",
      "id": "sh-fgj-5A065-01-address-reference",
      "geometry": {
        "type": "Point",
        "coordinates": [
          121.459607,
          31.209608
        ]
      },
      "properties": {
        "officialId": "sh-fgj-5A065-01",
        "wikipediaId": "wiki-heritage-t06-r0067",
        "batch": 5,
        "officialCodeRaw": "5A065",
        "name": "福绥里",
        "articleTitle": "福绥里",
        "address": "建国西路146号",
        "addressComparison": "exact",
        "coordinateScope": "address-reference-point",
        "coordinateSystem": "WGS84",
        "precisionDegrees": null,
        "origin": "shanghai-library",
        "sourceUrl": "https://data.library.sh.cn/entity/architecture/qg71wcq2mtausqvl",
        "coordinateSourceTitle": "上海图书馆历史建筑开放数据",
        "sourceAddress": "建国西路146号",
        "locationNote": "此为来源目录门牌参考点，未独立测绘或核定建筑轮廓。",
        "wikipediaUrl": "https://zh.wikipedia.org/zh-hans/上海市优秀历史建筑",
        "wikidataId": null,
        "historicalGeometryVerified": false
      }
    },
    {
      "type": "Feature",
      "id": "sh-fgj-5A066-01-address-reference",
      "geometry": {
        "type": "Point",
        "coordinates": [
          121.46734,
          31.217578
        ]
      },
      "properties": {
        "officialId": "sh-fgj-5A066-01",
        "wikipediaId": "wiki-heritage-t06-r0068",
        "batch": 5,
        "officialCodeRaw": "5A066",
        "name": "松韵别墅、群贤小学",
        "articleTitle": "松韵别墅、群贤小学",
        "address": "复兴路498弄1-8、10、11号",
        "addressComparison": "different-as-listed",
        "coordinateScope": "building-complex-reference-point",
        "coordinateSystem": "WGS84",
        "precisionDegrees": null,
        "origin": "shanghai-library",
        "sourceUrl": "https://data.library.sh.cn/entity/architecture/sztpi6gil33plotp",
        "coordinateSourceTitle": "上海图书馆历史建筑开放数据",
        "sourceAddress": "复兴路498弄1-8、10、11号",
        "locationNote": "此为门址所在里弄、院落或建筑群参考点，未逐栋核定位置。",
        "wikipediaUrl": "https://zh.wikipedia.org/zh-hans/上海市优秀历史建筑",
        "wikidataId": null,
        "historicalGeometryVerified": false
      }
    },
    {
      "type": "Feature",
      "id": "sh-fgj-5A067-01-address-reference",
      "geometry": {
        "type": "Point",
        "coordinates": [
          121.458076,
          31.212337
        ]
      },
      "properties": {
        "officialId": "sh-fgj-5A067-01",
        "wikipediaId": "wiki-heritage-t06-r0069",
        "batch": 5,
        "officialCodeRaw": "5A067",
        "name": "住宅",
        "articleTitle": "永嘉路37号 住宅",
        "address": "永嘉路37号",
        "addressComparison": "exact",
        "coordinateScope": "address-reference-point",
        "coordinateSystem": "WGS84",
        "precisionDegrees": null,
        "origin": "shanghai-library",
        "sourceUrl": "https://data.library.sh.cn/entity/architecture/cwtbbmd11ck1urtn",
        "coordinateSourceTitle": "上海图书馆历史建筑开放数据",
        "sourceAddress": "永嘉路37号",
        "locationNote": "此为来源目录门牌参考点，未独立测绘或核定建筑轮廓。",
        "wikipediaUrl": "https://zh.wikipedia.org/zh-hans/上海市优秀历史建筑",
        "wikidataId": null,
        "historicalGeometryVerified": false
      }
    },
    {
      "type": "Feature",
      "id": "sh-fgj-5A068-01-address-reference",
      "geometry": {
        "type": "Point",
        "coordinates": [
          121.457638,
          31.225359
        ]
      },
      "properties": {
        "officialId": "sh-fgj-5A068-01",
        "wikipediaId": "wiki-heritage-t06-r0070",
        "batch": 5,
        "officialCodeRaw": "5A068",
        "name": "环龙别业、环龙里",
        "articleTitle": "环龙别业、环龙里",
        "address": "南昌路212、244弄",
        "addressComparison": "different-as-listed",
        "coordinateScope": "building-complex-reference-point",
        "coordinateSystem": "WGS84",
        "precisionDegrees": null,
        "origin": "shanghai-library",
        "sourceUrl": "https://data.library.sh.cn/entity/architecture/06w7n6cjlkuypjsx",
        "coordinateSourceTitle": "上海图书馆历史建筑开放数据",
        "sourceAddress": "南昌路212、244弄",
        "locationNote": "此为门址所在里弄、院落或建筑群参考点，未逐栋核定位置。",
        "wikipediaUrl": "https://zh.wikipedia.org/zh-hans/上海市优秀历史建筑",
        "wikidataId": null,
        "historicalGeometryVerified": false
      }
    },
    {
      "type": "Feature",
      "id": "sh-fgj-5A069-01-address-reference",
      "geometry": {
        "type": "Point",
        "coordinates": [
          121.471822,
          31.218509
        ]
      },
      "properties": {
        "officialId": "sh-fgj-5A069-01",
        "wikipediaId": "wiki-heritage-t06-r0071",
        "batch": 5,
        "officialCodeRaw": "5A069",
        "name": "上海律师公会会所",
        "articleTitle": "上海律师公会会所",
        "address": "复兴中路301号",
        "addressComparison": "exact",
        "coordinateScope": "address-reference-point",
        "coordinateSystem": "WGS84",
        "precisionDegrees": null,
        "origin": "shanghai-library",
        "sourceUrl": "https://data.library.sh.cn/entity/architecture/w5jg2snatkxoe6e2",
        "coordinateSourceTitle": "上海图书馆历史建筑开放数据",
        "sourceAddress": "复兴中路301号",
        "locationNote": "此为来源目录门牌参考点，未独立测绘或核定建筑轮廓。",
        "wikipediaUrl": "https://zh.wikipedia.org/zh-hans/上海市优秀历史建筑",
        "wikidataId": null,
        "historicalGeometryVerified": false
      }
    },
    {
      "type": "Feature",
      "id": "sh-fgj-5A071-01-address-reference",
      "geometry": {
        "type": "Point",
        "coordinates": [
          121.467721,
          31.22186
        ]
      },
      "properties": {
        "officialId": "sh-fgj-5A071-01",
        "wikipediaId": "wiki-heritage-t06-r0073",
        "batch": 5,
        "officialCodeRaw": "5A071",
        "name": "首善堂",
        "articleTitle": "首善堂",
        "address": "重庆南路139号",
        "addressComparison": "exact",
        "coordinateScope": "building-complex-reference-point",
        "coordinateSystem": "WGS84",
        "precisionDegrees": null,
        "origin": "shanghai-library",
        "sourceUrl": "https://data.library.sh.cn/entity/architecture/fdrnw515ct6h5b6d",
        "coordinateSourceTitle": "上海图书馆历史建筑开放数据",
        "sourceAddress": "重庆南路139号",
        "locationNote": "此为门址所在里弄、院落或建筑群参考点，未逐栋核定位置。 同址有多个保护项，分别保留记录；共用门址点不能区分各楼栋。",
        "wikipediaUrl": "https://zh.wikipedia.org/wiki/%E9%A6%96%E5%96%84%E5%A0%82_(%E4%B8%8A%E6%B5%B7)",
        "wikidataId": null,
        "historicalGeometryVerified": false
      }
    },
    {
      "type": "Feature",
      "id": "sh-fgj-5A072-01-address-reference",
      "geometry": {
        "type": "Point",
        "coordinates": [
          121.46193,
          31.211533
        ]
      },
      "properties": {
        "officialId": "sh-fgj-5A072-01",
        "wikipediaId": "wiki-heritage-t06-r0074",
        "batch": 5,
        "officialCodeRaw": "5A072",
        "name": "公董局公共卫生救济处医学化验所",
        "articleTitle": "公董局公共卫生救济处医学化验所",
        "address": "瑞金二路207号",
        "addressComparison": "exact",
        "coordinateScope": "address-reference-point",
        "coordinateSystem": "WGS84",
        "precisionDegrees": null,
        "origin": "shanghai-library",
        "sourceUrl": "https://data.library.sh.cn/entity/architecture/libihxghjethym45",
        "coordinateSourceTitle": "上海图书馆历史建筑开放数据",
        "sourceAddress": "瑞金二路207号",
        "locationNote": "此为来源目录门牌参考点，未独立测绘或核定建筑轮廓。",
        "wikipediaUrl": "https://zh.wikipedia.org/wiki/%E4%B8%AD%E5%9B%BD%E7%96%BE%E7%97%85%E9%A2%84%E9%98%B2%E6%8E%A7%E5%88%B6%E4%B8%AD%E5%BF%83%E5%AF%84%E7%94%9F%E8%99%AB%E7%97%85%E9%A2%84%E9%98%B2%E6%8E%A7%E5%88%B6%E6%89%80",
        "wikidataId": null,
        "historicalGeometryVerified": false
      }
    },
    {
      "type": "Feature",
      "id": "sh-fgj-5A073-01-address-reference",
      "geometry": {
        "type": "Point",
        "coordinates": [
          121.481585,
          31.242501
        ]
      },
      "properties": {
        "officialId": "sh-fgj-5A073-01",
        "wikipediaId": "wiki-heritage-t06-r0075",
        "batch": 5,
        "officialCodeRaw": "5A073",
        "name": "上海银行",
        "articleTitle": "上海银行",
        "address": "江西中路372-390号，北京东路205-217号",
        "addressComparison": "exact",
        "coordinateScope": "building-complex-reference-point",
        "coordinateSystem": "WGS84",
        "precisionDegrees": null,
        "origin": "shanghai-library",
        "sourceUrl": "https://data.library.sh.cn/entity/architecture/6whkguvbnhooortw",
        "coordinateSourceTitle": "上海图书馆历史建筑开放数据",
        "sourceAddress": "江西中路372-390号，北京东路205-217号",
        "locationNote": "此为门址所在里弄、院落或建筑群参考点，未逐栋核定位置。",
        "wikipediaUrl": "https://zh.wikipedia.org/zh-hans/上海市优秀历史建筑",
        "wikidataId": null,
        "historicalGeometryVerified": false
      }
    },
    {
      "type": "Feature",
      "id": "sh-fgj-5A074-01-address-reference",
      "geometry": {
        "type": "Point",
        "coordinates": [
          121.480586,
          31.24341
        ]
      },
      "properties": {
        "officialId": "sh-fgj-5A074-01",
        "wikipediaId": "wiki-heritage-t06-r0076",
        "batch": 5,
        "officialCodeRaw": "5A074",
        "name": "鸿裕纺织有限公司大楼",
        "articleTitle": "鸿裕纺织有限公司大楼",
        "address": "江西中路441-445号",
        "addressComparison": "exact",
        "coordinateScope": "building-complex-reference-point",
        "coordinateSystem": "WGS84",
        "precisionDegrees": null,
        "origin": "shanghai-library",
        "sourceUrl": "https://data.library.sh.cn/entity/architecture/zpvzwgx1co42itw0",
        "coordinateSourceTitle": "上海图书馆历史建筑开放数据",
        "sourceAddress": "江西中路441-445号",
        "locationNote": "此为门址所在里弄、院落或建筑群参考点，未逐栋核定位置。",
        "wikipediaUrl": "https://zh.wikipedia.org/zh-hans/上海市优秀历史建筑",
        "wikidataId": null,
        "historicalGeometryVerified": false
      }
    },
    {
      "type": "Feature",
      "id": "sh-fgj-5A075-01-address-reference",
      "geometry": {
        "type": "Point",
        "coordinates": [
          121.482012,
          31.244646
        ]
      },
      "properties": {
        "officialId": "sh-fgj-5A075-01",
        "wikipediaId": "wiki-heritage-t06-r0077",
        "batch": 5,
        "officialCodeRaw": "5A075",
        "name": "美国陆海军青年会",
        "articleTitle": "美国陆海军青年会",
        "address": "香港路85号",
        "addressComparison": "exact",
        "coordinateScope": "address-reference-point",
        "coordinateSystem": "WGS84",
        "precisionDegrees": null,
        "origin": "shanghai-library",
        "sourceUrl": "https://data.library.sh.cn/entity/architecture/xs5iauxv1za4jwyu",
        "coordinateSourceTitle": "上海图书馆历史建筑开放数据",
        "sourceAddress": "香港路85号",
        "locationNote": "此为来源目录门牌参考点，未独立测绘或核定建筑轮廓。",
        "wikipediaUrl": "https://zh.wikipedia.org/zh-hans/上海市优秀历史建筑",
        "wikidataId": null,
        "historicalGeometryVerified": false
      }
    },
    {
      "type": "Feature",
      "id": "sh-fgj-5A076-01-address-reference",
      "geometry": {
        "type": "Point",
        "coordinates": [
          121.48311,
          31.242643
        ]
      },
      "properties": {
        "officialId": "sh-fgj-5A076-01",
        "wikipediaId": "wiki-heritage-t06-r0078",
        "batch": 5,
        "officialCodeRaw": "5A076",
        "name": "马可尼公司",
        "articleTitle": "马可尼公司",
        "address": "北京东路131号",
        "addressComparison": "exact",
        "coordinateScope": "address-reference-point",
        "coordinateSystem": "WGS84",
        "precisionDegrees": null,
        "origin": "shanghai-library",
        "sourceUrl": "https://data.library.sh.cn/entity/architecture/4voimn4usldk717z",
        "coordinateSourceTitle": "上海图书馆历史建筑开放数据",
        "sourceAddress": "北京东路131号",
        "locationNote": "此为来源目录门牌参考点，未独立测绘或核定建筑轮廓。",
        "wikipediaUrl": "https://zh.wikipedia.org/zh-hans/上海市优秀历史建筑",
        "wikidataId": null,
        "historicalGeometryVerified": false
      }
    },
    {
      "type": "Feature",
      "id": "sh-fgj-5A077-01-address-reference",
      "geometry": {
        "type": "Point",
        "coordinates": [
          121.481684,
          31.232067
        ]
      },
      "properties": {
        "officialId": "sh-fgj-5A077-01",
        "wikipediaId": "wiki-heritage-t06-r0079",
        "batch": 5,
        "officialCodeRaw": "5A077",
        "name": "上海法租界麦兰捕房/上海市警察局黄浦分局（1943）",
        "articleTitle": "上海法租界麦兰捕房/上海市警察局黄浦分局（1943）",
        "address": "金陵东路174号",
        "addressComparison": "exact",
        "coordinateScope": "address-reference-point",
        "coordinateSystem": "WGS84",
        "precisionDegrees": null,
        "origin": "shanghai-library",
        "sourceUrl": "https://data.library.sh.cn/entity/architecture/70e57oe2ndcgvh30",
        "coordinateSourceTitle": "上海图书馆历史建筑开放数据",
        "sourceAddress": "金陵东路174号",
        "locationNote": "此为来源目录门牌参考点，未独立测绘或核定建筑轮廓。",
        "wikipediaUrl": "https://zh.wikipedia.org/wiki/%E4%B8%8A%E6%B5%B7%E6%B3%95%E7%A7%9F%E7%95%8C%E9%BA%A6%E5%85%B0%E6%8D%95%E6%88%BF",
        "wikidataId": null,
        "historicalGeometryVerified": false
      }
    },
    {
      "type": "Feature",
      "id": "sh-fgj-5A078-01-address-reference",
      "geometry": {
        "type": "Point",
        "coordinates": [
          121.46856,
          31.220069
        ]
      },
      "properties": {
        "officialId": "sh-fgj-5A078-01",
        "wikipediaId": "wiki-heritage-t06-r0080",
        "batch": 5,
        "officialCodeRaw": "5A078",
        "name": "住宅",
        "articleTitle": "自忠路414-454号 住宅",
        "address": "自忠路414-454号",
        "addressComparison": "exact",
        "coordinateScope": "building-complex-reference-point",
        "coordinateSystem": "WGS84",
        "precisionDegrees": null,
        "origin": "shanghai-library",
        "sourceUrl": "https://data.library.sh.cn/entity/architecture/4cp5npw1u0qb3gdt",
        "coordinateSourceTitle": "上海图书馆历史建筑开放数据",
        "sourceAddress": "自忠路414-454号",
        "locationNote": "此为门址所在里弄、院落或建筑群参考点，未逐栋核定位置。",
        "wikipediaUrl": "https://zh.wikipedia.org/zh-hans/上海市优秀历史建筑",
        "wikidataId": null,
        "historicalGeometryVerified": false
      }
    },
    {
      "type": "Feature",
      "id": "sh-fgj-5A079-01-address-reference",
      "geometry": {
        "type": "Point",
        "coordinates": [
          121.467679,
          31.217656
        ]
      },
      "properties": {
        "officialId": "sh-fgj-5A079-01",
        "wikipediaId": "wiki-heritage-t06-r0081",
        "batch": 5,
        "officialCodeRaw": "5A079",
        "name": "花园住宅",
        "articleTitle": "复兴中路492号 集团办公",
        "address": "复兴中路492号",
        "addressComparison": "exact",
        "coordinateScope": "address-reference-point",
        "coordinateSystem": "WGS84",
        "precisionDegrees": null,
        "origin": "shanghai-library",
        "sourceUrl": "https://data.library.sh.cn/entity/architecture/xvkkq0jqlefc06gx",
        "coordinateSourceTitle": "上海图书馆历史建筑开放数据",
        "sourceAddress": "复兴中路492号",
        "locationNote": "此为来源目录门牌参考点，未独立测绘或核定建筑轮廓。",
        "wikipediaUrl": "https://zh.wikipedia.org/zh-hans/上海市优秀历史建筑",
        "wikidataId": null,
        "historicalGeometryVerified": false
      }
    },
    {
      "type": "Feature",
      "id": "sh-fgj-5A080-01-address-reference",
      "geometry": {
        "type": "Point",
        "coordinates": [
          121.462224,
          31.217815
        ]
      },
      "properties": {
        "officialId": "sh-fgj-5A080-01",
        "wikipediaId": "wiki-heritage-t06-r0082",
        "batch": 5,
        "officialCodeRaw": "5A080",
        "name": "住宅",
        "articleTitle": "香山路9号 住宅",
        "address": "香山路9号",
        "addressComparison": "exact",
        "coordinateScope": "address-reference-point",
        "coordinateSystem": "WGS84",
        "precisionDegrees": null,
        "origin": "shanghai-library",
        "sourceUrl": "https://data.library.sh.cn/entity/architecture/a2v5bftklcdl0h8a",
        "coordinateSourceTitle": "上海图书馆历史建筑开放数据",
        "sourceAddress": "香山路9号",
        "locationNote": "此为来源目录门牌参考点，未独立测绘或核定建筑轮廓。",
        "wikipediaUrl": "https://zh.wikipedia.org/zh-hans/上海市优秀历史建筑",
        "wikidataId": null,
        "historicalGeometryVerified": false
      }
    },
    {
      "type": "Feature",
      "id": "sh-fgj-5A081-01-address-reference",
      "geometry": {
        "type": "Point",
        "coordinates": [
          121.460107,
          31.242502
        ]
      },
      "properties": {
        "officialId": "sh-fgj-5A081-01",
        "wikipediaId": "wiki-heritage-t06-r0083",
        "batch": 5,
        "officialCodeRaw": "5A081",
        "name": "天祥实业股份有限公司、上海顾天盛花厂",
        "articleTitle": "天祥实业股份有限公司、上海顾天盛花厂",
        "address": "南苏州路1295号-1305号",
        "addressComparison": "exact",
        "coordinateScope": "building-complex-reference-point",
        "coordinateSystem": "WGS84",
        "precisionDegrees": null,
        "origin": "shanghai-library",
        "sourceUrl": "https://data.library.sh.cn/entity/architecture/fcccyq4cyfqwjswj",
        "coordinateSourceTitle": "上海图书馆历史建筑开放数据",
        "sourceAddress": "南苏州河路1295号-1305号",
        "locationNote": "此为门址所在里弄、院落或建筑群参考点，未逐栋核定位置。 来源门址与官方写法有差异，原始门牌和对照理由均保留。",
        "wikipediaUrl": "https://zh.wikipedia.org/zh-hans/上海市优秀历史建筑",
        "wikidataId": null,
        "historicalGeometryVerified": false
      }
    },
    {
      "type": "Feature",
      "id": "sh-fgj-5A083-01-address-reference",
      "geometry": {
        "type": "Point",
        "coordinates": [
          121.462837,
          31.235123
        ]
      },
      "properties": {
        "officialId": "sh-fgj-5A083-01",
        "wikipediaId": "wiki-heritage-t06-r0085",
        "batch": 5,
        "officialCodeRaw": "5A083",
        "name": "白克路",
        "articleTitle": "白克路",
        "address": "凤阳路450号",
        "addressComparison": "exact",
        "coordinateScope": "address-reference-point",
        "coordinateSystem": "WGS84",
        "precisionDegrees": null,
        "origin": "shanghai-library",
        "sourceUrl": "https://data.library.sh.cn/entity/architecture/6sguhbn7y0ipd5fn",
        "coordinateSourceTitle": "上海图书馆历史建筑开放数据",
        "sourceAddress": "凤阳路450号",
        "locationNote": "此为来源目录门牌参考点，未独立测绘或核定建筑轮廓。",
        "wikipediaUrl": "https://zh.wikipedia.org/zh-hans/上海市优秀历史建筑",
        "wikidataId": null,
        "historicalGeometryVerified": false
      }
    },
    {
      "type": "Feature",
      "id": "sh-fgj-5B001-01-address-reference",
      "geometry": {
        "type": "Point",
        "coordinates": [
          121.440354,
          31.217523
        ]
      },
      "properties": {
        "officialId": "sh-fgj-5B001-01",
        "wikipediaId": "wiki-heritage-t09-r0002",
        "batch": 5,
        "officialCodeRaw": "5B001",
        "name": "J.K.K. 公寓",
        "articleTitle": "J.K.K. 公寓",
        "address": "长乐路962弄1-4号",
        "addressComparison": "exact",
        "coordinateScope": "building-complex-reference-point",
        "coordinateSystem": "WGS84",
        "precisionDegrees": null,
        "origin": "shanghai-library",
        "sourceUrl": "https://data.library.sh.cn/entity/architecture/fptqg6cxu0jbbtui",
        "coordinateSourceTitle": "上海图书馆历史建筑开放数据",
        "sourceAddress": "长乐路962弄1-4号",
        "locationNote": "此为门址所在里弄、院落或建筑群参考点，未逐栋核定位置。",
        "wikipediaUrl": "https://zh.wikipedia.org/zh-hans/上海市优秀历史建筑",
        "wikidataId": null,
        "historicalGeometryVerified": false
      }
    },
    {
      "type": "Feature",
      "id": "sh-fgj-5B002-01-address-reference",
      "geometry": {
        "type": "Point",
        "coordinates": [
          121.435789,
          31.218591
        ]
      },
      "properties": {
        "officialId": "sh-fgj-5B002-01",
        "wikipediaId": "wiki-heritage-t09-r0003",
        "batch": 5,
        "officialCodeRaw": "5B002",
        "name": "住宅",
        "articleTitle": "华山路630号 戏剧学院（仲彝楼、健吾楼）",
        "address": "华山路630号",
        "addressComparison": "exact",
        "coordinateScope": "building-complex-reference-point",
        "coordinateSystem": "WGS84",
        "precisionDegrees": null,
        "origin": "shanghai-library",
        "sourceUrl": "https://data.library.sh.cn/entity/architecture/l04ndc0eo1t7b4pu",
        "coordinateSourceTitle": "上海图书馆历史建筑开放数据",
        "sourceAddress": "华山路630号",
        "locationNote": "此为门址所在里弄、院落或建筑群参考点，未逐栋核定位置。 同址有多个保护项，分别保留记录；共用门址点不能区分各楼栋。",
        "wikipediaUrl": "https://zh.wikipedia.org/zh-hans/上海市优秀历史建筑",
        "wikidataId": null,
        "historicalGeometryVerified": false
      }
    },
    {
      "type": "Feature",
      "id": "sh-fgj-5B003-01-address-reference",
      "geometry": {
        "type": "Point",
        "coordinates": [
          121.433962,
          31.223261
        ]
      },
      "properties": {
        "officialId": "sh-fgj-5B003-01",
        "wikipediaId": "wiki-heritage-t09-r0004",
        "batch": 5,
        "officialCodeRaw": "5B003",
        "name": "住宅",
        "articleTitle": "愚园路541弄2号 花园住宅",
        "address": "愚园路541弄2号",
        "addressComparison": "exact",
        "coordinateScope": "building-complex-reference-point",
        "coordinateSystem": "WGS84",
        "precisionDegrees": null,
        "origin": "shanghai-library",
        "sourceUrl": "https://data.library.sh.cn/entity/architecture/6yamvnmsegdw6od7",
        "coordinateSourceTitle": "上海图书馆历史建筑开放数据",
        "sourceAddress": "愚园路541弄2号",
        "locationNote": "此为门址所在里弄、院落或建筑群参考点，未逐栋核定位置。",
        "wikipediaUrl": "https://zh.wikipedia.org/zh-hans/上海市优秀历史建筑",
        "wikidataId": null,
        "historicalGeometryVerified": false
      }
    },
    {
      "type": "Feature",
      "id": "sh-fgj-5B004-01-address-reference",
      "geometry": {
        "type": "Point",
        "coordinates": [
          121.436316,
          31.223828
        ]
      },
      "properties": {
        "officialId": "sh-fgj-5B004-01",
        "wikipediaId": "wiki-heritage-t09-r0005",
        "batch": 5,
        "officialCodeRaw": "5B004",
        "name": "住宅",
        "articleTitle": "愚园路419弄 花园住宅",
        "address": "愚园路419弄（3-32号）、愚园路411号、愚园路427号",
        "addressComparison": "different-as-listed",
        "coordinateScope": "building-complex-reference-point",
        "coordinateSystem": "WGS84",
        "precisionDegrees": null,
        "origin": "shanghai-library",
        "sourceUrl": "https://data.library.sh.cn/entity/architecture/tylq3bk0kjm86sc3",
        "coordinateSourceTitle": "上海图书馆历史建筑开放数据",
        "sourceAddress": "愚园路419弄",
        "locationNote": "此为门址所在里弄、院落或建筑群参考点，未逐栋核定位置。 来源门址与官方写法有差异，原始门牌和对照理由均保留。",
        "wikipediaUrl": "https://zh.wikipedia.org/zh-hans/上海市优秀历史建筑",
        "wikidataId": null,
        "historicalGeometryVerified": false
      }
    },
    {
      "type": "Feature",
      "id": "sh-fgj-5B005-01-address-reference",
      "geometry": {
        "type": "Point",
        "coordinates": [
          121.434746,
          31.219188
        ]
      },
      "properties": {
        "officialId": "sh-fgj-5B005-01",
        "wikipediaId": "wiki-heritage-t09-r0006",
        "batch": 5,
        "officialCodeRaw": "5B005",
        "name": "美丽园",
        "articleTitle": "美丽园",
        "address": "延安西路379弄2-16号、18号、20号、22号",
        "addressComparison": "different-as-listed",
        "coordinateScope": "building-complex-reference-point",
        "coordinateSystem": "WGS84",
        "precisionDegrees": null,
        "origin": "shanghai-library",
        "sourceUrl": "https://data.library.sh.cn/entity/architecture/nogregftctj4f56z",
        "coordinateSourceTitle": "上海图书馆历史建筑开放数据",
        "sourceAddress": "延安西路379弄",
        "locationNote": "此为门址所在里弄、院落或建筑群参考点，未逐栋核定位置。 来源门址与官方写法有差异，原始门牌和对照理由均保留。",
        "wikipediaUrl": "https://zh.wikipedia.org/zh-hans/上海市优秀历史建筑",
        "wikidataId": null,
        "historicalGeometryVerified": false
      }
    },
    {
      "type": "Feature",
      "id": "sh-fgj-5B006-01-address-reference",
      "geometry": {
        "type": "Point",
        "coordinates": [
          121.43792,
          31.22058
        ]
      },
      "properties": {
        "officialId": "sh-fgj-5B006-01",
        "wikipediaId": "wiki-heritage-t09-r0007",
        "batch": 5,
        "officialCodeRaw": "5B006",
        "name": "住宅",
        "articleTitle": "乌鲁木齐北路468弄80-108号 住宅",
        "address": "乌鲁木齐北路468弄80-108号",
        "addressComparison": "exact",
        "coordinateScope": "building-complex-reference-point",
        "coordinateSystem": "WGS84",
        "precisionDegrees": null,
        "origin": "shanghai-library",
        "sourceUrl": "https://data.library.sh.cn/entity/architecture/aijsvs2j6vwfs3k0",
        "coordinateSourceTitle": "上海图书馆历史建筑开放数据",
        "sourceAddress": "乌鲁木齐北路468弄80-108号",
        "locationNote": "此为门址所在里弄、院落或建筑群参考点，未逐栋核定位置。",
        "wikipediaUrl": "https://zh.wikipedia.org/zh-hans/上海市优秀历史建筑",
        "wikidataId": null,
        "historicalGeometryVerified": false
      }
    },
    {
      "type": "Feature",
      "id": "sh-fgj-5B007-01-address-reference",
      "geometry": {
        "type": "Point",
        "coordinates": [
          121.445334,
          31.233866
        ]
      },
      "properties": {
        "officialId": "sh-fgj-5B007-01",
        "wikipediaId": "wiki-heritage-t09-r0008",
        "batch": 5,
        "officialCodeRaw": "5B007",
        "name": "住宅",
        "articleTitle": "新闸路1378弄17号 静安区教育学院培训中心",
        "address": "新闸路1378弄17号",
        "addressComparison": "exact",
        "coordinateScope": "building-complex-reference-point",
        "coordinateSystem": "WGS84",
        "precisionDegrees": null,
        "origin": "shanghai-library",
        "sourceUrl": "https://data.library.sh.cn/entity/architecture/iocmi8iptug8pogd",
        "coordinateSourceTitle": "上海图书馆历史建筑开放数据",
        "sourceAddress": "新闸路1378弄17号",
        "locationNote": "此为门址所在里弄、院落或建筑群参考点，未逐栋核定位置。",
        "wikipediaUrl": "https://zh.wikipedia.org/zh-hans/上海市优秀历史建筑",
        "wikidataId": null,
        "historicalGeometryVerified": false
      }
    },
    {
      "type": "Feature",
      "id": "sh-fgj-5B008-01-address-reference",
      "geometry": {
        "type": "Point",
        "coordinates": [
          121.445759,
          31.234427
        ]
      },
      "properties": {
        "officialId": "sh-fgj-5B008-01",
        "wikipediaId": "wiki-heritage-t09-r0009",
        "batch": 5,
        "officialCodeRaw": "5B008",
        "name": "住宅",
        "articleTitle": "新闸路1340弄21号 花园住宅",
        "address": "新闸路1340弄21号",
        "addressComparison": "exact",
        "coordinateScope": "building-complex-reference-point",
        "coordinateSystem": "WGS84",
        "precisionDegrees": null,
        "origin": "shanghai-library",
        "sourceUrl": "https://data.library.sh.cn/entity/architecture/z4ljkjov8uaz8fka",
        "coordinateSourceTitle": "上海图书馆历史建筑开放数据",
        "sourceAddress": "新闸路1340弄21号",
        "locationNote": "此为门址所在里弄、院落或建筑群参考点，未逐栋核定位置。",
        "wikipediaUrl": "https://zh.wikipedia.org/zh-hans/上海市优秀历史建筑",
        "wikidataId": null,
        "historicalGeometryVerified": false
      }
    },
    {
      "type": "Feature",
      "id": "sh-fgj-5B009-01-address-reference",
      "geometry": {
        "type": "Point",
        "coordinates": [
          121.437566,
          31.233184
        ]
      },
      "properties": {
        "officialId": "sh-fgj-5B009-01",
        "wikipediaId": "wiki-heritage-t09-r0010",
        "batch": 5,
        "officialCodeRaw": "5B009",
        "name": "住宅",
        "articleTitle": "胶州路450号 住宅",
        "address": "胶州路450号",
        "addressComparison": "exact",
        "coordinateScope": "address-reference-point",
        "coordinateSystem": "WGS84",
        "precisionDegrees": null,
        "origin": "shanghai-library",
        "sourceUrl": "https://data.library.sh.cn/entity/architecture/5oghm1tdbt55352d",
        "coordinateSourceTitle": "上海图书馆历史建筑开放数据",
        "sourceAddress": "胶州路450号",
        "locationNote": "此为来源目录门牌参考点，未独立测绘或核定建筑轮廓。",
        "wikipediaUrl": "https://zh.wikipedia.org/zh-hans/上海市优秀历史建筑",
        "wikidataId": null,
        "historicalGeometryVerified": false
      }
    },
    {
      "type": "Feature",
      "id": "sh-fgj-5B010-01-address-reference",
      "geometry": {
        "type": "Point",
        "coordinates": [
          121.438917,
          31.232277
        ]
      },
      "properties": {
        "officialId": "sh-fgj-5B010-01",
        "wikipediaId": "wiki-heritage-t09-r0011",
        "batch": 5,
        "officialCodeRaw": "5B010",
        "name": "麦伦中学-越旦中学",
        "articleTitle": "麦伦中学-越旦中学",
        "address": "武定路946号",
        "addressComparison": "exact",
        "coordinateScope": "address-reference-point",
        "coordinateSystem": "WGS84",
        "precisionDegrees": null,
        "origin": "shanghai-library",
        "sourceUrl": "https://data.library.sh.cn/entity/architecture/pocmz8zs1e2wqcbb",
        "coordinateSourceTitle": "上海图书馆历史建筑开放数据",
        "sourceAddress": "武定路946号",
        "locationNote": "此为来源目录门牌参考点，未独立测绘或核定建筑轮廓。",
        "wikipediaUrl": "https://zh.wikipedia.org/zh-hans/上海市优秀历史建筑",
        "wikidataId": null,
        "historicalGeometryVerified": false
      }
    },
    {
      "type": "Feature",
      "id": "sh-fgj-5B011-01-address-reference",
      "geometry": {
        "type": "Point",
        "coordinates": [
          121.451542,
          31.239205
        ]
      },
      "properties": {
        "officialId": "sh-fgj-5B011-01",
        "wikipediaId": "wiki-heritage-t09-r0012",
        "batch": 5,
        "officialCodeRaw": "5B011",
        "name": "住宅",
        "articleTitle": "康定东路85号 石门二路社区文化活动中心",
        "address": "康定东路85号",
        "addressComparison": "exact",
        "coordinateScope": "address-reference-point",
        "coordinateSystem": "WGS84",
        "precisionDegrees": null,
        "origin": "shanghai-library",
        "sourceUrl": "https://data.library.sh.cn/entity/architecture/42188800h1q3iocz",
        "coordinateSourceTitle": "上海图书馆历史建筑开放数据",
        "sourceAddress": "康定东路85号",
        "locationNote": "此为来源目录门牌参考点，未独立测绘或核定建筑轮廓。",
        "wikipediaUrl": "https://zh.wikipedia.org/zh-hans/上海市优秀历史建筑",
        "wikidataId": null,
        "historicalGeometryVerified": false
      }
    },
    {
      "type": "Feature",
      "id": "sh-fgj-5B012-01-address-reference",
      "geometry": {
        "type": "Point",
        "coordinates": [
          121.443181,
          31.218586
        ]
      },
      "properties": {
        "officialId": "sh-fgj-5B012-01",
        "wikipediaId": "wiki-heritage-t09-r0013",
        "batch": 5,
        "officialCodeRaw": "5B012",
        "name": "派司公寓",
        "articleTitle": "派司公寓",
        "address": "常熟路100弄1-8号",
        "addressComparison": "exact",
        "coordinateScope": "building-complex-reference-point",
        "coordinateSystem": "WGS84",
        "precisionDegrees": null,
        "origin": "shanghai-library",
        "sourceUrl": "https://data.library.sh.cn/entity/architecture/7ehcpjt2xwy04byj",
        "coordinateSourceTitle": "上海图书馆历史建筑开放数据",
        "sourceAddress": "常熟路100弄1-8号",
        "locationNote": "此为门址所在里弄、院落或建筑群参考点，未逐栋核定位置。",
        "wikipediaUrl": "https://zh.wikipedia.org/zh-hans/上海市优秀历史建筑",
        "wikidataId": null,
        "historicalGeometryVerified": false
      }
    },
    {
      "type": "Feature",
      "id": "sh-fgj-5B013-01-address-reference",
      "geometry": {
        "type": "Point",
        "coordinates": [
          121.434914,
          31.224443
        ]
      },
      "properties": {
        "officialId": "sh-fgj-5B013-01",
        "wikipediaId": "wiki-heritage-t09-r0014",
        "batch": 5,
        "officialCodeRaw": "5B013",
        "name": "贤邻别墅",
        "articleTitle": "贤邻别墅",
        "address": "愚园路470弄3-23号、愚园路472-474号（双号）",
        "addressComparison": "different-as-listed",
        "coordinateScope": "building-complex-reference-point",
        "coordinateSystem": "WGS84",
        "precisionDegrees": null,
        "origin": "shanghai-library",
        "sourceUrl": "https://data.library.sh.cn/entity/architecture/smkfzmfcs0ne67e3",
        "coordinateSourceTitle": "上海图书馆历史建筑开放数据",
        "sourceAddress": "愚园路470弄9-19号",
        "locationNote": "此为门址所在里弄、院落或建筑群参考点，未逐栋核定位置。 来源门址与官方写法有差异，原始门牌和对照理由均保留。",
        "wikipediaUrl": "https://zh.wikipedia.org/zh-hans/上海市优秀历史建筑",
        "wikidataId": null,
        "historicalGeometryVerified": false
      }
    },
    {
      "type": "Feature",
      "id": "sh-fgj-5B014-01-address-reference",
      "geometry": {
        "type": "Point",
        "coordinates": [
          121.434319,
          31.223621
        ]
      },
      "properties": {
        "officialId": "sh-fgj-5B014-01",
        "wikipediaId": "wiki-heritage-t09-r0015",
        "batch": 5,
        "officialCodeRaw": "5B014",
        "name": "住宅",
        "articleTitle": "愚园路520弄2-28号 四明体育弄",
        "address": "愚园路520弄(2-28)号、愚园路510-528号（双号）",
        "addressComparison": "different-as-listed",
        "coordinateScope": "building-complex-reference-point",
        "coordinateSystem": "WGS84",
        "precisionDegrees": null,
        "origin": "shanghai-library",
        "sourceUrl": "https://data.library.sh.cn/entity/architecture/h2hwrhtlzarll6s7",
        "coordinateSourceTitle": "上海图书馆历史建筑开放数据",
        "sourceAddress": "愚园路520弄2-28号",
        "locationNote": "此为门址所在里弄、院落或建筑群参考点，未逐栋核定位置。 来源门址与官方写法有差异，原始门牌和对照理由均保留。",
        "wikipediaUrl": "https://zh.wikipedia.org/zh-hans/上海市优秀历史建筑",
        "wikidataId": null,
        "historicalGeometryVerified": false
      }
    },
    {
      "type": "Feature",
      "id": "sh-fgj-5B015-01-address-reference",
      "geometry": {
        "type": "Point",
        "coordinates": [
          121.432889,
          31.224085
        ]
      },
      "properties": {
        "officialId": "sh-fgj-5B015-01",
        "wikipediaId": "wiki-heritage-t09-r0016",
        "batch": 5,
        "officialCodeRaw": "5B015",
        "name": "四明别墅",
        "articleTitle": "四明别墅",
        "address": "愚园路576 弄（3-77 号）、 愚园路580-590 号（双号）",
        "addressComparison": "different-as-listed",
        "coordinateScope": "building-complex-reference-point",
        "coordinateSystem": "WGS84",
        "precisionDegrees": null,
        "origin": "shanghai-library",
        "sourceUrl": "https://data.library.sh.cn/entity/architecture/rntdzv0rivviljyt",
        "coordinateSourceTitle": "上海图书馆历史建筑开放数据",
        "sourceAddress": "愚园路576弄",
        "locationNote": "此为门址所在里弄、院落或建筑群参考点，未逐栋核定位置。 来源门址与官方写法有差异，原始门牌和对照理由均保留。",
        "wikipediaUrl": "https://zh.wikipedia.org/zh-hans/上海市优秀历史建筑",
        "wikidataId": null,
        "historicalGeometryVerified": false
      }
    },
    {
      "type": "Feature",
      "id": "sh-fgj-5B017-01-address-reference",
      "geometry": {
        "type": "Point",
        "coordinates": [
          121.452195,
          31.239264
        ]
      },
      "properties": {
        "officialId": "sh-fgj-5B017-01",
        "wikipediaId": "wiki-heritage-t09-r0018",
        "batch": 5,
        "officialCodeRaw": "5B017",
        "name": "大任小学校、 上海市私立大任小学旧址",
        "articleTitle": "大任小学校、 上海市私立大任小学旧址",
        "address": "康定东路20号",
        "addressComparison": "exact",
        "coordinateScope": "address-reference-point",
        "coordinateSystem": "WGS84",
        "precisionDegrees": null,
        "origin": "shanghai-library",
        "sourceUrl": "https://data.library.sh.cn/entity/architecture/2oqaicic8vnqm16q",
        "coordinateSourceTitle": "上海图书馆历史建筑开放数据",
        "sourceAddress": "康定东路20号",
        "locationNote": "此为来源目录门牌参考点，未独立测绘或核定建筑轮廓。",
        "wikipediaUrl": "https://zh.wikipedia.org/zh-hans/上海市优秀历史建筑",
        "wikidataId": null,
        "historicalGeometryVerified": false
      }
    },
    {
      "type": "Feature",
      "id": "sh-fgj-5B018-01-address-reference",
      "geometry": {
        "type": "Point",
        "coordinates": [
          121.455451,
          31.230486
        ]
      },
      "properties": {
        "officialId": "sh-fgj-5B018-01",
        "wikipediaId": "wiki-heritage-t09-r0019",
        "batch": 5,
        "officialCodeRaw": "5B018",
        "name": "住宅",
        "articleTitle": "威海路590弄89号 住宅",
        "address": "威海路590弄89号",
        "addressComparison": "exact",
        "coordinateScope": "building-complex-reference-point",
        "coordinateSystem": "WGS84",
        "precisionDegrees": null,
        "origin": "shanghai-library",
        "sourceUrl": "https://data.library.sh.cn/entity/architecture/qroyozabujzgql3x",
        "coordinateSourceTitle": "上海图书馆历史建筑开放数据",
        "sourceAddress": "威海路590弄89号",
        "locationNote": "此为门址所在里弄、院落或建筑群参考点，未逐栋核定位置。",
        "wikipediaUrl": "https://zh.wikipedia.org/wiki/%E5%91%B3%E8%8E%BC%E5%9B%AD",
        "wikidataId": null,
        "historicalGeometryVerified": false
      }
    },
    {
      "type": "Feature",
      "id": "sh-fgj-5B019-01-address-reference",
      "geometry": {
        "type": "Point",
        "coordinates": [
          121.44093,
          31.228732
        ]
      },
      "properties": {
        "officialId": "sh-fgj-5B019-01",
        "wikipediaId": "wiki-heritage-t09-r0020",
        "batch": 5,
        "officialCodeRaw": "5B019",
        "name": "佳庐",
        "articleTitle": "佳庐",
        "address": "北京西路1592弄11号",
        "addressComparison": "exact",
        "coordinateScope": "building-complex-reference-point",
        "coordinateSystem": "WGS84",
        "precisionDegrees": null,
        "origin": "shanghai-library",
        "sourceUrl": "https://data.library.sh.cn/entity/architecture/5eqhgps57deqh7sy",
        "coordinateSourceTitle": "上海图书馆历史建筑开放数据",
        "sourceAddress": "北京西路1592弄11号",
        "locationNote": "此为门址所在里弄、院落或建筑群参考点，未逐栋核定位置。",
        "wikipediaUrl": "https://zh.wikipedia.org/zh-hans/上海市优秀历史建筑",
        "wikidataId": null,
        "historicalGeometryVerified": false
      }
    },
    {
      "type": "Feature",
      "id": "sh-fgj-5B020-01-address-reference",
      "geometry": {
        "type": "Point",
        "coordinates": [
          121.446869,
          31.232419
        ]
      },
      "properties": {
        "officialId": "sh-fgj-5B020-01",
        "wikipediaId": "wiki-heritage-t09-r0021",
        "batch": 5,
        "officialCodeRaw": "5B020",
        "name": "望德堂",
        "articleTitle": "望德堂",
        "address": "北京西路1220弄1-108号",
        "addressComparison": "different-as-listed",
        "coordinateScope": "building-complex-reference-point",
        "coordinateSystem": "WGS84",
        "precisionDegrees": null,
        "origin": "shanghai-library",
        "sourceUrl": "https://data.library.sh.cn/entity/architecture/jmp5zj8d0vnl1oug",
        "coordinateSourceTitle": "上海图书馆历史建筑开放数据",
        "sourceAddress": "北京西路1220弄",
        "locationNote": "此为门址所在里弄、院落或建筑群参考点，未逐栋核定位置。 来源门址与官方写法有差异，原始门牌和对照理由均保留。",
        "wikipediaUrl": "https://zh.wikipedia.org/zh-hans/上海市优秀历史建筑",
        "wikidataId": null,
        "historicalGeometryVerified": false
      }
    },
    {
      "type": "Feature",
      "id": "sh-fgj-5B021-01-address-reference",
      "geometry": {
        "type": "Point",
        "coordinates": [
          121.442795,
          31.228453
        ]
      },
      "properties": {
        "officialId": "sh-fgj-5B021-01",
        "wikipediaId": "wiki-heritage-t09-r0022",
        "batch": 5,
        "officialCodeRaw": "5B021",
        "name": "信义会",
        "articleTitle": "信义会",
        "address": "常德路310号",
        "addressComparison": "exact",
        "coordinateScope": "address-reference-point",
        "coordinateSystem": "WGS84",
        "precisionDegrees": null,
        "origin": "shanghai-library",
        "sourceUrl": "https://data.library.sh.cn/entity/architecture/eoimzmjmeygoa6h1",
        "coordinateSourceTitle": "上海图书馆历史建筑开放数据",
        "sourceAddress": "常德路310号",
        "locationNote": "此为来源目录门牌参考点，未独立测绘或核定建筑轮廓。",
        "wikipediaUrl": "https://zh.wikipedia.org/zh-hans/上海市优秀历史建筑",
        "wikidataId": null,
        "historicalGeometryVerified": false
      }
    },
    {
      "type": "Feature",
      "id": "sh-fgj-5B022-01-address-reference",
      "geometry": {
        "type": "Point",
        "coordinates": [
          121.452425,
          31.229929
        ]
      },
      "properties": {
        "officialId": "sh-fgj-5B022-01",
        "wikipediaId": "wiki-heritage-t09-r0023",
        "batch": 5,
        "officialCodeRaw": "5B022",
        "name": "弘德职业补习学校、弘毅中小学",
        "articleTitle": "弘德职业补习学校、弘毅中小学",
        "address": "南京西路1081弄22号",
        "addressComparison": "exact",
        "coordinateScope": "building-complex-reference-point",
        "coordinateSystem": "WGS84",
        "precisionDegrees": null,
        "origin": "shanghai-library",
        "sourceUrl": "https://data.library.sh.cn/entity/architecture/8niy6ae6v2abu7dm",
        "coordinateSourceTitle": "上海图书馆历史建筑开放数据",
        "sourceAddress": "南京西路1081弄22号",
        "locationNote": "此为门址所在里弄、院落或建筑群参考点，未逐栋核定位置。",
        "wikipediaUrl": "https://zh.wikipedia.org/zh-hans/上海市优秀历史建筑",
        "wikidataId": null,
        "historicalGeometryVerified": false
      }
    },
    {
      "type": "Feature",
      "id": "sh-fgj-5B023-01-address-reference",
      "geometry": {
        "type": "Point",
        "coordinates": [
          121.455655,
          31.229654
        ]
      },
      "properties": {
        "officialId": "sh-fgj-5B023-01",
        "wikipediaId": "wiki-heritage-t09-r0024",
        "batch": 5,
        "officialCodeRaw": "5B023",
        "name": "修德里",
        "articleTitle": "修德里",
        "address": "威海路590弄41号",
        "addressComparison": "exact",
        "coordinateScope": "building-complex-reference-point",
        "coordinateSystem": "WGS84",
        "precisionDegrees": null,
        "origin": "shanghai-library",
        "sourceUrl": "https://data.library.sh.cn/entity/architecture/c1boz6qwx1feyewt",
        "coordinateSourceTitle": "上海图书馆历史建筑开放数据",
        "sourceAddress": "威海路590弄41号",
        "locationNote": "此为门址所在里弄、院落或建筑群参考点，未逐栋核定位置。",
        "wikipediaUrl": "https://zh.wikipedia.org/wiki/%E5%91%B3%E8%8E%BC%E5%9B%AD",
        "wikidataId": null,
        "historicalGeometryVerified": false
      }
    },
    {
      "type": "Feature",
      "id": "sh-fgj-5B024-01-address-reference",
      "geometry": {
        "type": "Point",
        "coordinates": [
          121.447005,
          31.232203
        ]
      },
      "properties": {
        "officialId": "sh-fgj-5B024-01",
        "wikipediaId": "wiki-heritage-t09-r0025",
        "batch": 5,
        "officialCodeRaw": "5B024",
        "name": "住宅",
        "articleTitle": "北京西路1220弄50号 住宅",
        "address": "北京西路1220 弄(50-108 号)",
        "addressComparison": "different-as-listed",
        "coordinateScope": "building-complex-reference-point",
        "coordinateSystem": "WGS84",
        "precisionDegrees": null,
        "origin": "shanghai-library",
        "sourceUrl": "https://data.library.sh.cn/entity/architecture/q8s5izebk5c5ungj",
        "coordinateSourceTitle": "上海图书馆历史建筑开放数据",
        "sourceAddress": "北京西路1220弄50号",
        "locationNote": "此为门址所在里弄、院落或建筑群参考点，未逐栋核定位置。 来源门址与官方写法有差异，原始门牌和对照理由均保留。",
        "wikipediaUrl": "https://zh.wikipedia.org/zh-hans/上海市优秀历史建筑",
        "wikidataId": null,
        "historicalGeometryVerified": false
      }
    },
    {
      "type": "Feature",
      "id": "sh-fgj-5B025-01-address-reference",
      "geometry": {
        "type": "Point",
        "coordinates": [
          121.445563,
          31.221898
        ]
      },
      "properties": {
        "officialId": "sh-fgj-5B025-01",
        "wikipediaId": "wiki-heritage-t09-r0026",
        "batch": 5,
        "officialCodeRaw": "5B025",
        "name": "光华里",
        "articleTitle": "光华里",
        "address": "巨鹿路786弄",
        "addressComparison": "exact",
        "coordinateScope": "building-complex-reference-point",
        "coordinateSystem": "WGS84",
        "precisionDegrees": null,
        "origin": "shanghai-library",
        "sourceUrl": "https://data.library.sh.cn/entity/architecture/hpwe2k1eatmfw4jr",
        "coordinateSourceTitle": "上海图书馆历史建筑开放数据",
        "sourceAddress": "巨鹿路786弄",
        "locationNote": "此为门址所在里弄、院落或建筑群参考点，未逐栋核定位置。",
        "wikipediaUrl": "https://zh.wikipedia.org/zh-hans/上海市优秀历史建筑",
        "wikidataId": null,
        "historicalGeometryVerified": false
      }
    },
    {
      "type": "Feature",
      "id": "sh-fgj-5B026-01-address-reference",
      "geometry": {
        "type": "Point",
        "coordinates": [
          121.448662,
          31.220229
        ]
      },
      "properties": {
        "officialId": "sh-fgj-5B026-01",
        "wikipediaId": "wiki-heritage-t09-r0027",
        "batch": 5,
        "officialCodeRaw": "5B026",
        "name": "留园，履安邨",
        "articleTitle": "留园，履安邨",
        "address": "长乐路672弄（1-30 号）",
        "addressComparison": "different-as-listed",
        "coordinateScope": "building-complex-reference-point",
        "coordinateSystem": "WGS84",
        "precisionDegrees": null,
        "origin": "shanghai-library",
        "sourceUrl": "https://data.library.sh.cn/entity/architecture/e56q4h6mrqehczne",
        "coordinateSourceTitle": "上海图书馆历史建筑开放数据",
        "sourceAddress": "长乐路672弄",
        "locationNote": "此为门址所在里弄、院落或建筑群参考点，未逐栋核定位置。 来源门址与官方写法有差异，原始门牌和对照理由均保留。",
        "wikipediaUrl": "https://zh.wikipedia.org/zh-hans/上海市优秀历史建筑",
        "wikidataId": null,
        "historicalGeometryVerified": false
      }
    },
    {
      "type": "Feature",
      "id": "sh-fgj-5B027-01-address-reference",
      "geometry": {
        "type": "Point",
        "coordinates": [
          121.446453,
          31.220989
        ]
      },
      "properties": {
        "officialId": "sh-fgj-5B027-01",
        "wikipediaId": "wiki-heritage-t09-r0028",
        "batch": 5,
        "officialCodeRaw": "5B027",
        "name": "古拔新邨",
        "articleTitle": "古拔新邨",
        "address": "富民路148-172弄",
        "addressComparison": "exact",
        "coordinateScope": "building-complex-reference-point",
        "coordinateSystem": "WGS84",
        "precisionDegrees": null,
        "origin": "shanghai-library",
        "sourceUrl": "https://data.library.sh.cn/entity/architecture/3udkxdizpusueejf",
        "coordinateSourceTitle": "上海图书馆历史建筑开放数据",
        "sourceAddress": "富民路148-172弄",
        "locationNote": "此为门址所在里弄、院落或建筑群参考点，未逐栋核定位置。",
        "wikipediaUrl": "https://zh.wikipedia.org/zh-hans/上海市优秀历史建筑",
        "wikidataId": null,
        "historicalGeometryVerified": false
      }
    },
    {
      "type": "Feature",
      "id": "sh-fgj-5B028-01-address-reference",
      "geometry": {
        "type": "Point",
        "coordinates": [
          121.447213,
          31.220642
        ]
      },
      "properties": {
        "officialId": "sh-fgj-5B028-01",
        "wikipediaId": "wiki-heritage-t09-r0029",
        "batch": 5,
        "officialCodeRaw": "5B028",
        "name": "古柏公寓",
        "articleTitle": "古柏公寓",
        "address": "富民路197弄",
        "addressComparison": "exact",
        "coordinateScope": "building-complex-reference-point",
        "coordinateSystem": "WGS84",
        "precisionDegrees": null,
        "origin": "shanghai-library",
        "sourceUrl": "https://data.library.sh.cn/entity/architecture/57o81wm0brtaytvn",
        "coordinateSourceTitle": "上海图书馆历史建筑开放数据",
        "sourceAddress": "富民路197弄",
        "locationNote": "此为门址所在里弄、院落或建筑群参考点，未逐栋核定位置。",
        "wikipediaUrl": "https://zh.wikipedia.org/zh-hans/上海市优秀历史建筑",
        "wikidataId": null,
        "historicalGeometryVerified": false
      }
    },
    {
      "type": "Feature",
      "id": "sh-fgj-5B029-01-address-reference",
      "geometry": {
        "type": "Point",
        "coordinates": [
          121.43337,
          31.224729
        ]
      },
      "properties": {
        "officialId": "sh-fgj-5B029-01",
        "wikipediaId": "wiki-heritage-t09-r0030",
        "batch": 5,
        "officialCodeRaw": "5B029",
        "name": "柳林别墅",
        "articleTitle": "柳林别墅",
        "address": "愚园路532弄51、55、60、61、66、70、71号、73-85（单号）",
        "addressComparison": "different-as-listed",
        "coordinateScope": "building-complex-reference-point",
        "coordinateSystem": "WGS84",
        "precisionDegrees": null,
        "origin": "shanghai-library",
        "sourceUrl": "https://data.library.sh.cn/entity/architecture/z3uikuph0amv44gt",
        "coordinateSourceTitle": "上海图书馆历史建筑开放数据",
        "sourceAddress": "愚园路532弄51,52,55,60,61,66,71号",
        "locationNote": "此为门址所在里弄、院落或建筑群参考点，未逐栋核定位置。 来源门址与官方写法有差异，原始门牌和对照理由均保留。",
        "wikipediaUrl": "https://zh.wikipedia.org/zh-hans/上海市优秀历史建筑",
        "wikidataId": null,
        "historicalGeometryVerified": false
      }
    },
    {
      "type": "Feature",
      "id": "sh-fgj-5B030-01-address-reference",
      "geometry": {
        "type": "Point",
        "coordinates": [
          121.454351,
          31.2328
        ]
      },
      "properties": {
        "officialId": "sh-fgj-5B030-01",
        "wikipediaId": "wiki-heritage-t09-r0031",
        "batch": 5,
        "officialCodeRaw": "5B030",
        "name": "上海电话公司泰兴路分局旧址",
        "articleTitle": "上海电话公司泰兴路分局旧址",
        "address": "泰兴路230号",
        "addressComparison": "exact",
        "coordinateScope": "address-reference-point",
        "coordinateSystem": "WGS84",
        "precisionDegrees": null,
        "origin": "shanghai-library",
        "sourceUrl": "https://data.library.sh.cn/entity/architecture/y5oy4yfex823e1lz",
        "coordinateSourceTitle": "上海图书馆历史建筑开放数据",
        "sourceAddress": "泰兴路230号",
        "locationNote": "此为来源目录门牌参考点，未独立测绘或核定建筑轮廓。",
        "wikipediaUrl": "https://zh.wikipedia.org/zh-hans/上海市优秀历史建筑",
        "wikidataId": null,
        "historicalGeometryVerified": false
      }
    },
    {
      "type": "Feature",
      "id": "sh-fgj-5B031-01-address-reference",
      "geometry": {
        "type": "Point",
        "coordinates": [
          121.456585,
          31.231178
        ]
      },
      "properties": {
        "officialId": "sh-fgj-5B031-01",
        "wikipediaId": "wiki-heritage-t09-r0032",
        "batch": 5,
        "officialCodeRaw": "5B031",
        "name": "吴宅",
        "articleTitle": "吴宅",
        "address": "石门一路315弄6号",
        "addressComparison": "exact",
        "coordinateScope": "building-complex-reference-point",
        "coordinateSystem": "WGS84",
        "precisionDegrees": null,
        "origin": "shanghai-library",
        "sourceUrl": "https://data.library.sh.cn/entity/architecture/pcqni22qecmk542t",
        "coordinateSourceTitle": "上海图书馆历史建筑开放数据",
        "sourceAddress": "石门一路315弄6号",
        "locationNote": "此为门址所在里弄、院落或建筑群参考点，未逐栋核定位置。",
        "wikipediaUrl": "https://zh.wikipedia.org/zh-hans/上海市优秀历史建筑",
        "wikidataId": null,
        "historicalGeometryVerified": false
      }
    },
    {
      "type": "Feature",
      "id": "sh-fgj-5B032-01-address-reference",
      "geometry": {
        "type": "Point",
        "coordinates": [
          121.452246,
          31.227309
        ]
      },
      "properties": {
        "officialId": "sh-fgj-5B032-01",
        "wikipediaId": "wiki-heritage-t09-r0033",
        "batch": 5,
        "officialCodeRaw": "5B032",
        "name": "瑞士国总领事馆",
        "articleTitle": "瑞士国总领事馆",
        "address": "陕西北路80号",
        "addressComparison": "exact",
        "coordinateScope": "building-complex-reference-point",
        "coordinateSystem": "WGS84",
        "precisionDegrees": null,
        "origin": "shanghai-library",
        "sourceUrl": "https://data.library.sh.cn/entity/architecture/nl8nu6iqswdsd1hn",
        "coordinateSourceTitle": "上海图书馆历史建筑开放数据",
        "sourceAddress": "陕西北路80号",
        "locationNote": "此为门址所在里弄、院落或建筑群参考点，未逐栋核定位置。 同址有多个保护项，分别保留记录；共用门址点不能区分各楼栋。",
        "wikipediaUrl": "https://zh.wikipedia.org/zh-hans/上海市优秀历史建筑",
        "wikidataId": null,
        "historicalGeometryVerified": false
      }
    },
    {
      "type": "Feature",
      "id": "sh-fgj-5B033-01-address-reference",
      "geometry": {
        "type": "Point",
        "coordinates": [
          121.443917,
          31.226546
        ]
      },
      "properties": {
        "officialId": "sh-fgj-5B033-01",
        "wikipediaId": "wiki-heritage-t09-r0034",
        "batch": 5,
        "officialCodeRaw": "5B033",
        "name": "程谨轩、程霖 生父子旧居、协进初级中学",
        "articleTitle": "程谨轩、程霖 生父子旧居、协进初级中学",
        "address": "南京西路1550号",
        "addressComparison": "exact",
        "coordinateScope": "address-reference-point",
        "coordinateSystem": "WGS84",
        "precisionDegrees": null,
        "origin": "shanghai-library",
        "sourceUrl": "https://data.library.sh.cn/entity/architecture/48kq713pdwvwx3uu",
        "coordinateSourceTitle": "上海图书馆历史建筑开放数据",
        "sourceAddress": "南京西路1550号",
        "locationNote": "此为来源目录门牌参考点，未独立测绘或核定建筑轮廓。",
        "wikipediaUrl": "https://zh.wikipedia.org/wiki/%E7%A8%8B%E9%9C%96%E7%94%9F%E5%85%AC%E9%A6%86",
        "wikidataId": null,
        "historicalGeometryVerified": false
      }
    },
    {
      "type": "Feature",
      "id": "sh-fgj-5B034-01-address-reference",
      "geometry": {
        "type": "Point",
        "coordinates": [
          121.440469,
          31.227926
        ]
      },
      "properties": {
        "officialId": "sh-fgj-5B034-01",
        "wikipediaId": "wiki-heritage-t09-r0035",
        "batch": 5,
        "officialCodeRaw": "5B034",
        "name": "上海共济会会址/ 上海英国约克礼仪共济会所",
        "articleTitle": "上海共济会会址/ 上海英国约克礼仪共济会所",
        "address": "北京西路1623-1647号",
        "addressComparison": "exact",
        "coordinateScope": "building-complex-reference-point",
        "coordinateSystem": "WGS84",
        "precisionDegrees": null,
        "origin": "shanghai-library",
        "sourceUrl": "https://data.library.sh.cn/entity/architecture/0pzyfqahhkoew1xx",
        "coordinateSourceTitle": "上海图书馆历史建筑开放数据",
        "sourceAddress": "北京西路1623-1647号",
        "locationNote": "此为门址所在里弄、院落或建筑群参考点，未逐栋核定位置。",
        "wikipediaUrl": "https://zh.wikipedia.org/zh-hans/上海市优秀历史建筑",
        "wikidataId": null,
        "historicalGeometryVerified": false
      }
    },
    {
      "type": "Feature",
      "id": "sh-fgj-5B035-01-address-reference",
      "geometry": {
        "type": "Point",
        "coordinates": [
          121.448876,
          31.222733
        ]
      },
      "properties": {
        "officialId": "sh-fgj-5B035-01",
        "wikipediaId": "wiki-heritage-t09-r0036",
        "batch": 5,
        "officialCodeRaw": "5B035",
        "name": "善道堂",
        "articleTitle": "善道堂",
        "address": "巨鹿路709号",
        "addressComparison": "exact",
        "coordinateScope": "address-reference-point",
        "coordinateSystem": "WGS84",
        "precisionDegrees": null,
        "origin": "shanghai-library",
        "sourceUrl": "https://data.library.sh.cn/entity/architecture/ijrlafxof0rjtfo3",
        "coordinateSourceTitle": "上海图书馆历史建筑开放数据",
        "sourceAddress": "巨鹿路709号",
        "locationNote": "此为来源目录门牌参考点，未独立测绘或核定建筑轮廓。",
        "wikipediaUrl": "https://zh.wikipedia.org/wiki/%E5%96%84%E5%AF%BC%E5%A0%82",
        "wikidataId": null,
        "historicalGeometryVerified": false
      }
    },
    {
      "type": "Feature",
      "id": "sh-fgj-5B036-01-address-reference",
      "geometry": {
        "type": "Point",
        "coordinates": [
          121.45553,
          31.230195
        ]
      },
      "properties": {
        "officialId": "sh-fgj-5B036-01",
        "wikipediaId": "wiki-heritage-t09-r0037",
        "batch": 5,
        "officialCodeRaw": "5B036",
        "name": "住宅",
        "articleTitle": "威海路590弄77号 上海静安置业集团、静安区威海路文化传媒街管理委员会",
        "address": "威海路590弄77号",
        "addressComparison": "exact",
        "coordinateScope": "building-complex-reference-point",
        "coordinateSystem": "WGS84",
        "precisionDegrees": null,
        "origin": "shanghai-library",
        "sourceUrl": "https://data.library.sh.cn/entity/architecture/f66dit1m1wz1bmoq",
        "coordinateSourceTitle": "上海图书馆历史建筑开放数据",
        "sourceAddress": "威海路590弄77号",
        "locationNote": "此为门址所在里弄、院落或建筑群参考点，未逐栋核定位置。",
        "wikipediaUrl": "https://zh.wikipedia.org/wiki/%E5%91%B3%E8%8E%BC%E5%9B%AD",
        "wikidataId": null,
        "historicalGeometryVerified": false
      }
    },
    {
      "type": "Feature",
      "id": "sh-fgj-5B037-01-address-reference",
      "geometry": {
        "type": "Point",
        "coordinates": [
          121.448321,
          31.222483
        ]
      },
      "properties": {
        "officialId": "sh-fgj-5B037-01",
        "wikipediaId": "wiki-heritage-t09-r0038",
        "batch": 5,
        "officialCodeRaw": "5B037",
        "name": "住宅",
        "articleTitle": "巨鹿路735号 南京军区幼儿园",
        "address": "巨鹿路735号",
        "addressComparison": "exact",
        "coordinateScope": "address-reference-point",
        "coordinateSystem": "WGS84",
        "precisionDegrees": null,
        "origin": "shanghai-library",
        "sourceUrl": "https://data.library.sh.cn/entity/architecture/b4lz1cjn3c3pt4xl",
        "coordinateSourceTitle": "上海图书馆历史建筑开放数据",
        "sourceAddress": "巨鹿路735号",
        "locationNote": "此为来源目录门牌参考点，未独立测绘或核定建筑轮廓。",
        "wikipediaUrl": "https://zh.wikipedia.org/zh-hans/上海市优秀历史建筑",
        "wikidataId": null,
        "historicalGeometryVerified": false
      }
    },
    {
      "type": "Feature",
      "id": "sh-fgj-5B038-01-address-reference",
      "geometry": {
        "type": "Point",
        "coordinates": [
          121.445612,
          31.223077
        ]
      },
      "properties": {
        "officialId": "sh-fgj-5B038-01",
        "wikipediaId": "wiki-heritage-t09-r0039",
        "batch": 5,
        "officialCodeRaw": "5B038",
        "name": "住宅",
        "articleTitle": "延安中路999号（富民路43号） 华东模范中学行政楼/华东模范中学",
        "address": "延安中路999号（富民路43号）",
        "addressComparison": "exact",
        "coordinateScope": "building-complex-reference-point",
        "coordinateSystem": "WGS84",
        "precisionDegrees": null,
        "origin": "shanghai-library",
        "sourceUrl": "https://data.library.sh.cn/entity/architecture/l1afqavy3gvhczu4",
        "coordinateSourceTitle": "上海图书馆历史建筑开放数据",
        "sourceAddress": "延安中路999号（富民路43号）",
        "locationNote": "此为门址所在里弄、院落或建筑群参考点，未逐栋核定位置。",
        "wikipediaUrl": "https://zh.wikipedia.org/zh-hans/上海市优秀历史建筑",
        "wikidataId": null,
        "historicalGeometryVerified": false
      }
    },
    {
      "type": "Feature",
      "id": "sh-fgj-5B039-01-address-reference",
      "geometry": {
        "type": "Point",
        "coordinates": [
          121.434936,
          31.220206
        ]
      },
      "properties": {
        "officialId": "sh-fgj-5B039-01",
        "wikipediaId": "wiki-heritage-t09-r0040",
        "batch": 5,
        "officialCodeRaw": "5B039",
        "name": "住宅",
        "articleTitle": "延安西路355号 上海戏剧学院毓琇楼",
        "address": "延安西路355号",
        "addressComparison": "exact",
        "coordinateScope": "address-reference-point",
        "coordinateSystem": "WGS84",
        "precisionDegrees": null,
        "origin": "shanghai-library",
        "sourceUrl": "https://data.library.sh.cn/entity/architecture/8dn75v1w82occ5z8",
        "coordinateSourceTitle": "上海图书馆历史建筑开放数据",
        "sourceAddress": "延安西路355号",
        "locationNote": "此为来源目录门牌参考点，未独立测绘或核定建筑轮廓。",
        "wikipediaUrl": "https://zh.wikipedia.org/zh-hans/上海市优秀历史建筑",
        "wikidataId": null,
        "historicalGeometryVerified": false
      }
    },
    {
      "type": "Feature",
      "id": "sh-fgj-5B040-01-address-reference",
      "geometry": {
        "type": "Point",
        "coordinates": [
          121.442879,
          31.231679
        ]
      },
      "properties": {
        "officialId": "sh-fgj-5B040-01",
        "wikipediaId": "wiki-heritage-t09-r0041",
        "batch": 5,
        "officialCodeRaw": "5B040",
        "name": "培明女子中学暨小学",
        "articleTitle": "培明女子中学暨小学",
        "address": "新闸路1607-1609号",
        "addressComparison": "exact",
        "coordinateScope": "building-complex-reference-point",
        "coordinateSystem": "WGS84",
        "precisionDegrees": null,
        "origin": "shanghai-library",
        "sourceUrl": "https://data.library.sh.cn/entity/architecture/wtiii8k84mtnnxkn",
        "coordinateSourceTitle": "上海图书馆历史建筑开放数据",
        "sourceAddress": "新闸路1607-1609号",
        "locationNote": "此为门址所在里弄、院落或建筑群参考点，未逐栋核定位置。",
        "wikipediaUrl": "https://zh.wikipedia.org/zh-hans/上海市优秀历史建筑",
        "wikidataId": null,
        "historicalGeometryVerified": false
      }
    },
    {
      "type": "Feature",
      "id": "sh-fgj-5B041-01-address-reference",
      "geometry": {
        "type": "Point",
        "coordinates": [
          121.450711,
          31.229112
        ]
      },
      "properties": {
        "officialId": "sh-fgj-5B041-01",
        "wikipediaId": "wiki-heritage-t09-r0042",
        "batch": 5,
        "officialCodeRaw": "5B041",
        "name": "南洋大楼",
        "articleTitle": "南洋大楼",
        "address": "陕西北路204-216号（双号）、南京西路1175-1185号（单号）",
        "addressComparison": "different-as-listed",
        "coordinateScope": "building-complex-reference-point",
        "coordinateSystem": "WGS84",
        "precisionDegrees": null,
        "origin": "shanghai-library",
        "sourceUrl": "https://data.library.sh.cn/entity/architecture/3ed62r86blypz7ch",
        "coordinateSourceTitle": "上海图书馆历史建筑开放数据",
        "sourceAddress": "陕西北路204-212号、南京西路1181号",
        "locationNote": "此为门址所在里弄、院落或建筑群参考点，未逐栋核定位置。 来源门址与官方写法有差异，原始门牌和对照理由均保留。",
        "wikipediaUrl": "https://zh.wikipedia.org/zh-hans/上海市优秀历史建筑",
        "wikidataId": null,
        "historicalGeometryVerified": false
      }
    },
    {
      "type": "Feature",
      "id": "sh-fgj-5B042-01-address-reference",
      "geometry": {
        "type": "Point",
        "coordinates": [
          121.454661,
          31.231794
        ]
      },
      "properties": {
        "officialId": "sh-fgj-5B042-01",
        "wikipediaId": "wiki-heritage-t09-r0043",
        "batch": 5,
        "officialCodeRaw": "5B042",
        "name": "银河食府/康生洋行",
        "articleTitle": "银河食府/康生洋行",
        "address": "南京西路931号",
        "addressComparison": "exact",
        "coordinateScope": "address-reference-point",
        "coordinateSystem": "WGS84",
        "precisionDegrees": null,
        "origin": "shanghai-library",
        "sourceUrl": "https://data.library.sh.cn/entity/architecture/30qzuey8yohwcleq",
        "coordinateSourceTitle": "上海图书馆历史建筑开放数据",
        "sourceAddress": "南京西路931号",
        "locationNote": "此为来源目录门牌参考点，未独立测绘或核定建筑轮廓。",
        "wikipediaUrl": "https://zh.wikipedia.org/wiki/%E4%B8%AD%E5%A4%AE%E5%85%AC%E5%AF%93",
        "wikidataId": null,
        "historicalGeometryVerified": false
      }
    },
    {
      "type": "Feature",
      "id": "sh-fgj-5B043-01-address-reference",
      "geometry": {
        "type": "Point",
        "coordinates": [
          121.440589,
          31.230763
        ]
      },
      "properties": {
        "officialId": "sh-fgj-5B043-01",
        "wikipediaId": "wiki-heritage-t09-r0044",
        "batch": 5,
        "officialCodeRaw": "5B043",
        "name": "江海图书馆",
        "articleTitle": "江海图书馆",
        "address": "新闸路1702-1708号",
        "addressComparison": "exact",
        "coordinateScope": "building-complex-reference-point",
        "coordinateSystem": "WGS84",
        "precisionDegrees": null,
        "origin": "shanghai-library",
        "sourceUrl": "https://data.library.sh.cn/entity/architecture/e167pnvfxvjt0v7m",
        "coordinateSourceTitle": "上海图书馆历史建筑开放数据",
        "sourceAddress": "新闸路1702-1708号",
        "locationNote": "此为门址所在里弄、院落或建筑群参考点，未逐栋核定位置。",
        "wikipediaUrl": "https://zh.wikipedia.org/zh-hans/上海市优秀历史建筑",
        "wikidataId": null,
        "historicalGeometryVerified": false
      }
    },
    {
      "type": "Feature",
      "id": "sh-fgj-5B044-01-address-reference",
      "geometry": {
        "type": "Point",
        "coordinates": [
          121.44375,
          31.231085
        ]
      },
      "properties": {
        "officialId": "sh-fgj-5B044-01",
        "wikipediaId": "wiki-heritage-t09-r0045",
        "batch": 5,
        "officialCodeRaw": "5B044",
        "name": "基督教内地会/上海市第六人民医院",
        "articleTitle": "基督教内地会/上海市第六人民医院",
        "address": "新闸路1515-1533号（单号）、北京西路1400弄24号",
        "addressComparison": "different-as-listed",
        "coordinateScope": "building-complex-reference-point",
        "coordinateSystem": "WGS84",
        "precisionDegrees": null,
        "origin": "shanghai-library",
        "sourceUrl": "https://data.library.sh.cn/entity/architecture/r0icokz4p8poge11",
        "coordinateSourceTitle": "上海图书馆历史建筑开放数据",
        "sourceAddress": "新闸路1519号（北门）、北京西路1400弄24号",
        "locationNote": "此为门址所在里弄、院落或建筑群参考点，未逐栋核定位置。 来源门址与官方写法有差异，原始门牌和对照理由均保留。",
        "wikipediaUrl": "https://zh.wikipedia.org/wiki/%E4%B8%AD%E5%9B%BD%E5%86%85%E5%9C%B0%E4%BC%9A%E6%80%BB%E9%83%A8%E5%A4%A7%E6%A5%BC",
        "wikidataId": null,
        "historicalGeometryVerified": false
      }
    },
    {
      "type": "Feature",
      "id": "sh-fgj-5B045-01-address-reference",
      "geometry": {
        "type": "Point",
        "coordinates": [
          121.45598,
          31.226837
        ]
      },
      "properties": {
        "officialId": "sh-fgj-5B045-01",
        "wikipediaId": "wiki-heritage-t09-r0047",
        "batch": 5,
        "officialCodeRaw": "5B045",
        "name": "进德女子中学",
        "articleTitle": "进德女子中学",
        "address": "延安中路718号、茂名北路65号",
        "addressComparison": "exact",
        "coordinateScope": "building-complex-reference-point",
        "coordinateSystem": "WGS84",
        "precisionDegrees": null,
        "origin": "shanghai-library",
        "sourceUrl": "https://data.library.sh.cn/entity/architecture/24d0hyejv06nfmo5",
        "coordinateSourceTitle": "上海图书馆历史建筑开放数据",
        "sourceAddress": "延安中路718号、茂名北路65号",
        "locationNote": "此为门址所在里弄、院落或建筑群参考点，未逐栋核定位置。",
        "wikipediaUrl": "https://zh.wikipedia.org/zh-hans/上海市优秀历史建筑",
        "wikidataId": null,
        "historicalGeometryVerified": false
      }
    },
    {
      "type": "Feature",
      "id": "sh-fgj-5B046-01-address-reference",
      "geometry": {
        "type": "Point",
        "coordinates": [
          121.437627,
          31.225968
        ]
      },
      "properties": {
        "officialId": "sh-fgj-5B046-01",
        "wikipediaId": "wiki-heritage-t09-r0048",
        "batch": 5,
        "officialCodeRaw": "5B046",
        "name": "汉冶萍公司上海俱乐部",
        "articleTitle": "汉冶萍公司上海俱乐部",
        "address": "北京西路1810弄30号",
        "addressComparison": "different-as-listed",
        "coordinateScope": "address-reference-point",
        "coordinateSystem": "WGS84",
        "precisionDegrees": null,
        "origin": "shanghai-library",
        "sourceUrl": "https://data.library.sh.cn/entity/architecture/xqlnnoh35u0yu614",
        "coordinateSourceTitle": "上海图书馆历史建筑开放数据",
        "sourceAddress": "北京西路1818号",
        "locationNote": "此为来源目录门牌参考点，未独立测绘或核定建筑轮廓。 来源门址与官方写法有差异，原始门牌和对照理由均保留。",
        "wikipediaUrl": "https://zh.wikipedia.org/zh-hans/上海市优秀历史建筑",
        "wikidataId": null,
        "historicalGeometryVerified": false
      }
    },
    {
      "type": "Feature",
      "id": "sh-fgj-5B047-01-address-reference",
      "geometry": {
        "type": "Point",
        "coordinates": [
          121.439648,
          31.228162
        ]
      },
      "properties": {
        "officialId": "sh-fgj-5B047-01",
        "wikipediaId": "wiki-heritage-t09-r0049",
        "batch": 5,
        "officialCodeRaw": "5B047",
        "name": "住宅",
        "articleTitle": "胶州路125弄 里弄",
        "address": "胶州路125弄",
        "addressComparison": "exact",
        "coordinateScope": "building-complex-reference-point",
        "coordinateSystem": "WGS84",
        "precisionDegrees": null,
        "origin": "shanghai-library",
        "sourceUrl": "https://data.library.sh.cn/entity/architecture/w3zagb83xdn606h2",
        "coordinateSourceTitle": "上海图书馆历史建筑开放数据",
        "sourceAddress": "胶州路125弄",
        "locationNote": "此为门址所在里弄、院落或建筑群参考点，未逐栋核定位置。",
        "wikipediaUrl": "https://zh.wikipedia.org/zh-hans/上海市优秀历史建筑",
        "wikidataId": null,
        "historicalGeometryVerified": false
      }
    },
    {
      "type": "Feature",
      "id": "sh-fgj-5B048-01-address-reference",
      "geometry": {
        "type": "Point",
        "coordinates": [
          121.450041,
          31.221674
        ]
      },
      "properties": {
        "officialId": "sh-fgj-5B048-01",
        "wikipediaId": "wiki-heritage-t09-r0050",
        "batch": 5,
        "officialCodeRaw": "5B048",
        "name": "青云里",
        "articleTitle": "青云里",
        "address": "襄阳北路22弄",
        "addressComparison": "exact",
        "coordinateScope": "building-complex-reference-point",
        "coordinateSystem": "WGS84",
        "precisionDegrees": null,
        "origin": "shanghai-library",
        "sourceUrl": "https://data.library.sh.cn/entity/architecture/u6ot2i0aa1bt1ozd",
        "coordinateSourceTitle": "上海图书馆历史建筑开放数据",
        "sourceAddress": "襄阳北路22弄",
        "locationNote": "此为门址所在里弄、院落或建筑群参考点，未逐栋核定位置。",
        "wikipediaUrl": "https://zh.wikipedia.org/zh-hans/上海市优秀历史建筑",
        "wikidataId": null,
        "historicalGeometryVerified": false
      }
    },
    {
      "type": "Feature",
      "id": "sh-fgj-5B049-01-address-reference",
      "geometry": {
        "type": "Point",
        "coordinates": [
          121.449232,
          31.22054
        ]
      },
      "properties": {
        "officialId": "sh-fgj-5B049-01",
        "wikipediaId": "wiki-heritage-t09-r0051",
        "batch": 5,
        "officialCodeRaw": "5B049",
        "name": "退耕小筑 /吴镜渊旧居",
        "articleTitle": "退耕小筑 /吴镜渊旧居",
        "address": "长乐路662弄",
        "addressComparison": "exact",
        "coordinateScope": "building-complex-reference-point",
        "coordinateSystem": "WGS84",
        "precisionDegrees": null,
        "origin": "shanghai-library",
        "sourceUrl": "https://data.library.sh.cn/entity/architecture/d3kt6nrmavzsomg2",
        "coordinateSourceTitle": "上海图书馆历史建筑开放数据",
        "sourceAddress": "长乐路662弄",
        "locationNote": "此为门址所在里弄、院落或建筑群参考点，未逐栋核定位置。",
        "wikipediaUrl": "https://zh.wikipedia.org/zh-hans/上海市优秀历史建筑",
        "wikidataId": null,
        "historicalGeometryVerified": false
      }
    },
    {
      "type": "Feature",
      "id": "sh-fgj-5B050-01-address-reference",
      "geometry": {
        "type": "Point",
        "coordinates": [
          121.436985,
          31.238212
        ]
      },
      "properties": {
        "officialId": "sh-fgj-5B050-01",
        "wikipediaId": "wiki-heritage-t09-r0052",
        "batch": 5,
        "officialCodeRaw": "5B050",
        "name": "工部局华人女子中学/上海市第一女子中学",
        "articleTitle": "工部局华人女子中学/上海市第一女子中学",
        "address": "余姚路139号",
        "addressComparison": "exact",
        "coordinateScope": "building-complex-reference-point",
        "coordinateSystem": "WGS84",
        "precisionDegrees": null,
        "origin": "shanghai-library",
        "sourceUrl": "https://data.library.sh.cn/entity/architecture/vti2i2ggdyx0xu1k",
        "coordinateSourceTitle": "上海图书馆历史建筑开放数据",
        "sourceAddress": "余姚路139号",
        "locationNote": "此为门址所在里弄、院落或建筑群参考点，未逐栋核定位置。",
        "wikipediaUrl": "https://zh.wikipedia.org/zh-hans/上海市优秀历史建筑",
        "wikidataId": null,
        "historicalGeometryVerified": false
      }
    },
    {
      "type": "Feature",
      "id": "sh-fgj-5B051-01-address-reference",
      "geometry": {
        "type": "Point",
        "coordinates": [
          121.449005,
          31.225029
        ]
      },
      "properties": {
        "officialId": "sh-fgj-5B051-01",
        "wikipediaId": "wiki-heritage-t09-r0053",
        "batch": 5,
        "officialCodeRaw": "5B051",
        "name": "花园住宅",
        "articleTitle": "延安中路881号 花园住宅",
        "address": "延安中路881号",
        "addressComparison": "exact",
        "coordinateScope": "building-complex-reference-point",
        "coordinateSystem": "WGS84",
        "precisionDegrees": null,
        "origin": "shanghai-library",
        "sourceUrl": "https://data.library.sh.cn/entity/architecture/lbevjuwylsvxin2d",
        "coordinateSourceTitle": "上海图书馆历史建筑开放数据",
        "sourceAddress": "延安中路881号",
        "locationNote": "此为门址所在里弄、院落或建筑群参考点，未逐栋核定位置。",
        "wikipediaUrl": "https://zh.wikipedia.org/zh-hans/上海市优秀历史建筑",
        "wikidataId": null,
        "historicalGeometryVerified": false
      }
    },
    {
      "type": "Feature",
      "id": "sh-fgj-5B052-01-address-reference",
      "geometry": {
        "type": "Point",
        "coordinates": [
          121.428677,
          31.228127
        ]
      },
      "properties": {
        "officialId": "sh-fgj-5B052-01",
        "wikipediaId": "wiki-heritage-t09-r0054",
        "batch": 5,
        "officialCodeRaw": "5B052",
        "name": "住宅",
        "articleTitle": "万航渡路618号 上海电影公司、上海美术电影制片厂",
        "address": "万航渡路618号",
        "addressComparison": "exact",
        "coordinateScope": "building-complex-reference-point",
        "coordinateSystem": "WGS84",
        "precisionDegrees": null,
        "origin": "shanghai-library",
        "sourceUrl": "https://data.library.sh.cn/entity/architecture/kr4okid3ywg2sh5z",
        "coordinateSourceTitle": "上海图书馆历史建筑开放数据",
        "sourceAddress": "万航渡路618号",
        "locationNote": "此为门址所在里弄、院落或建筑群参考点，未逐栋核定位置。",
        "wikipediaUrl": "https://zh.wikipedia.org/zh-hans/上海市优秀历史建筑",
        "wikidataId": null,
        "historicalGeometryVerified": false
      }
    },
    {
      "type": "Feature",
      "id": "sh-fgj-5B053-01-address-reference",
      "geometry": {
        "type": "Point",
        "coordinates": [
          121.453154,
          31.239197
        ]
      },
      "properties": {
        "officialId": "sh-fgj-5B053-01",
        "wikipediaId": "wiki-heritage-t09-r0055",
        "batch": 5,
        "officialCodeRaw": "5B053",
        "name": "归仁里",
        "articleTitle": "归仁里",
        "address": "康定东路3弄3-14号",
        "addressComparison": "exact",
        "coordinateScope": "building-complex-reference-point",
        "coordinateSystem": "WGS84",
        "precisionDegrees": null,
        "origin": "shanghai-library",
        "sourceUrl": "https://data.library.sh.cn/entity/architecture/3x37xl3pkbhcn5w3",
        "coordinateSourceTitle": "上海图书馆历史建筑开放数据",
        "sourceAddress": "康定东路3弄3-14号",
        "locationNote": "此为门址所在里弄、院落或建筑群参考点，未逐栋核定位置。",
        "wikipediaUrl": "https://zh.wikipedia.org/zh-hans/上海市优秀历史建筑",
        "wikidataId": null,
        "historicalGeometryVerified": false
      }
    },
    {
      "type": "Feature",
      "id": "sh-fgj-5B054-01-address-reference",
      "geometry": {
        "type": "Point",
        "coordinates": [
          121.451956,
          31.239308
        ]
      },
      "properties": {
        "officialId": "sh-fgj-5B054-01",
        "wikipediaId": "wiki-heritage-t09-r0056",
        "batch": 5,
        "officialCodeRaw": "5B054",
        "name": "泰来里",
        "articleTitle": "泰来里",
        "address": "康定东路16-17号",
        "addressComparison": "exact",
        "coordinateScope": "building-complex-reference-point",
        "coordinateSystem": "WGS84",
        "precisionDegrees": null,
        "origin": "shanghai-library",
        "sourceUrl": "https://data.library.sh.cn/entity/architecture/6aqsnihktful78fb",
        "coordinateSourceTitle": "上海图书馆历史建筑开放数据",
        "sourceAddress": "康定东路16-17号",
        "locationNote": "此为门址所在里弄、院落或建筑群参考点，未逐栋核定位置。",
        "wikipediaUrl": "https://zh.wikipedia.org/zh-hans/上海市优秀历史建筑",
        "wikidataId": null,
        "historicalGeometryVerified": false
      }
    },
    {
      "type": "Feature",
      "id": "sh-fgj-5B055-01-address-reference",
      "geometry": {
        "type": "Point",
        "coordinates": [
          121.457262,
          31.233937
        ]
      },
      "properties": {
        "officialId": "sh-fgj-5B055-01",
        "wikipediaId": "wiki-heritage-t09-r0057",
        "batch": 5,
        "officialCodeRaw": "5B055",
        "name": "卡德大楼/警察公寓",
        "articleTitle": "卡德大楼/警察公寓",
        "address": "石门二路50号",
        "addressComparison": "exact",
        "coordinateScope": "address-reference-point",
        "coordinateSystem": "WGS84",
        "precisionDegrees": null,
        "origin": "shanghai-library",
        "sourceUrl": "https://data.library.sh.cn/entity/architecture/qfu1baor0mwxfs8i",
        "coordinateSourceTitle": "上海图书馆历史建筑开放数据",
        "sourceAddress": "石门二路50号",
        "locationNote": "此为来源目录门牌参考点，未独立测绘或核定建筑轮廓。",
        "wikipediaUrl": "https://zh.wikipedia.org/zh-hans/上海市优秀历史建筑",
        "wikidataId": null,
        "historicalGeometryVerified": false
      }
    },
    {
      "type": "Feature",
      "id": "sh-fgj-5B056-01-address-reference",
      "geometry": {
        "type": "Point",
        "coordinates": [
          121.462158,
          31.231315
        ]
      },
      "properties": {
        "officialId": "sh-fgj-5B056-01",
        "wikipediaId": "wiki-heritage-t09-r0058",
        "batch": 5,
        "officialCodeRaw": "5B056",
        "name": "警察公寓",
        "articleTitle": "警察公寓",
        "address": "成都北路337号",
        "addressComparison": "exact",
        "coordinateScope": "address-reference-point",
        "coordinateSystem": "WGS84",
        "precisionDegrees": null,
        "origin": "shanghai-library",
        "sourceUrl": "https://data.library.sh.cn/entity/architecture/6s4t1qhzgb3go7xc",
        "coordinateSourceTitle": "上海图书馆历史建筑开放数据",
        "sourceAddress": "成都北路337号",
        "locationNote": "此为来源目录门牌参考点，未独立测绘或核定建筑轮廓。",
        "wikipediaUrl": "https://zh.wikipedia.org/zh-hans/上海市优秀历史建筑",
        "wikidataId": null,
        "historicalGeometryVerified": false
      }
    },
    {
      "type": "Feature",
      "id": "sh-fgj-5B057-01-address-reference",
      "geometry": {
        "type": "Point",
        "coordinates": [
          121.438246,
          31.231244
        ]
      },
      "properties": {
        "officialId": "sh-fgj-5B057-01",
        "wikipediaId": "wiki-heritage-t09-r0059",
        "batch": 5,
        "officialCodeRaw": "5B057",
        "name": "交通部邮政总局驻沪办事处",
        "articleTitle": "交通部邮政总局驻沪办事处",
        "address": "胶州路320号",
        "addressComparison": "exact",
        "coordinateScope": "address-reference-point",
        "coordinateSystem": "WGS84",
        "precisionDegrees": null,
        "origin": "shanghai-library",
        "sourceUrl": "https://data.library.sh.cn/entity/architecture/dgi0h4mb5xtbl3vk",
        "coordinateSourceTitle": "上海图书馆历史建筑开放数据",
        "sourceAddress": "胶州路320号",
        "locationNote": "此为来源目录门牌参考点，未独立测绘或核定建筑轮廓。",
        "wikipediaUrl": "https://zh.wikipedia.org/zh-hans/上海市优秀历史建筑",
        "wikidataId": null,
        "historicalGeometryVerified": false
      }
    },
    {
      "type": "Feature",
      "id": "sh-fgj-5B058-01-address-reference",
      "geometry": {
        "type": "Point",
        "coordinates": [
          121.456919,
          31.227273
        ]
      },
      "properties": {
        "officialId": "sh-fgj-5B058-01",
        "wikipediaId": "wiki-heritage-t09-r0060",
        "batch": 5,
        "officialCodeRaw": "5B058",
        "name": "花园住宅",
        "articleTitle": "升平街45、65号 住宅",
        "address": "升平街45、65号",
        "addressComparison": "exact",
        "coordinateScope": "building-complex-reference-point",
        "coordinateSystem": "WGS84",
        "precisionDegrees": null,
        "origin": "shanghai-library",
        "sourceUrl": "https://data.library.sh.cn/entity/architecture/wuks7k0uopuj56rf",
        "coordinateSourceTitle": "上海图书馆历史建筑开放数据",
        "sourceAddress": "升平街45、65号",
        "locationNote": "此为门址所在里弄、院落或建筑群参考点，未逐栋核定位置。",
        "wikipediaUrl": "https://zh.wikipedia.org/zh-hans/上海市优秀历史建筑",
        "wikidataId": null,
        "historicalGeometryVerified": false
      }
    },
    {
      "type": "Feature",
      "id": "sh-fgj-5B059-01-address-reference",
      "geometry": {
        "type": "Point",
        "coordinates": [
          121.457168,
          31.226924
        ]
      },
      "properties": {
        "officialId": "sh-fgj-5B059-01",
        "wikipediaId": "wiki-heritage-t09-r0061",
        "batch": 5,
        "officialCodeRaw": "5B059",
        "name": "花园住宅",
        "articleTitle": "延安中路632弄50号 上海建筑装饰（集团）有限公司",
        "address": "延安中路632弄50号",
        "addressComparison": "exact",
        "coordinateScope": "building-complex-reference-point",
        "coordinateSystem": "WGS84",
        "precisionDegrees": null,
        "origin": "shanghai-library",
        "sourceUrl": "https://data.library.sh.cn/entity/architecture/00ka36g7kkdq8k3u",
        "coordinateSourceTitle": "上海图书馆历史建筑开放数据",
        "sourceAddress": "延安中路632弄50号",
        "locationNote": "此为门址所在里弄、院落或建筑群参考点，未逐栋核定位置。",
        "wikipediaUrl": "https://zh.wikipedia.org/zh-hans/上海市优秀历史建筑",
        "wikidataId": null,
        "historicalGeometryVerified": false
      }
    },
    {
      "type": "Feature",
      "id": "sh-fgj-5B060-01-address-reference",
      "geometry": {
        "type": "Point",
        "coordinates": [
          121.445371,
          31.219009
        ]
      },
      "properties": {
        "officialId": "sh-fgj-5B060-01",
        "wikipediaId": "wiki-heritage-t09-r0062",
        "batch": 5,
        "officialCodeRaw": "5B060",
        "name": "南华新邨",
        "articleTitle": "南华新邨",
        "address": "长乐路774弄",
        "addressComparison": "exact",
        "coordinateScope": "building-complex-reference-point",
        "coordinateSystem": "WGS84",
        "precisionDegrees": null,
        "origin": "shanghai-library",
        "sourceUrl": "https://data.library.sh.cn/entity/architecture/xbd42gsu3twryks0",
        "coordinateSourceTitle": "上海图书馆历史建筑开放数据",
        "sourceAddress": "长乐路774弄",
        "locationNote": "此为门址所在里弄、院落或建筑群参考点，未逐栋核定位置。",
        "wikipediaUrl": "https://zh.wikipedia.org/zh-hans/上海市优秀历史建筑",
        "wikidataId": null,
        "historicalGeometryVerified": false
      }
    },
    {
      "type": "Feature",
      "id": "sh-fgj-5B061-01-address-reference",
      "geometry": {
        "type": "Point",
        "coordinates": [
          121.443165,
          31.21859
        ]
      },
      "properties": {
        "officialId": "sh-fgj-5B061-01",
        "wikipediaId": "wiki-heritage-t09-r0063",
        "batch": 5,
        "officialCodeRaw": "5B061",
        "name": "荣康别墅",
        "articleTitle": "荣康别墅",
        "address": "常熟路102-120号",
        "addressComparison": "exact",
        "coordinateScope": "building-complex-reference-point",
        "coordinateSystem": "WGS84",
        "precisionDegrees": null,
        "origin": "shanghai-library",
        "sourceUrl": "https://data.library.sh.cn/entity/architecture/jn22i8hrjaycilht",
        "coordinateSourceTitle": "上海图书馆历史建筑开放数据",
        "sourceAddress": "常熟路102-120号",
        "locationNote": "此为门址所在里弄、院落或建筑群参考点，未逐栋核定位置。",
        "wikipediaUrl": "https://zh.wikipedia.org/zh-hans/上海市优秀历史建筑",
        "wikidataId": null,
        "historicalGeometryVerified": false
      }
    },
    {
      "type": "Feature",
      "id": "sh-fgj-5B062-01-address-reference",
      "geometry": {
        "type": "Point",
        "coordinates": [
          121.441624,
          31.219664
        ]
      },
      "properties": {
        "officialId": "sh-fgj-5B062-01",
        "wikipediaId": "wiki-heritage-t09-r0064",
        "batch": 5,
        "officialCodeRaw": "5B062",
        "name": "海园",
        "articleTitle": "海园",
        "address": "华山路343号、351弄1-5、8、9、10、11、12、14、16、17、19、20号",
        "addressComparison": "exact",
        "coordinateScope": "building-complex-reference-point",
        "coordinateSystem": "WGS84",
        "precisionDegrees": null,
        "origin": "shanghai-library",
        "sourceUrl": "https://data.library.sh.cn/entity/architecture/shpq0l3dzqlxfojh",
        "coordinateSourceTitle": "上海图书馆历史建筑开放数据",
        "sourceAddress": "华山路343号、351弄1-5、8、9、10、11、12、14、16、17、19、20号",
        "locationNote": "此为门址所在里弄、院落或建筑群参考点，未逐栋核定位置。",
        "wikipediaUrl": "https://zh.wikipedia.org/zh-hans/上海市优秀历史建筑",
        "wikidataId": null,
        "historicalGeometryVerified": false
      }
    },
    {
      "type": "Feature",
      "id": "sh-fgj-5H001-01-address-reference",
      "geometry": {
        "type": "Point",
        "coordinates": [
          121.463204,
          31.252898
        ]
      },
      "properties": {
        "officialId": "sh-fgj-5H001-01",
        "wikipediaId": "wiki-heritage-t11-r0002",
        "batch": 5,
        "officialCodeRaw": "5H001",
        "name": "交通部直属上海电话局大楼旧址",
        "articleTitle": "交通部直属上海电话局大楼旧址",
        "address": "永兴路546号",
        "addressComparison": "exact",
        "coordinateScope": "address-reference-point",
        "coordinateSystem": "WGS84",
        "precisionDegrees": null,
        "origin": "shanghai-library",
        "sourceUrl": "https://data.library.sh.cn/entity/architecture/c7wr0sk37c1cevhy",
        "coordinateSourceTitle": "上海图书馆历史建筑开放数据",
        "sourceAddress": "永兴路546号",
        "locationNote": "此为来源目录门牌参考点，未独立测绘或核定建筑轮廓。",
        "wikipediaUrl": "https://zh.wikipedia.org/wiki/%E4%B8%8A%E6%B5%B7%E9%95%BF%E9%80%94%E7%94%B5%E8%AF%9D%E5%B1%80%E6%97%A7%E5%9D%80",
        "wikidataId": null,
        "historicalGeometryVerified": false
      }
    },
    {
      "type": "Feature",
      "id": "sh-fgj-5H002-01-address-reference",
      "geometry": {
        "type": "Point",
        "coordinates": [
          121.467876,
          31.25368
        ]
      },
      "properties": {
        "officialId": "sh-fgj-5H002-01",
        "wikipediaId": "wiki-heritage-t11-r0003",
        "batch": 5,
        "officialCodeRaw": "5H002",
        "name": "上海铁道医院",
        "articleTitle": "上海铁道医院",
        "address": "虬江路1057号",
        "addressComparison": "exact",
        "coordinateScope": "address-reference-point",
        "coordinateSystem": "WGS84",
        "precisionDegrees": null,
        "origin": "shanghai-library",
        "sourceUrl": "https://data.library.sh.cn/entity/architecture/jk04tzg760qeo3b1",
        "coordinateSourceTitle": "上海图书馆历史建筑开放数据",
        "sourceAddress": "虬江路1057号",
        "locationNote": "此为来源目录门牌参考点，未独立测绘或核定建筑轮廓。",
        "wikipediaUrl": "https://zh.wikipedia.org/zh-hans/上海市优秀历史建筑",
        "wikidataId": null,
        "historicalGeometryVerified": false
      }
    },
    {
      "type": "Feature",
      "id": "sh-fgj-5H003-01-address-reference",
      "geometry": {
        "type": "Point",
        "coordinates": [
          121.464076,
          31.24193
        ]
      },
      "properties": {
        "officialId": "sh-fgj-5H003-01",
        "wikipediaId": "wiki-heritage-t11-r0004",
        "batch": 5,
        "officialCodeRaw": "5H003",
        "name": "交通银行仓库、四行仓库光二分库",
        "articleTitle": "交通银行仓库、四行仓库光二分库",
        "address": "光复路195号",
        "addressComparison": "exact",
        "coordinateScope": "address-reference-point",
        "coordinateSystem": "WGS84",
        "precisionDegrees": null,
        "origin": "shanghai-library",
        "sourceUrl": "https://data.library.sh.cn/entity/architecture/hddshm6xsr0rrbrm",
        "coordinateSourceTitle": "上海图书馆历史建筑开放数据",
        "sourceAddress": "光复路195号",
        "locationNote": "此为来源目录门牌参考点，未独立测绘或核定建筑轮廓。",
        "wikipediaUrl": "https://zh.wikipedia.org/zh-hans/上海市优秀历史建筑",
        "wikidataId": null,
        "historicalGeometryVerified": false
      }
    },
    {
      "type": "Feature",
      "id": "sh-fgj-5H004-01-address-reference",
      "geometry": {
        "type": "Point",
        "coordinates": [
          121.465503,
          31.241581
        ]
      },
      "properties": {
        "officialId": "sh-fgj-5H004-01",
        "wikipediaId": "wiki-heritage-t11-r0005",
        "batch": 5,
        "officialCodeRaw": "5H004",
        "name": "福源福康钱庄联合仓库",
        "articleTitle": "福源福康钱庄联合仓库",
        "address": "光复路115-129号(单号）",
        "addressComparison": "different-as-listed",
        "coordinateScope": "building-complex-reference-point",
        "coordinateSystem": "WGS84",
        "precisionDegrees": null,
        "origin": "shanghai-library",
        "sourceUrl": "https://data.library.sh.cn/entity/architecture/nzxb2gmv8b6vvk8k",
        "coordinateSourceTitle": "上海图书馆历史建筑开放数据",
        "sourceAddress": "光复路115-127号",
        "locationNote": "此为门址所在里弄、院落或建筑群参考点，未逐栋核定位置。 来源门址与官方写法有差异，原始门牌和对照理由均保留。",
        "wikipediaUrl": "https://zh.wikipedia.org/zh-hans/上海市优秀历史建筑",
        "wikidataId": null,
        "historicalGeometryVerified": false
      }
    },
    {
      "type": "Feature",
      "id": "sh-fgj-5H005-01-address-reference",
      "geometry": {
        "type": "Point",
        "coordinates": [
          121.470435,
          31.243888
        ]
      },
      "properties": {
        "officialId": "sh-fgj-5H005-01",
        "wikipediaId": "wiki-heritage-t11-r0006",
        "batch": 5,
        "officialCodeRaw": "5H005",
        "name": "怡和源打包厂",
        "articleTitle": "怡和源打包厂",
        "address": "北苏州路912号",
        "addressComparison": "exact",
        "coordinateScope": "address-reference-point",
        "coordinateSystem": "WGS84",
        "precisionDegrees": null,
        "origin": "shanghai-library",
        "sourceUrl": "https://data.library.sh.cn/entity/architecture/nbq1lws0z1y5uftg",
        "coordinateSourceTitle": "上海图书馆历史建筑开放数据",
        "sourceAddress": "北苏州路912号",
        "locationNote": "此为来源目录门牌参考点，未独立测绘或核定建筑轮廓。",
        "wikipediaUrl": "https://zh.wikipedia.org/zh-hans/上海市优秀历史建筑",
        "wikidataId": null,
        "historicalGeometryVerified": false
      }
    },
    {
      "type": "Feature",
      "id": "sh-fgj-5D001-01-address-reference",
      "geometry": {
        "type": "Point",
        "coordinates": [
          121.431589,
          31.21286
        ]
      },
      "properties": {
        "officialId": "sh-fgj-5D001-01",
        "wikipediaId": "wiki-heritage-t07-r0002",
        "batch": 5,
        "officialCodeRaw": "5D001",
        "name": "住宅",
        "articleTitle": "华山路913号 住宅",
        "address": "华山路913号",
        "addressComparison": "exact",
        "coordinateScope": "address-reference-point",
        "coordinateSystem": "WGS84",
        "precisionDegrees": null,
        "origin": "shanghai-library",
        "sourceUrl": "https://data.library.sh.cn/entity/architecture/m4bacbndq7f8crqu",
        "coordinateSourceTitle": "上海图书馆历史建筑开放数据",
        "sourceAddress": "华山路913号",
        "locationNote": "此为来源目录门牌参考点，未独立测绘或核定建筑轮廓。",
        "wikipediaUrl": "https://zh.wikipedia.org/zh-hans/上海市优秀历史建筑",
        "wikidataId": null,
        "historicalGeometryVerified": false
      }
    },
    {
      "type": "Feature",
      "id": "sh-fgj-5D002-01-address-reference",
      "geometry": {
        "type": "Point",
        "coordinates": [
          121.444317,
          31.210649
        ]
      },
      "properties": {
        "officialId": "sh-fgj-5D002-01",
        "wikipediaId": "wiki-heritage-t07-r0003",
        "batch": 5,
        "officialCodeRaw": "5D002",
        "name": "和平官邸",
        "articleTitle": "和平官邸",
        "address": "东平路14-16号(双号）",
        "addressComparison": "different-as-listed",
        "coordinateScope": "building-complex-reference-point",
        "coordinateSystem": "WGS84",
        "precisionDegrees": null,
        "origin": "shanghai-library",
        "sourceUrl": "https://data.library.sh.cn/entity/architecture/hi5cns85ouvgz64k",
        "coordinateSourceTitle": "上海图书馆历史建筑开放数据",
        "sourceAddress": "东平路16号",
        "locationNote": "此为门址所在里弄、院落或建筑群参考点，未逐栋核定位置。 来源门址与官方写法有差异，原始门牌和对照理由均保留。",
        "wikipediaUrl": "https://zh.wikipedia.org/zh-hans/上海市优秀历史建筑",
        "wikidataId": null,
        "historicalGeometryVerified": false
      }
    },
    {
      "type": "Feature",
      "id": "sh-fgj-5D004-01-address-reference",
      "geometry": {
        "type": "Point",
        "coordinates": [
          121.445348,
          31.214647
        ]
      },
      "properties": {
        "officialId": "sh-fgj-5D004-01",
        "wikipediaId": "wiki-heritage-t07-r0005",
        "batch": 5,
        "officialCodeRaw": "5D004",
        "name": "住宅",
        "articleTitle": "淮海中路1323号 住宅",
        "address": "淮海中路1323号",
        "addressComparison": "exact",
        "coordinateScope": "address-reference-point",
        "coordinateSystem": "WGS84",
        "precisionDegrees": null,
        "origin": "shanghai-library",
        "sourceUrl": "https://data.library.sh.cn/entity/architecture/s7xcsyh5za3ujbhg",
        "coordinateSourceTitle": "上海图书馆历史建筑开放数据",
        "sourceAddress": "淮海中路1323号",
        "locationNote": "此为来源目录门牌参考点，未独立测绘或核定建筑轮廓。",
        "wikipediaUrl": "https://zh.wikipedia.org/zh-hans/上海市优秀历史建筑",
        "wikidataId": null,
        "historicalGeometryVerified": false
      }
    },
    {
      "type": "Feature",
      "id": "sh-fgj-5D005-01-address-reference",
      "geometry": {
        "type": "Point",
        "coordinates": [
          121.450789,
          31.205792
        ]
      },
      "properties": {
        "officialId": "sh-fgj-5D005-01",
        "wikipediaId": "wiki-heritage-t07-r0006",
        "batch": 5,
        "officialCodeRaw": "5D005",
        "name": "住宅",
        "articleTitle": "太原路238号 住宅",
        "address": "太原路238号",
        "addressComparison": "exact",
        "coordinateScope": "address-reference-point",
        "coordinateSystem": "WGS84",
        "precisionDegrees": null,
        "origin": "shanghai-library",
        "sourceUrl": "https://data.library.sh.cn/entity/architecture/yejohkmtp7bqmas1",
        "coordinateSourceTitle": "上海图书馆历史建筑开放数据",
        "sourceAddress": "太原路238号",
        "locationNote": "此为来源目录门牌参考点，未独立测绘或核定建筑轮廓。",
        "wikipediaUrl": "https://zh.wikipedia.org/zh-hans/上海市优秀历史建筑",
        "wikidataId": null,
        "historicalGeometryVerified": false
      }
    },
    {
      "type": "Feature",
      "id": "sh-fgj-5D006-01-address-reference",
      "geometry": {
        "type": "Point",
        "coordinates": [
          121.452804,
          31.213132
        ]
      },
      "properties": {
        "officialId": "sh-fgj-5D006-01",
        "wikipediaId": "wiki-heritage-t07-r0007",
        "batch": 5,
        "officialCodeRaw": "5D006",
        "name": "襄阳公寓",
        "articleTitle": "襄阳公寓",
        "address": "襄阳南路254号",
        "addressComparison": "exact",
        "coordinateScope": "address-reference-point",
        "coordinateSystem": "WGS84",
        "precisionDegrees": null,
        "origin": "shanghai-library",
        "sourceUrl": "https://data.library.sh.cn/entity/architecture/a6lto1lerkmhdgkx",
        "coordinateSourceTitle": "上海图书馆历史建筑开放数据",
        "sourceAddress": "襄阳南路254号",
        "locationNote": "此为来源目录门牌参考点，未独立测绘或核定建筑轮廓。",
        "wikipediaUrl": "https://zh.wikipedia.org/zh-hans/上海市优秀历史建筑",
        "wikidataId": null,
        "historicalGeometryVerified": false
      }
    },
    {
      "type": "Feature",
      "id": "sh-fgj-5D007-01-address-reference",
      "geometry": {
        "type": "Point",
        "coordinates": [
          121.44198,
          31.212529
        ]
      },
      "properties": {
        "officialId": "sh-fgj-5D007-01",
        "wikipediaId": "wiki-heritage-t07-r0008",
        "batch": 5,
        "officialCodeRaw": "5D007",
        "name": "白赛仲公寓",
        "articleTitle": "白赛仲公寓",
        "address": "复兴西路26-28号(双号）",
        "addressComparison": "different-as-listed",
        "coordinateScope": "building-complex-reference-point",
        "coordinateSystem": "WGS84",
        "precisionDegrees": null,
        "origin": "shanghai-library",
        "sourceUrl": "https://data.library.sh.cn/entity/architecture/clkmzgu3j61qiy2j",
        "coordinateSourceTitle": "上海图书馆历史建筑开放数据",
        "sourceAddress": "复兴西路26号",
        "locationNote": "此为门址所在里弄、院落或建筑群参考点，未逐栋核定位置。 来源门址与官方写法有差异，原始门牌和对照理由均保留。",
        "wikipediaUrl": "https://zh.wikipedia.org/zh-hans/上海市优秀历史建筑",
        "wikidataId": null,
        "historicalGeometryVerified": false
      }
    },
    {
      "type": "Feature",
      "id": "sh-fgj-5D008-01-address-reference",
      "geometry": {
        "type": "Point",
        "coordinates": [
          121.444611,
          31.212512
        ]
      },
      "properties": {
        "officialId": "sh-fgj-5D008-01",
        "wikipediaId": "wiki-heritage-t07-r0009",
        "batch": 5,
        "officialCodeRaw": "5D008",
        "name": "剑桥角公寓",
        "articleTitle": "剑桥角公寓",
        "address": "复兴中路1462弄1-14号",
        "addressComparison": "different-as-listed",
        "coordinateScope": "building-complex-reference-point",
        "coordinateSystem": "WGS84",
        "precisionDegrees": null,
        "origin": "shanghai-library",
        "sourceUrl": "https://data.library.sh.cn/entity/architecture/7a8z62n2x5o8e3v1",
        "coordinateSourceTitle": "上海图书馆历史建筑开放数据",
        "sourceAddress": "复兴中路1462号",
        "locationNote": "此为门址所在里弄、院落或建筑群参考点，未逐栋核定位置。 来源门址与官方写法有差异，原始门牌和对照理由均保留。",
        "wikipediaUrl": "https://zh.wikipedia.org/wiki/%E5%89%91%E6%A1%A5%E8%A7%92%E5%85%AC%E5%AF%93",
        "wikidataId": null,
        "historicalGeometryVerified": false
      }
    },
    {
      "type": "Feature",
      "id": "sh-fgj-5D009-01-address-reference",
      "geometry": {
        "type": "Point",
        "coordinates": [
          121.437269,
          31.208493
        ]
      },
      "properties": {
        "officialId": "sh-fgj-5D009-01",
        "wikipediaId": "wiki-heritage-t07-r0010",
        "batch": 5,
        "officialCodeRaw": "5D009",
        "name": "潘兴公寓",
        "articleTitle": "潘兴公寓",
        "address": "淮海中路1706号",
        "addressComparison": "exact",
        "coordinateScope": "address-reference-point",
        "coordinateSystem": "WGS84",
        "precisionDegrees": null,
        "origin": "shanghai-library",
        "sourceUrl": "https://data.library.sh.cn/entity/architecture/38cfab63w6d20eay",
        "coordinateSourceTitle": "上海图书馆历史建筑开放数据",
        "sourceAddress": "淮海中路1706号",
        "locationNote": "此为来源目录门牌参考点，未独立测绘或核定建筑轮廓。",
        "wikipediaUrl": "https://zh.wikipedia.org/zh-hans/上海市优秀历史建筑",
        "wikidataId": null,
        "historicalGeometryVerified": false
      }
    },
    {
      "type": "Feature",
      "id": "sh-fgj-5D010-01-address-reference",
      "geometry": {
        "type": "Point",
        "coordinates": [
          121.439258,
          31.21242
        ]
      },
      "properties": {
        "officialId": "sh-fgj-5D010-01",
        "wikipediaId": "wiki-heritage-t07-r0011",
        "batch": 5,
        "officialCodeRaw": "5D010",
        "name": "良友公寓",
        "articleTitle": "良友公寓",
        "address": "永福路68号、复兴西路91、93号",
        "addressComparison": "exact",
        "coordinateScope": "building-complex-reference-point",
        "coordinateSystem": "WGS84",
        "precisionDegrees": null,
        "origin": "shanghai-library",
        "sourceUrl": "https://data.library.sh.cn/entity/architecture/ck7ppig22hwp7hxq",
        "coordinateSourceTitle": "上海图书馆历史建筑开放数据",
        "sourceAddress": "永福路68号、复兴西路91、93号",
        "locationNote": "此为门址所在里弄、院落或建筑群参考点，未逐栋核定位置。",
        "wikipediaUrl": "https://zh.wikipedia.org/zh-hans/上海市优秀历史建筑",
        "wikidataId": null,
        "historicalGeometryVerified": false
      }
    },
    {
      "type": "Feature",
      "id": "sh-fgj-5D011-01-address-reference",
      "geometry": {
        "type": "Point",
        "coordinates": [
          121.43559,
          31.209927
        ]
      },
      "properties": {
        "officialId": "sh-fgj-5D011-01",
        "wikipediaId": "wiki-heritage-t07-r0012",
        "batch": 5,
        "officialCodeRaw": "5D011",
        "name": "开普敦公寓",
        "articleTitle": "开普敦公寓",
        "address": "武康路240-246号（双号）",
        "addressComparison": "different-as-listed",
        "coordinateScope": "building-complex-reference-point",
        "coordinateSystem": "WGS84",
        "precisionDegrees": null,
        "origin": "shanghai-library",
        "sourceUrl": "https://data.library.sh.cn/entity/architecture/qbfe5leg3g8lejsv",
        "coordinateSourceTitle": "上海图书馆历史建筑开放数据",
        "sourceAddress": "武康路240、242、246号",
        "locationNote": "此为门址所在里弄、院落或建筑群参考点，未逐栋核定位置。 来源门址与官方写法有差异，原始门牌和对照理由均保留。",
        "wikipediaUrl": "https://zh.wikipedia.org/wiki/%E5%BC%80%E6%99%AE%E6%95%A6%E5%85%AC%E5%AF%93",
        "wikidataId": null,
        "historicalGeometryVerified": false
      }
    },
    {
      "type": "Feature",
      "id": "sh-fgj-5D012-01-address-reference",
      "geometry": {
        "type": "Point",
        "coordinates": [
          121.435535,
          31.21004
        ]
      },
      "properties": {
        "officialId": "sh-fgj-5D012-01",
        "wikipediaId": "wiki-heritage-t07-r0013",
        "batch": 5,
        "officialCodeRaw": "5D012",
        "name": "国富门公寓",
        "articleTitle": "国富门公寓",
        "address": "武康路230、232号",
        "addressComparison": "exact",
        "coordinateScope": "building-complex-reference-point",
        "coordinateSystem": "WGS84",
        "precisionDegrees": null,
        "origin": "shanghai-library",
        "sourceUrl": "https://data.library.sh.cn/entity/architecture/lyanieycjat0wfkq",
        "coordinateSourceTitle": "上海图书馆历史建筑开放数据",
        "sourceAddress": "武康路230、232号",
        "locationNote": "此为门址所在里弄、院落或建筑群参考点，未逐栋核定位置。",
        "wikipediaUrl": "https://zh.wikipedia.org/wiki/%E5%9B%BD%E5%AF%8C%E9%97%A8%E5%85%AC%E5%AF%93",
        "wikidataId": null,
        "historicalGeometryVerified": false
      }
    },
    {
      "type": "Feature",
      "id": "sh-fgj-5D013-01-address-reference",
      "geometry": {
        "type": "Point",
        "coordinates": [
          121.431547,
          31.186044
        ]
      },
      "properties": {
        "officialId": "sh-fgj-5D013-01",
        "wikipediaId": "wiki-heritage-t07-r0014",
        "batch": 5,
        "officialCodeRaw": "5D013",
        "name": "漕溪北路小高层",
        "articleTitle": "漕溪北路小高层",
        "address": "漕溪北路750、800、850、900、950、1000号",
        "addressComparison": "exact",
        "coordinateScope": "building-complex-reference-point",
        "coordinateSystem": "WGS84",
        "precisionDegrees": null,
        "origin": "shanghai-library",
        "sourceUrl": "https://data.library.sh.cn/entity/architecture/ros67nf54jvs0etb",
        "coordinateSourceTitle": "上海图书馆历史建筑开放数据",
        "sourceAddress": "漕溪北路750、800、850、900、950、1000号",
        "locationNote": "此为门址所在里弄、院落或建筑群参考点，未逐栋核定位置。",
        "wikipediaUrl": "https://zh.wikipedia.org/wiki/%E5%BE%90%E6%B1%87%E6%96%B0%E6%9D%91",
        "wikidataId": null,
        "historicalGeometryVerified": false
      }
    },
    {
      "type": "Feature",
      "id": "sh-fgj-5D014-01-address-reference",
      "geometry": {
        "type": "Point",
        "coordinates": [
          121.435864,
          31.211198
        ]
      },
      "properties": {
        "officialId": "sh-fgj-5D014-01",
        "wikipediaId": "wiki-heritage-t07-r0015",
        "batch": 5,
        "officialCodeRaw": "5D014",
        "name": "住宅",
        "articleTitle": "武康路210号 住宅",
        "address": "武康路210号",
        "addressComparison": "exact",
        "coordinateScope": "address-reference-point",
        "coordinateSystem": "WGS84",
        "precisionDegrees": null,
        "origin": "shanghai-library",
        "sourceUrl": "https://data.library.sh.cn/entity/architecture/5cga1cuxin4rph8d",
        "coordinateSourceTitle": "上海图书馆历史建筑开放数据",
        "sourceAddress": "武康路210号",
        "locationNote": "此为来源目录门牌参考点，未独立测绘或核定建筑轮廓。",
        "wikipediaUrl": "https://zh.wikipedia.org/wiki/%E6%AD%A6%E5%BA%B7%E8%B7%AF210%E5%8F%B7%E4%BD%8F%E5%AE%85",
        "wikidataId": null,
        "historicalGeometryVerified": false
      }
    },
    {
      "type": "Feature",
      "id": "sh-fgj-5D015-01-address-reference",
      "geometry": {
        "type": "Point",
        "coordinates": [
          121.434682,
          31.21149
        ]
      },
      "properties": {
        "officialId": "sh-fgj-5D015-01",
        "wikipediaId": "wiki-heritage-t07-r0016",
        "batch": 5,
        "officialCodeRaw": "5D015",
        "name": "住宅",
        "articleTitle": "高邮路5弄32号 住宅",
        "address": "高邮路5弄32号",
        "addressComparison": "exact",
        "coordinateScope": "building-complex-reference-point",
        "coordinateSystem": "WGS84",
        "precisionDegrees": null,
        "origin": "shanghai-library",
        "sourceUrl": "https://data.library.sh.cn/entity/architecture/b6vkwwc5sdj23x7i",
        "coordinateSourceTitle": "上海图书馆历史建筑开放数据",
        "sourceAddress": "高邮路5弄32号",
        "locationNote": "此为门址所在里弄、院落或建筑群参考点，未逐栋核定位置。",
        "wikipediaUrl": "https://zh.wikipedia.org/zh-hans/上海市优秀历史建筑",
        "wikidataId": null,
        "historicalGeometryVerified": false
      }
    },
    {
      "type": "Feature",
      "id": "sh-fgj-5D016-01-address-reference",
      "geometry": {
        "type": "Point",
        "coordinates": [
          121.434934,
          31.210409
        ]
      },
      "properties": {
        "officialId": "sh-fgj-5D016-01",
        "wikipediaId": "wiki-heritage-t07-r0017",
        "batch": 5,
        "officialCodeRaw": "5D016",
        "name": "住宅",
        "articleTitle": "湖南路276号 住宅",
        "address": "湖南路276号",
        "addressComparison": "exact",
        "coordinateScope": "address-reference-point",
        "coordinateSystem": "WGS84",
        "precisionDegrees": null,
        "origin": "shanghai-library",
        "sourceUrl": "https://data.library.sh.cn/entity/architecture/fgxkorqs1cbmrvtd",
        "coordinateSourceTitle": "上海图书馆历史建筑开放数据",
        "sourceAddress": "湖南路276号",
        "locationNote": "此为来源目录门牌参考点，未独立测绘或核定建筑轮廓。",
        "wikipediaUrl": "https://zh.wikipedia.org/zh-hans/上海市优秀历史建筑",
        "wikidataId": null,
        "historicalGeometryVerified": false
      }
    },
    {
      "type": "Feature",
      "id": "sh-fgj-5D017-01-address-reference",
      "geometry": {
        "type": "Point",
        "coordinates": [
          121.433705,
          31.207082
        ]
      },
      "properties": {
        "officialId": "sh-fgj-5D017-01",
        "wikipediaId": "wiki-heritage-t07-r0018",
        "batch": 5,
        "officialCodeRaw": "5D017",
        "name": "住宅",
        "articleTitle": "武康路392号 住宅",
        "address": "武康路392号",
        "addressComparison": "exact",
        "coordinateScope": "address-reference-point",
        "coordinateSystem": "WGS84",
        "precisionDegrees": null,
        "origin": "shanghai-library",
        "sourceUrl": "https://data.library.sh.cn/entity/architecture/22pelt6uuh6ocbwn",
        "coordinateSourceTitle": "上海图书馆历史建筑开放数据",
        "sourceAddress": "武康路392号",
        "locationNote": "此为来源目录门牌参考点，未独立测绘或核定建筑轮廓。",
        "wikipediaUrl": "https://zh.wikipedia.org/zh-hans/上海市优秀历史建筑",
        "wikidataId": null,
        "historicalGeometryVerified": false
      }
    },
    {
      "type": "Feature",
      "id": "sh-fgj-5D018-01-address-reference",
      "geometry": {
        "type": "Point",
        "coordinates": [
          121.434589,
          31.208615
        ]
      },
      "properties": {
        "officialId": "sh-fgj-5D018-01",
        "wikipediaId": "wiki-heritage-t07-r0019",
        "batch": 5,
        "officialCodeRaw": "5D018",
        "name": "住宅",
        "articleTitle": "武康路376号 住宅",
        "address": "武康路374、376号",
        "addressComparison": "different-as-listed",
        "coordinateScope": "address-reference-point",
        "coordinateSystem": "WGS84",
        "precisionDegrees": null,
        "origin": "shanghai-library",
        "sourceUrl": "https://data.library.sh.cn/entity/architecture/d4qas15iyvawp4bj",
        "coordinateSourceTitle": "上海图书馆历史建筑开放数据",
        "sourceAddress": "武康路376号",
        "locationNote": "此为来源目录门牌参考点，未独立测绘或核定建筑轮廓。 来源门址与官方写法有差异，原始门牌和对照理由均保留。",
        "wikipediaUrl": "https://zh.wikipedia.org/zh-hans/上海市优秀历史建筑",
        "wikidataId": null,
        "historicalGeometryVerified": false
      }
    },
    {
      "type": "Feature",
      "id": "sh-fgj-5D019-01-address-reference",
      "geometry": {
        "type": "Point",
        "coordinates": [
          121.437445,
          31.213561
        ]
      },
      "properties": {
        "officialId": "sh-fgj-5D019-01",
        "wikipediaId": "wiki-heritage-t07-r0020",
        "batch": 5,
        "officialCodeRaw": "5D019",
        "name": "花园住宅",
        "articleTitle": "五原路289弄1-2、3-4号 花园住宅",
        "address": "五原路289弄1-2、3-4号",
        "addressComparison": "exact",
        "coordinateScope": "building-complex-reference-point",
        "coordinateSystem": "WGS84",
        "precisionDegrees": null,
        "origin": "shanghai-library",
        "sourceUrl": "https://data.library.sh.cn/entity/architecture/w3l5prknm282is3d",
        "coordinateSourceTitle": "上海图书馆历史建筑开放数据",
        "sourceAddress": "五原路289弄1-2、3-4号",
        "locationNote": "此为门址所在里弄、院落或建筑群参考点，未逐栋核定位置。",
        "wikipediaUrl": "https://zh.wikipedia.org/zh-hans/上海市优秀历史建筑",
        "wikidataId": null,
        "historicalGeometryVerified": false
      }
    },
    {
      "type": "Feature",
      "id": "sh-fgj-5D020-01-address-reference",
      "geometry": {
        "type": "Point",
        "coordinates": [
          121.44413,
          31.213516
        ]
      },
      "properties": {
        "officialId": "sh-fgj-5D020-01",
        "wikipediaId": "wiki-heritage-t07-r0021",
        "batch": 5,
        "officialCodeRaw": "5D020",
        "name": "住宅",
        "articleTitle": "淮海中路1380号 住宅",
        "address": "淮海中路1380号",
        "addressComparison": "exact",
        "coordinateScope": "address-reference-point",
        "coordinateSystem": "WGS84",
        "precisionDegrees": null,
        "origin": "shanghai-library",
        "sourceUrl": "https://data.library.sh.cn/entity/architecture/n3vwo7sb47ek7gan",
        "coordinateSourceTitle": "上海图书馆历史建筑开放数据",
        "sourceAddress": "淮海中路1380号",
        "locationNote": "此为来源目录门牌参考点，未独立测绘或核定建筑轮廓。",
        "wikipediaUrl": "https://zh.wikipedia.org/zh-hans/上海市优秀历史建筑",
        "wikidataId": null,
        "historicalGeometryVerified": false
      }
    },
    {
      "type": "Feature",
      "id": "sh-fgj-5D021-01-address-reference",
      "geometry": {
        "type": "Point",
        "coordinates": [
          121.437706,
          31.21248
        ]
      },
      "properties": {
        "officialId": "sh-fgj-5D021-01",
        "wikipediaId": "wiki-heritage-t07-r0022",
        "batch": 5,
        "officialCodeRaw": "5D021",
        "name": "住宅",
        "articleTitle": "复兴西路147号 住宅",
        "address": "复兴西路147号",
        "addressComparison": "exact",
        "coordinateScope": "address-reference-point",
        "coordinateSystem": "WGS84",
        "precisionDegrees": null,
        "origin": "shanghai-library",
        "sourceUrl": "https://data.library.sh.cn/entity/architecture/5df1o5mdn655gkhq",
        "coordinateSourceTitle": "上海图书馆历史建筑开放数据",
        "sourceAddress": "复兴西路147号",
        "locationNote": "此为来源目录门牌参考点，未独立测绘或核定建筑轮廓。",
        "wikipediaUrl": "https://zh.wikipedia.org/wiki/%E6%9F%AF%E7%81%B5%E6%95%85%E5%B1%85",
        "wikidataId": null,
        "historicalGeometryVerified": false
      }
    },
    {
      "type": "Feature",
      "id": "sh-fgj-5D022-01-address-reference",
      "geometry": {
        "type": "Point",
        "coordinates": [
          121.450764,
          31.205309
        ]
      },
      "properties": {
        "officialId": "sh-fgj-5D022-01",
        "wikipediaId": "wiki-heritage-t07-r0023",
        "batch": 5,
        "officialCodeRaw": "5D022",
        "name": "台拉新村",
        "articleTitle": "台拉新村",
        "address": "建国西路365 弄（1-11号） 、建国西路 363号、太原路254-258号（双号）",
        "addressComparison": "different-as-listed",
        "coordinateScope": "building-complex-reference-point",
        "coordinateSystem": "WGS84",
        "precisionDegrees": null,
        "origin": "shanghai-library",
        "sourceUrl": "https://data.library.sh.cn/entity/architecture/pkkeir2jgttw7rds",
        "coordinateSourceTitle": "上海图书馆历史建筑开放数据",
        "sourceAddress": "建国西路365弄",
        "locationNote": "此为门址所在里弄、院落或建筑群参考点，未逐栋核定位置。 来源门址与官方写法有差异，原始门牌和对照理由均保留。",
        "wikipediaUrl": "https://zh.wikipedia.org/zh-hans/上海市优秀历史建筑",
        "wikidataId": null,
        "historicalGeometryVerified": false
      }
    },
    {
      "type": "Feature",
      "id": "sh-fgj-5D024-01-address-reference",
      "geometry": {
        "type": "Point",
        "coordinates": [
          121.446347,
          31.210954
        ]
      },
      "properties": {
        "officialId": "sh-fgj-5D024-01",
        "wikipediaId": "wiki-heritage-t07-r0025",
        "batch": 5,
        "officialCodeRaw": "5D024",
        "name": "住宅",
        "articleTitle": "桃江路7号-21号 住宅",
        "address": "桃江路7、15、21、25号",
        "addressComparison": "different-as-listed",
        "coordinateScope": "building-complex-reference-point",
        "coordinateSystem": "WGS84",
        "precisionDegrees": null,
        "origin": "shanghai-library",
        "sourceUrl": "https://data.library.sh.cn/entity/architecture/5qiv6rseklqo6lw2",
        "coordinateSourceTitle": "上海图书馆历史建筑开放数据",
        "sourceAddress": "桃江路7号-21号",
        "locationNote": "此为门址所在里弄、院落或建筑群参考点，未逐栋核定位置。 来源门址与官方写法有差异，原始门牌和对照理由均保留。",
        "wikipediaUrl": "https://zh.wikipedia.org/zh-hans/上海市优秀历史建筑",
        "wikidataId": null,
        "historicalGeometryVerified": false
      }
    },
    {
      "type": "Feature",
      "id": "sh-fgj-5D025-01-address-reference",
      "geometry": {
        "type": "Point",
        "coordinates": [
          121.446822,
          31.210416
        ]
      },
      "properties": {
        "officialId": "sh-fgj-5D025-01",
        "wikipediaId": "wiki-heritage-t07-r0026",
        "batch": 5,
        "officialCodeRaw": "5D025",
        "name": "住宅",
        "articleTitle": "东平路2号-10号 住宅",
        "address": "东平路2-10号（双号）",
        "addressComparison": "different-as-listed",
        "coordinateScope": "building-complex-reference-point",
        "coordinateSystem": "WGS84",
        "precisionDegrees": null,
        "origin": "shanghai-library",
        "sourceUrl": "https://data.library.sh.cn/entity/architecture/d7bcuw5ydzcnwo7v",
        "coordinateSourceTitle": "上海图书馆历史建筑开放数据",
        "sourceAddress": "东平路2号-10号",
        "locationNote": "此为门址所在里弄、院落或建筑群参考点，未逐栋核定位置。 来源门址与官方写法有差异，原始门牌和对照理由均保留。",
        "wikipediaUrl": "https://zh.wikipedia.org/zh-hans/上海市优秀历史建筑",
        "wikidataId": null,
        "historicalGeometryVerified": false
      }
    },
    {
      "type": "Feature",
      "id": "sh-fgj-5D028-01-address-reference",
      "geometry": {
        "type": "Point",
        "coordinates": [
          121.437684,
          31.204834
        ]
      },
      "properties": {
        "officialId": "sh-fgj-5D028-01",
        "wikipediaId": "wiki-heritage-t07-r0029",
        "batch": 5,
        "officialCodeRaw": "5D028",
        "name": "住宅",
        "articleTitle": "康平路101弄1-4号 住宅",
        "address": "康平路101弄1-4号",
        "addressComparison": "exact",
        "coordinateScope": "building-complex-reference-point",
        "coordinateSystem": "WGS84",
        "precisionDegrees": null,
        "origin": "shanghai-library",
        "sourceUrl": "https://data.library.sh.cn/entity/architecture/ou1egn4d2ymfv5ge",
        "coordinateSourceTitle": "上海图书馆历史建筑开放数据",
        "sourceAddress": "康平路101弄1-4号",
        "locationNote": "此为门址所在里弄、院落或建筑群参考点，未逐栋核定位置。",
        "wikipediaUrl": "https://zh.wikipedia.org/zh-hans/上海市优秀历史建筑",
        "wikidataId": null,
        "historicalGeometryVerified": false
      }
    },
    {
      "type": "Feature",
      "id": "sh-fgj-5D029-01-address-reference",
      "geometry": {
        "type": "Point",
        "coordinates": [
          121.436631,
          31.205566
        ]
      },
      "properties": {
        "officialId": "sh-fgj-5D029-01",
        "wikipediaId": "wiki-heritage-t07-r0030",
        "batch": 5,
        "officialCodeRaw": "5D029",
        "name": "住宅",
        "articleTitle": "宛平路15号 住宅",
        "address": "宛平路15号",
        "addressComparison": "exact",
        "coordinateScope": "address-reference-point",
        "coordinateSystem": "WGS84",
        "precisionDegrees": null,
        "origin": "shanghai-library",
        "sourceUrl": "https://data.library.sh.cn/entity/architecture/p4oawgqequ1e3peg",
        "coordinateSourceTitle": "上海图书馆历史建筑开放数据",
        "sourceAddress": "宛平路15号",
        "locationNote": "此为来源目录门牌参考点，未独立测绘或核定建筑轮廓。",
        "wikipediaUrl": "https://zh.wikipedia.org/zh-hans/上海市优秀历史建筑",
        "wikidataId": null,
        "historicalGeometryVerified": false
      }
    },
    {
      "type": "Feature",
      "id": "sh-fgj-5D030-01-address-reference",
      "geometry": {
        "type": "Point",
        "coordinates": [
          121.434669,
          31.204914
        ]
      },
      "properties": {
        "officialId": "sh-fgj-5D030-01",
        "wikipediaId": "wiki-heritage-t07-r0031",
        "batch": 5,
        "officialCodeRaw": "5D030",
        "name": "住宅",
        "articleTitle": "淮海中路1857弄67号 住宅",
        "address": "淮海中路1857弄67号",
        "addressComparison": "exact",
        "coordinateScope": "building-complex-reference-point",
        "coordinateSystem": "WGS84",
        "precisionDegrees": null,
        "origin": "shanghai-library",
        "sourceUrl": "https://data.library.sh.cn/entity/architecture/jne56obtssmkkw6w",
        "coordinateSourceTitle": "上海图书馆历史建筑开放数据",
        "sourceAddress": "淮海中路1857弄67号",
        "locationNote": "此为门址所在里弄、院落或建筑群参考点，未逐栋核定位置。",
        "wikipediaUrl": "https://zh.wikipedia.org/zh-hans/上海市优秀历史建筑",
        "wikidataId": null,
        "historicalGeometryVerified": false
      }
    },
    {
      "type": "Feature",
      "id": "sh-fgj-5D031-01-address-reference",
      "geometry": {
        "type": "Point",
        "coordinates": [
          121.43371,
          31.202693
        ]
      },
      "properties": {
        "officialId": "sh-fgj-5D031-01",
        "wikipediaId": "wiki-heritage-t07-r0032",
        "batch": 5,
        "officialCodeRaw": "5D031",
        "name": "住宅",
        "articleTitle": "康平路196号 住宅",
        "address": "康平路196号",
        "addressComparison": "exact",
        "coordinateScope": "address-reference-point",
        "coordinateSystem": "WGS84",
        "precisionDegrees": null,
        "origin": "shanghai-library",
        "sourceUrl": "https://data.library.sh.cn/entity/architecture/bt0588zat1laa1y8",
        "coordinateSourceTitle": "上海图书馆历史建筑开放数据",
        "sourceAddress": "康平路196号",
        "locationNote": "此为来源目录门牌参考点，未独立测绘或核定建筑轮廓。",
        "wikipediaUrl": "https://zh.wikipedia.org/zh-hans/上海市优秀历史建筑",
        "wikidataId": null,
        "historicalGeometryVerified": false
      }
    },
    {
      "type": "Feature",
      "id": "sh-fgj-5D032-01-address-reference",
      "geometry": {
        "type": "Point",
        "coordinates": [
          121.432364,
          31.205085
        ]
      },
      "properties": {
        "officialId": "sh-fgj-5D032-01",
        "wikipediaId": "wiki-heritage-t07-r0033",
        "batch": 5,
        "officialCodeRaw": "5D032",
        "name": "住宅",
        "articleTitle": "淮海中路1893号 住宅",
        "address": "淮海中路1893号",
        "addressComparison": "exact",
        "coordinateScope": "address-reference-point",
        "coordinateSystem": "WGS84",
        "precisionDegrees": null,
        "origin": "shanghai-library",
        "sourceUrl": "https://data.library.sh.cn/entity/architecture/1m2p7lgu3hfu6wx3",
        "coordinateSourceTitle": "上海图书馆历史建筑开放数据",
        "sourceAddress": "淮海中路1893号",
        "locationNote": "此为来源目录门牌参考点，未独立测绘或核定建筑轮廓。",
        "wikipediaUrl": "https://zh.wikipedia.org/zh-hans/上海市优秀历史建筑",
        "wikidataId": null,
        "historicalGeometryVerified": false
      }
    },
    {
      "type": "Feature",
      "id": "sh-fgj-5D033-01-address-reference",
      "geometry": {
        "type": "Point",
        "coordinates": [
          121.450125,
          31.205036
        ]
      },
      "properties": {
        "officialId": "sh-fgj-5D033-01",
        "wikipediaId": "wiki-heritage-t07-r0034",
        "batch": 5,
        "officialCodeRaw": "5D033",
        "name": "住宅",
        "articleTitle": "建国西路395弄 住宅",
        "address": "建国西路395弄1-15号、17号，建国西路397号、399号",
        "addressComparison": "different-as-listed",
        "coordinateScope": "building-complex-reference-point",
        "coordinateSystem": "WGS84",
        "precisionDegrees": null,
        "origin": "shanghai-library",
        "sourceUrl": "https://data.library.sh.cn/entity/architecture/ti31qyf8eb7kbvi7",
        "coordinateSourceTitle": "上海图书馆历史建筑开放数据",
        "sourceAddress": "建国西路395弄",
        "locationNote": "此为门址所在里弄、院落或建筑群参考点，未逐栋核定位置。 来源门址与官方写法有差异，原始门牌和对照理由均保留。",
        "wikipediaUrl": "https://zh.wikipedia.org/zh-hans/上海市优秀历史建筑",
        "wikidataId": null,
        "historicalGeometryVerified": false
      }
    },
    {
      "type": "Feature",
      "id": "sh-fgj-5D034-01-address-reference",
      "geometry": {
        "type": "Point",
        "coordinates": [
          121.45384,
          31.205613
        ]
      },
      "properties": {
        "officialId": "sh-fgj-5D034-01",
        "wikipediaId": "wiki-heritage-t07-r0035",
        "batch": 5,
        "officialCodeRaw": "5D034",
        "name": "住宅&上海尚朵文化传播有限公司",
        "articleTitle": "住宅&上海尚朵文化传播有限公司",
        "address": "襄阳南路525号",
        "addressComparison": "exact",
        "coordinateScope": "address-reference-point",
        "coordinateSystem": "WGS84",
        "precisionDegrees": null,
        "origin": "shanghai-library",
        "sourceUrl": "https://data.library.sh.cn/entity/architecture/nec7lwka45m2sil7",
        "coordinateSourceTitle": "上海图书馆历史建筑开放数据",
        "sourceAddress": "襄阳南路525号",
        "locationNote": "此为来源目录门牌参考点，未独立测绘或核定建筑轮廓。",
        "wikipediaUrl": "https://zh.wikipedia.org/zh-hans/上海市优秀历史建筑",
        "wikidataId": null,
        "historicalGeometryVerified": false
      }
    },
    {
      "type": "Feature",
      "id": "sh-fgj-b5-D5035-01-address-reference",
      "geometry": {
        "type": "Point",
        "coordinates": [
          121.449289,
          31.21202
        ]
      },
      "properties": {
        "officialId": "sh-fgj-b5-D5035-01",
        "wikipediaId": "wiki-heritage-t07-r0036",
        "batch": 5,
        "officialCodeRaw": "D5035",
        "name": "住宅",
        "articleTitle": "太原路4弄 住宅",
        "address": "太原路4弄",
        "addressComparison": "exact",
        "coordinateScope": "building-complex-reference-point",
        "coordinateSystem": "WGS84",
        "precisionDegrees": null,
        "origin": "shanghai-library",
        "sourceUrl": "https://data.library.sh.cn/entity/architecture/ja61upa28nw0k60q",
        "coordinateSourceTitle": "上海图书馆历史建筑开放数据",
        "sourceAddress": "太原路4弄",
        "locationNote": "此为门址所在里弄、院落或建筑群参考点，未逐栋核定位置。",
        "wikipediaUrl": "https://zh.wikipedia.org/zh-hans/上海市优秀历史建筑",
        "wikidataId": null,
        "historicalGeometryVerified": false
      }
    },
    {
      "type": "Feature",
      "id": "sh-fgj-5D036-01-address-reference",
      "geometry": {
        "type": "Point",
        "coordinates": [
          121.44652,
          31.212696
        ]
      },
      "properties": {
        "officialId": "sh-fgj-5D036-01",
        "wikipediaId": "wiki-heritage-t07-r0037",
        "batch": 5,
        "officialCodeRaw": "5D036",
        "name": "住宅",
        "articleTitle": "复兴中路1365-1373号 住宅",
        "address": "复兴中路1365-1377号（单号）",
        "addressComparison": "different-as-listed",
        "coordinateScope": "building-complex-reference-point",
        "coordinateSystem": "WGS84",
        "precisionDegrees": null,
        "origin": "shanghai-library",
        "sourceUrl": "https://data.library.sh.cn/entity/architecture/xvigedgfri5mkihb",
        "coordinateSourceTitle": "上海图书馆历史建筑开放数据",
        "sourceAddress": "复兴中路1365-1373号",
        "locationNote": "此为门址所在里弄、院落或建筑群参考点，未逐栋核定位置。 来源门址与官方写法有差异，原始门牌和对照理由均保留。",
        "wikipediaUrl": "https://zh.wikipedia.org/zh-hans/上海市优秀历史建筑",
        "wikidataId": null,
        "historicalGeometryVerified": false
      }
    },
    {
      "type": "Feature",
      "id": "sh-fgj-5D037-01-address-reference",
      "geometry": {
        "type": "Point",
        "coordinates": [
          121.446441,
          31.201929
        ]
      },
      "properties": {
        "officialId": "sh-fgj-5D037-01",
        "wikipediaId": "wiki-heritage-t07-r0038",
        "batch": 5,
        "officialCodeRaw": "5D037",
        "name": "住宅",
        "articleTitle": "肇嘉浜路604号 住宅",
        "address": "肇嘉浜路604号",
        "addressComparison": "exact",
        "coordinateScope": "address-reference-point",
        "coordinateSystem": "WGS84",
        "precisionDegrees": null,
        "origin": "shanghai-library",
        "sourceUrl": "https://data.library.sh.cn/entity/architecture/dmunonpds1lfbdzi",
        "coordinateSourceTitle": "上海图书馆历史建筑开放数据",
        "sourceAddress": "肇嘉浜路604号",
        "locationNote": "此为来源目录门牌参考点，未独立测绘或核定建筑轮廓。",
        "wikipediaUrl": "https://zh.wikipedia.org/zh-hans/上海市优秀历史建筑",
        "wikidataId": null,
        "historicalGeometryVerified": false
      }
    },
    {
      "type": "Feature",
      "id": "sh-fgj-5D040-01-address-reference",
      "geometry": {
        "type": "Point",
        "coordinates": [
          121.447322,
          31.209568
        ]
      },
      "properties": {
        "officialId": "sh-fgj-5D040-01",
        "wikipediaId": "wiki-heritage-t07-r0041",
        "batch": 5,
        "officialCodeRaw": "5D040",
        "name": "市文广局老干部活动中心",
        "articleTitle": "市文广局老干部活动中心",
        "address": "岳阳路44号",
        "addressComparison": "exact",
        "coordinateScope": "address-reference-point",
        "coordinateSystem": "WGS84",
        "precisionDegrees": null,
        "origin": "shanghai-library",
        "sourceUrl": "https://data.library.sh.cn/entity/architecture/6zlth0tjpfbapcj2",
        "coordinateSourceTitle": "上海图书馆历史建筑开放数据",
        "sourceAddress": "岳阳路44号",
        "locationNote": "此为来源目录门牌参考点，未独立测绘或核定建筑轮廓。",
        "wikipediaUrl": "https://zh.wikipedia.org/zh-hans/上海市优秀历史建筑",
        "wikidataId": null,
        "historicalGeometryVerified": false
      }
    },
    {
      "type": "Feature",
      "id": "sh-fgj-5D041-01-address-reference",
      "geometry": {
        "type": "Point",
        "coordinates": [
          121.443872,
          31.206744
        ]
      },
      "properties": {
        "officialId": "sh-fgj-5D041-01",
        "wikipediaId": "wiki-heritage-t07-r0042",
        "batch": 5,
        "officialCodeRaw": "5D041",
        "name": "君悦酒店",
        "articleTitle": "君悦酒店",
        "address": "永嘉路628号",
        "addressComparison": "different-as-listed",
        "coordinateScope": "building-complex-reference-point",
        "coordinateSystem": "WGS84",
        "precisionDegrees": null,
        "origin": "shanghai-library",
        "sourceUrl": "https://data.library.sh.cn/entity/architecture/axmnofucd7wifbae",
        "coordinateSourceTitle": "上海图书馆历史建筑开放数据",
        "sourceAddress": "永嘉路624弄",
        "locationNote": "此为门址所在里弄、院落或建筑群参考点，未逐栋核定位置。 来源门址与官方写法有差异，原始门牌和对照理由均保留。",
        "wikipediaUrl": "https://zh.wikipedia.org/zh-hans/上海市优秀历史建筑",
        "wikidataId": null,
        "historicalGeometryVerified": false
      }
    },
    {
      "type": "Feature",
      "id": "sh-fgj-5D042-01-address-reference",
      "geometry": {
        "type": "Point",
        "coordinates": [
          121.447432,
          31.20931
        ]
      },
      "properties": {
        "officialId": "sh-fgj-5D042-01",
        "wikipediaId": "wiki-heritage-t07-r0043",
        "batch": 5,
        "officialCodeRaw": "5D042",
        "name": "上海戏曲艺术中心",
        "articleTitle": "上海戏曲艺术中心",
        "address": "岳阳路168弄（1号楼 、2号楼）",
        "addressComparison": "different-as-listed",
        "coordinateScope": "building-complex-reference-point",
        "coordinateSystem": "WGS84",
        "precisionDegrees": null,
        "origin": "shanghai-library",
        "sourceUrl": "https://data.library.sh.cn/entity/architecture/ofiywlpabblr0z0b",
        "coordinateSourceTitle": "上海图书馆历史建筑开放数据",
        "sourceAddress": "岳阳路168弄",
        "locationNote": "此为门址所在里弄、院落或建筑群参考点，未逐栋核定位置。 来源门址与官方写法有差异，原始门牌和对照理由均保留。",
        "wikipediaUrl": "https://zh.wikipedia.org/zh-hans/上海市优秀历史建筑",
        "wikidataId": null,
        "historicalGeometryVerified": false
      }
    },
    {
      "type": "Feature",
      "id": "sh-fgj-5D043-01-address-reference",
      "geometry": {
        "type": "Point",
        "coordinates": [
          121.447155,
          31.217222
        ]
      },
      "properties": {
        "officialId": "sh-fgj-5D043-01",
        "wikipediaId": "wiki-heritage-t07-r0044",
        "batch": 5,
        "officialCodeRaw": "5D043",
        "name": "住宅",
        "articleTitle": "延庆路121号 住宅",
        "address": "延庆路121号",
        "addressComparison": "exact",
        "coordinateScope": "address-reference-point",
        "coordinateSystem": "WGS84",
        "precisionDegrees": null,
        "origin": "shanghai-library",
        "sourceUrl": "https://data.library.sh.cn/entity/architecture/azh7bgtnubwur3ug",
        "coordinateSourceTitle": "上海图书馆历史建筑开放数据",
        "sourceAddress": "延庆路121号",
        "locationNote": "此为来源目录门牌参考点，未独立测绘或核定建筑轮廓。",
        "wikipediaUrl": "https://zh.wikipedia.org/zh-hans/上海市优秀历史建筑",
        "wikidataId": null,
        "historicalGeometryVerified": false
      }
    },
    {
      "type": "Feature",
      "id": "sh-fgj-5D044-01-address-reference",
      "geometry": {
        "type": "Point",
        "coordinates": [
          121.45177,
          31.220014
        ]
      },
      "properties": {
        "officialId": "sh-fgj-5D044-01",
        "wikipediaId": "wiki-heritage-t07-r0045",
        "batch": 5,
        "officialCodeRaw": "5D044",
        "name": "住宅",
        "articleTitle": "新乐路54号 住宅",
        "address": "新乐路54号",
        "addressComparison": "exact",
        "coordinateScope": "address-reference-point",
        "coordinateSystem": "WGS84",
        "precisionDegrees": null,
        "origin": "shanghai-library",
        "sourceUrl": "https://data.library.sh.cn/entity/architecture/yjihxgztjcq6f42j",
        "coordinateSourceTitle": "上海图书馆历史建筑开放数据",
        "sourceAddress": "新乐路54号",
        "locationNote": "此为来源目录门牌参考点，未独立测绘或核定建筑轮廓。",
        "wikipediaUrl": "https://zh.wikipedia.org/zh-hans/上海市优秀历史建筑",
        "wikidataId": null,
        "historicalGeometryVerified": false
      }
    },
    {
      "type": "Feature",
      "id": "sh-fgj-5D045-01-address-reference",
      "geometry": {
        "type": "Point",
        "coordinates": [
          121.452558,
          31.220434
        ]
      },
      "properties": {
        "officialId": "sh-fgj-5D045-01",
        "wikipediaId": "wiki-heritage-t07-r0046",
        "batch": 5,
        "officialCodeRaw": "5D045",
        "name": "住宅",
        "articleTitle": "新乐路28号 住宅",
        "address": "新乐路22-32号（双号）",
        "addressComparison": "different-as-listed",
        "coordinateScope": "building-complex-reference-point",
        "coordinateSystem": "WGS84",
        "precisionDegrees": null,
        "origin": "shanghai-library",
        "sourceUrl": "https://data.library.sh.cn/entity/architecture/ih84zo7hp1n63ugo",
        "coordinateSourceTitle": "上海图书馆历史建筑开放数据",
        "sourceAddress": "新乐路28号",
        "locationNote": "此为门址所在里弄、院落或建筑群参考点，未逐栋核定位置。 来源门址与官方写法有差异，原始门牌和对照理由均保留。",
        "wikipediaUrl": "https://zh.wikipedia.org/zh-hans/上海市优秀历史建筑",
        "wikidataId": null,
        "historicalGeometryVerified": false
      }
    },
    {
      "type": "Feature",
      "id": "sh-fgj-5D046-01-address-reference",
      "geometry": {
        "type": "Point",
        "coordinates": [
          121.445426,
          31.216889
        ]
      },
      "properties": {
        "officialId": "sh-fgj-5D046-01",
        "wikipediaId": "wiki-heritage-t07-r0047",
        "batch": 5,
        "officialCodeRaw": "5D046",
        "name": "住宅",
        "articleTitle": "华亭路40,42,44,58号,延庆路132号 住宅",
        "address": "华亭路30、32、42、44、58号,延庆路132号",
        "addressComparison": "different-as-listed",
        "coordinateScope": "building-complex-reference-point",
        "coordinateSystem": "WGS84",
        "precisionDegrees": null,
        "origin": "shanghai-library",
        "sourceUrl": "https://data.library.sh.cn/entity/architecture/dtm2iwlsbtca1y4i",
        "coordinateSourceTitle": "上海图书馆历史建筑开放数据",
        "sourceAddress": "华亭路40,42,44,58号,延庆路132号",
        "locationNote": "此为门址所在里弄、院落或建筑群参考点，未逐栋核定位置。 来源门址与官方写法有差异，原始门牌和对照理由均保留。",
        "wikipediaUrl": "https://zh.wikipedia.org/zh-hans/上海市优秀历史建筑",
        "wikidataId": null,
        "historicalGeometryVerified": false
      }
    },
    {
      "type": "Feature",
      "id": "sh-fgj-5D047-01-address-reference",
      "geometry": {
        "type": "Point",
        "coordinates": [
          121.444957,
          31.216339
        ]
      },
      "properties": {
        "officialId": "sh-fgj-5D047-01",
        "wikipediaId": "wiki-heritage-t07-r0048",
        "batch": 5,
        "officialCodeRaw": "5D047",
        "name": "住宅",
        "articleTitle": "延庆路159号 住宅",
        "address": "延庆路159号",
        "addressComparison": "exact",
        "coordinateScope": "address-reference-point",
        "coordinateSystem": "WGS84",
        "precisionDegrees": null,
        "origin": "shanghai-library",
        "sourceUrl": "https://data.library.sh.cn/entity/architecture/t6s23inxxj300g5p",
        "coordinateSourceTitle": "上海图书馆历史建筑开放数据",
        "sourceAddress": "延庆路159号",
        "locationNote": "此为来源目录门牌参考点，未独立测绘或核定建筑轮廓。",
        "wikipediaUrl": "https://zh.wikipedia.org/zh-hans/上海市优秀历史建筑",
        "wikidataId": null,
        "historicalGeometryVerified": false
      }
    },
    {
      "type": "Feature",
      "id": "sh-fgj-5D048-01-address-reference",
      "geometry": {
        "type": "Point",
        "coordinates": [
          121.446949,
          31.218978
        ]
      },
      "properties": {
        "officialId": "sh-fgj-5D048-01",
        "wikipediaId": "wiki-heritage-t07-r0049",
        "batch": 5,
        "officialCodeRaw": "5D048",
        "name": "住宅",
        "articleTitle": "东湖路51号 住宅",
        "address": "东湖路51号",
        "addressComparison": "exact",
        "coordinateScope": "address-reference-point",
        "coordinateSystem": "WGS84",
        "precisionDegrees": null,
        "origin": "shanghai-library",
        "sourceUrl": "https://data.library.sh.cn/entity/architecture/mox3h20uup56h55m",
        "coordinateSourceTitle": "上海图书馆历史建筑开放数据",
        "sourceAddress": "东湖路51号",
        "locationNote": "此为来源目录门牌参考点，未独立测绘或核定建筑轮廓。",
        "wikipediaUrl": "https://zh.wikipedia.org/zh-hans/上海市优秀历史建筑",
        "wikidataId": null,
        "historicalGeometryVerified": false
      }
    },
    {
      "type": "Feature",
      "id": "sh-fgj-5D049-01-address-reference",
      "geometry": {
        "type": "Point",
        "coordinates": [
          121.446502,
          31.215879
        ]
      },
      "properties": {
        "officialId": "sh-fgj-5D049-01",
        "wikipediaId": "wiki-heritage-t07-r0050",
        "batch": 5,
        "officialCodeRaw": "5D049",
        "name": "住宅",
        "articleTitle": "华亭路93弄3号 住宅",
        "address": "华亭路93弄1-9号",
        "addressComparison": "different-as-listed",
        "coordinateScope": "building-complex-reference-point",
        "coordinateSystem": "WGS84",
        "precisionDegrees": null,
        "origin": "shanghai-library",
        "sourceUrl": "https://data.library.sh.cn/entity/architecture/gn7uh1ts8zq2yp05",
        "coordinateSourceTitle": "上海图书馆历史建筑开放数据",
        "sourceAddress": "华亭路93弄3号",
        "locationNote": "此为门址所在里弄、院落或建筑群参考点，未逐栋核定位置。 来源门址与官方写法有差异，原始门牌和对照理由均保留。",
        "wikipediaUrl": "https://zh.wikipedia.org/zh-hans/上海市优秀历史建筑",
        "wikidataId": null,
        "historicalGeometryVerified": false
      }
    },
    {
      "type": "Feature",
      "id": "sh-fgj-5D050-01-address-reference",
      "geometry": {
        "type": "Point",
        "coordinates": [
          121.446435,
          31.218024
        ]
      },
      "properties": {
        "officialId": "sh-fgj-5D050-01",
        "wikipediaId": "wiki-heritage-t07-r0051",
        "batch": 5,
        "officialCodeRaw": "5D050",
        "name": "住宅",
        "articleTitle": "延庆路18弄10号 住宅",
        "address": "延庆路18弄10号",
        "addressComparison": "exact",
        "coordinateScope": "building-complex-reference-point",
        "coordinateSystem": "WGS84",
        "precisionDegrees": null,
        "origin": "shanghai-library",
        "sourceUrl": "https://data.library.sh.cn/entity/architecture/cfjxfeou2cywq76b",
        "coordinateSourceTitle": "上海图书馆历史建筑开放数据",
        "sourceAddress": "延庆路18弄10号",
        "locationNote": "此为门址所在里弄、院落或建筑群参考点，未逐栋核定位置。",
        "wikipediaUrl": "https://zh.wikipedia.org/zh-hans/上海市优秀历史建筑",
        "wikidataId": null,
        "historicalGeometryVerified": false
      }
    },
    {
      "type": "Feature",
      "id": "sh-fgj-5D051-01-address-reference",
      "geometry": {
        "type": "Point",
        "coordinates": [
          121.435294,
          31.215856
        ]
      },
      "properties": {
        "officialId": "sh-fgj-5D051-01",
        "wikipediaId": "wiki-heritage-t07-r0052",
        "batch": 5,
        "officialCodeRaw": "5D051",
        "name": "住宅",
        "articleTitle": "华山路823、825、827号 住宅",
        "address": "华山路823、825、827号",
        "addressComparison": "exact",
        "coordinateScope": "building-complex-reference-point",
        "coordinateSystem": "WGS84",
        "precisionDegrees": null,
        "origin": "shanghai-library",
        "sourceUrl": "https://data.library.sh.cn/entity/architecture/77lgdcvbcbqnyokf",
        "coordinateSourceTitle": "上海图书馆历史建筑开放数据",
        "sourceAddress": "华山路823、825、827号",
        "locationNote": "此为门址所在里弄、院落或建筑群参考点，未逐栋核定位置。",
        "wikipediaUrl": "https://zh.wikipedia.org/zh-hans/上海市优秀历史建筑",
        "wikidataId": null,
        "historicalGeometryVerified": false
      }
    },
    {
      "type": "Feature",
      "id": "sh-fgj-5D052-01-address-reference",
      "geometry": {
        "type": "Point",
        "coordinates": [
          121.434961,
          31.213968
        ]
      },
      "properties": {
        "officialId": "sh-fgj-5D052-01",
        "wikipediaId": "wiki-heritage-t07-r0053",
        "batch": 5,
        "officialCodeRaw": "5D052",
        "name": "住宅",
        "articleTitle": "武康路40弄5号 住宅",
        "address": "武康路40弄5号",
        "addressComparison": "exact",
        "coordinateScope": "building-complex-reference-point",
        "coordinateSystem": "WGS84",
        "precisionDegrees": null,
        "origin": "shanghai-library",
        "sourceUrl": "https://data.library.sh.cn/entity/architecture/wvwj3nctqxgtyoc5",
        "coordinateSourceTitle": "上海图书馆历史建筑开放数据",
        "sourceAddress": "武康路40弄5号",
        "locationNote": "此为门址所在里弄、院落或建筑群参考点，未逐栋核定位置。",
        "wikipediaUrl": "https://zh.wikipedia.org/zh-hans/上海市优秀历史建筑",
        "wikidataId": null,
        "historicalGeometryVerified": false
      }
    },
    {
      "type": "Feature",
      "id": "sh-fgj-5D053-01-address-reference",
      "geometry": {
        "type": "Point",
        "coordinates": [
          121.437036,
          31.215348
        ]
      },
      "properties": {
        "officialId": "sh-fgj-5D053-01",
        "wikipediaId": "wiki-heritage-t07-r0054",
        "batch": 5,
        "officialCodeRaw": "5D053",
        "name": "住宅",
        "articleTitle": "安福路255号 住宅",
        "address": "安福路255号",
        "addressComparison": "exact",
        "coordinateScope": "address-reference-point",
        "coordinateSystem": "WGS84",
        "precisionDegrees": null,
        "origin": "shanghai-library",
        "sourceUrl": "https://data.library.sh.cn/entity/architecture/5611olinjytmpobx",
        "coordinateSourceTitle": "上海图书馆历史建筑开放数据",
        "sourceAddress": "安福路255号",
        "locationNote": "此为来源目录门牌参考点，未独立测绘或核定建筑轮廓。",
        "wikipediaUrl": "https://zh.wikipedia.org/zh-hans/上海市优秀历史建筑",
        "wikidataId": null,
        "historicalGeometryVerified": false
      }
    },
    {
      "type": "Feature",
      "id": "sh-fgj-5D054-01-address-reference",
      "geometry": {
        "type": "Point",
        "coordinates": [
          121.453706,
          31.209931
        ]
      },
      "properties": {
        "officialId": "sh-fgj-5D054-01",
        "wikipediaId": "wiki-heritage-t07-r0055",
        "batch": 5,
        "officialCodeRaw": "5D054",
        "name": "住宅",
        "articleTitle": "襄阳南路355号 住宅",
        "address": "襄阳南路349-355号（单号）",
        "addressComparison": "different-as-listed",
        "coordinateScope": "building-complex-reference-point",
        "coordinateSystem": "WGS84",
        "precisionDegrees": null,
        "origin": "shanghai-library",
        "sourceUrl": "https://data.library.sh.cn/entity/architecture/h6180tayn1ztccg7",
        "coordinateSourceTitle": "上海图书馆历史建筑开放数据",
        "sourceAddress": "襄阳南路355号",
        "locationNote": "此为门址所在里弄、院落或建筑群参考点，未逐栋核定位置。 来源门址与官方写法有差异，原始门牌和对照理由均保留。",
        "wikipediaUrl": "https://zh.wikipedia.org/zh-hans/上海市优秀历史建筑",
        "wikidataId": null,
        "historicalGeometryVerified": false
      }
    },
    {
      "type": "Feature",
      "id": "sh-fgj-5D055-01-address-reference",
      "geometry": {
        "type": "Point",
        "coordinates": [
          121.436402,
          31.205381
        ]
      },
      "properties": {
        "officialId": "sh-fgj-5D055-01",
        "wikipediaId": "wiki-heritage-t07-r0056",
        "batch": 5,
        "officialCodeRaw": "5D055",
        "name": "住宅",
        "articleTitle": "宛平路42号 住宅",
        "address": "宛平路42号",
        "addressComparison": "exact",
        "coordinateScope": "address-reference-point",
        "coordinateSystem": "WGS84",
        "precisionDegrees": null,
        "origin": "shanghai-library",
        "sourceUrl": "https://data.library.sh.cn/entity/architecture/ik0oss7d0ssp3sbz",
        "coordinateSourceTitle": "上海图书馆历史建筑开放数据",
        "sourceAddress": "宛平路42号",
        "locationNote": "此为来源目录门牌参考点，未独立测绘或核定建筑轮廓。",
        "wikipediaUrl": "https://zh.wikipedia.org/zh-hans/上海市优秀历史建筑",
        "wikidataId": null,
        "historicalGeometryVerified": false
      }
    },
    {
      "type": "Feature",
      "id": "sh-fgj-5D056-01-address-reference",
      "geometry": {
        "type": "Point",
        "coordinates": [
          121.450404,
          31.206189
        ]
      },
      "properties": {
        "officialId": "sh-fgj-5D056-01",
        "wikipediaId": "wiki-heritage-t07-r0057",
        "batch": 5,
        "officialCodeRaw": "5D056",
        "name": "福禄村",
        "articleTitle": "福禄村",
        "address": "建国西路384弄1-4号、9-12号、11号甲、12号甲、16-18号、20-27号、30-34号、36-44号、386号甲",
        "addressComparison": "different-as-listed",
        "coordinateScope": "building-complex-reference-point",
        "coordinateSystem": "WGS84",
        "precisionDegrees": null,
        "origin": "shanghai-library",
        "sourceUrl": "https://data.library.sh.cn/entity/architecture/ax33oxkkql58thvg",
        "coordinateSourceTitle": "上海图书馆历史建筑开放数据",
        "sourceAddress": "建国西路384弄",
        "locationNote": "此为门址所在里弄、院落或建筑群参考点，未逐栋核定位置。 来源门址与官方写法有差异，原始门牌和对照理由均保留。",
        "wikipediaUrl": "https://zh.wikipedia.org/zh-hans/上海市优秀历史建筑",
        "wikidataId": null,
        "historicalGeometryVerified": false
      }
    },
    {
      "type": "Feature",
      "id": "sh-fgj-5D057-01-address-reference",
      "geometry": {
        "type": "Point",
        "coordinates": [
          121.454811,
          31.212374
        ]
      },
      "properties": {
        "officialId": "sh-fgj-5D057-01",
        "wikipediaId": "wiki-heritage-t07-r0058",
        "batch": 5,
        "officialCodeRaw": "5D057",
        "name": "新兴盛里，永盛里",
        "articleTitle": "新兴盛里，永盛里",
        "address": "嘉善路117弄",
        "addressComparison": "exact",
        "coordinateScope": "building-complex-reference-point",
        "coordinateSystem": "WGS84",
        "precisionDegrees": null,
        "origin": "shanghai-library",
        "sourceUrl": "https://data.library.sh.cn/entity/architecture/xk27miopw8t6zhnr",
        "coordinateSourceTitle": "上海图书馆历史建筑开放数据",
        "sourceAddress": "嘉善路117弄",
        "locationNote": "此为门址所在里弄、院落或建筑群参考点，未逐栋核定位置。",
        "wikipediaUrl": "https://zh.wikipedia.org/zh-hans/上海市优秀历史建筑",
        "wikidataId": null,
        "historicalGeometryVerified": false
      }
    },
    {
      "type": "Feature",
      "id": "sh-fgj-5D058-01-address-reference",
      "geometry": {
        "type": "Point",
        "coordinates": [
          121.450581,
          31.220565
        ]
      },
      "properties": {
        "officialId": "sh-fgj-5D058-01",
        "wikipediaId": "wiki-heritage-t07-r0059",
        "batch": 5,
        "officialCodeRaw": "5D058",
        "name": "顾德坊",
        "articleTitle": "顾德坊",
        "address": "襄阳北路66弄（1-14号）、68弄（1-11 号）、70弄（1-11号）、72弄（1-10 号）、74弄（1-10号）",
        "addressComparison": "different-as-listed",
        "coordinateScope": "building-complex-reference-point",
        "coordinateSystem": "WGS84",
        "precisionDegrees": null,
        "origin": "shanghai-library",
        "sourceUrl": "https://data.library.sh.cn/entity/architecture/d18ro84ib25b0ous",
        "coordinateSourceTitle": "上海图书馆历史建筑开放数据",
        "sourceAddress": "襄阳北路68-72弄",
        "locationNote": "此为门址所在里弄、院落或建筑群参考点，未逐栋核定位置。 来源门址与官方写法有差异，原始门牌和对照理由均保留。",
        "wikipediaUrl": "https://zh.wikipedia.org/zh-hans/上海市优秀历史建筑",
        "wikidataId": null,
        "historicalGeometryVerified": false
      }
    },
    {
      "type": "Feature",
      "id": "sh-fgj-5D059-01-address-reference",
      "geometry": {
        "type": "Point",
        "coordinates": [
          121.448041,
          31.217495
        ]
      },
      "properties": {
        "officialId": "sh-fgj-5D059-01",
        "wikipediaId": "wiki-heritage-t07-r0060",
        "batch": 5,
        "officialCodeRaw": "5D059",
        "name": "大福里",
        "articleTitle": "大福里",
        "address": "延庆路29弄",
        "addressComparison": "exact",
        "coordinateScope": "building-complex-reference-point",
        "coordinateSystem": "WGS84",
        "precisionDegrees": null,
        "origin": "shanghai-library",
        "sourceUrl": "https://data.library.sh.cn/entity/architecture/xehmk0cep737yftp",
        "coordinateSourceTitle": "上海图书馆历史建筑开放数据",
        "sourceAddress": "延庆路29弄",
        "locationNote": "此为门址所在里弄、院落或建筑群参考点，未逐栋核定位置。",
        "wikipediaUrl": "https://zh.wikipedia.org/zh-hans/上海市优秀历史建筑",
        "wikidataId": null,
        "historicalGeometryVerified": false
      }
    },
    {
      "type": "Feature",
      "id": "sh-fgj-5D060-01-address-reference",
      "geometry": {
        "type": "Point",
        "coordinates": [
          121.451739,
          31.220852
        ]
      },
      "properties": {
        "officialId": "sh-fgj-5D060-01",
        "wikipediaId": "wiki-heritage-t07-r0061",
        "batch": 5,
        "officialCodeRaw": "5D060",
        "name": "培福里",
        "articleTitle": "培福里",
        "address": "陕西南路186弄",
        "addressComparison": "exact",
        "coordinateScope": "building-complex-reference-point",
        "coordinateSystem": "WGS84",
        "precisionDegrees": null,
        "origin": "shanghai-library",
        "sourceUrl": "https://data.library.sh.cn/entity/architecture/5ivzq158jap8rflz",
        "coordinateSourceTitle": "上海图书馆历史建筑开放数据",
        "sourceAddress": "陕西南路186弄",
        "locationNote": "此为门址所在里弄、院落或建筑群参考点，未逐栋核定位置。",
        "wikipediaUrl": "https://zh.wikipedia.org/zh-hans/上海市优秀历史建筑",
        "wikidataId": null,
        "historicalGeometryVerified": false
      }
    },
    {
      "type": "Feature",
      "id": "sh-fgj-5D062-01-address-reference",
      "geometry": {
        "type": "Point",
        "coordinates": [
          121.451126,
          31.220575
        ]
      },
      "properties": {
        "officialId": "sh-fgj-5D062-01",
        "wikipediaId": "wiki-heritage-t07-r0063",
        "batch": 5,
        "officialCodeRaw": "5D062",
        "name": "储康里",
        "articleTitle": "储康里",
        "address": "长乐路401弄",
        "addressComparison": "exact",
        "coordinateScope": "building-complex-reference-point",
        "coordinateSystem": "WGS84",
        "precisionDegrees": null,
        "origin": "shanghai-library",
        "sourceUrl": "https://data.library.sh.cn/entity/architecture/ey7u7ezmnxnmqbyv",
        "coordinateSourceTitle": "上海图书馆历史建筑开放数据",
        "sourceAddress": "长乐路401弄",
        "locationNote": "此为门址所在里弄、院落或建筑群参考点，未逐栋核定位置。",
        "wikipediaUrl": "https://zh.wikipedia.org/zh-hans/上海市优秀历史建筑",
        "wikidataId": null,
        "historicalGeometryVerified": false
      }
    },
    {
      "type": "Feature",
      "id": "sh-fgj-5D063-01-address-reference",
      "geometry": {
        "type": "Point",
        "coordinates": [
          121.452779,
          31.219618
        ]
      },
      "properties": {
        "officialId": "sh-fgj-5D063-01",
        "wikipediaId": "wiki-heritage-t07-r0064",
        "batch": 5,
        "officialCodeRaw": "5D063",
        "name": "住宅",
        "articleTitle": "陕西南路222弄 住宅",
        "address": "陕西南路222弄20号",
        "addressComparison": "different-as-listed",
        "coordinateScope": "building-complex-reference-point",
        "coordinateSystem": "WGS84",
        "precisionDegrees": null,
        "origin": "shanghai-library",
        "sourceUrl": "https://data.library.sh.cn/entity/architecture/st5rfns14oo3q1ca",
        "coordinateSourceTitle": "上海图书馆历史建筑开放数据",
        "sourceAddress": "陕西南路222弄",
        "locationNote": "此为门址所在里弄、院落或建筑群参考点，未逐栋核定位置。 来源门址与官方写法有差异，原始门牌和对照理由均保留。",
        "wikipediaUrl": "https://zh.wikipedia.org/zh-hans/上海市优秀历史建筑",
        "wikidataId": null,
        "historicalGeometryVerified": false
      }
    },
    {
      "type": "Feature",
      "id": "sh-fgj-5D064-01-address-reference",
      "geometry": {
        "type": "Point",
        "coordinates": [
          121.450616,
          31.219417
        ]
      },
      "properties": {
        "officialId": "sh-fgj-5D064-01",
        "wikipediaId": "wiki-heritage-t07-r0065",
        "batch": 5,
        "officialCodeRaw": "5D064",
        "name": "住宅",
        "articleTitle": "新乐路59号 住宅",
        "address": "新乐路57-61号（单号）",
        "addressComparison": "different-as-listed",
        "coordinateScope": "building-complex-reference-point",
        "coordinateSystem": "WGS84",
        "precisionDegrees": null,
        "origin": "shanghai-library",
        "sourceUrl": "https://data.library.sh.cn/entity/architecture/toph61sgdfk2b4rm",
        "coordinateSourceTitle": "上海图书馆历史建筑开放数据",
        "sourceAddress": "新乐路59号",
        "locationNote": "此为门址所在里弄、院落或建筑群参考点，未逐栋核定位置。 来源门址与官方写法有差异，原始门牌和对照理由均保留。",
        "wikipediaUrl": "https://zh.wikipedia.org/zh-hans/上海市优秀历史建筑",
        "wikidataId": null,
        "historicalGeometryVerified": false
      }
    },
    {
      "type": "Feature",
      "id": "sh-fgj-5D065-01-address-reference",
      "geometry": {
        "type": "Point",
        "coordinates": [
          121.450282,
          31.218899
        ]
      },
      "properties": {
        "officialId": "sh-fgj-5D065-01",
        "wikipediaId": "wiki-heritage-t07-r0066",
        "batch": 5,
        "officialCodeRaw": "5D065",
        "name": "住宅",
        "articleTitle": "东湖路56弄51,53,55号 住宅",
        "address": "东湖路56弄51-55号（单号）",
        "addressComparison": "different-as-listed",
        "coordinateScope": "building-complex-reference-point",
        "coordinateSystem": "WGS84",
        "precisionDegrees": null,
        "origin": "shanghai-library",
        "sourceUrl": "https://data.library.sh.cn/entity/architecture/5pkaka72lzqontfd",
        "coordinateSourceTitle": "上海图书馆历史建筑开放数据",
        "sourceAddress": "东湖路56弄51,53,55号",
        "locationNote": "此为门址所在里弄、院落或建筑群参考点，未逐栋核定位置。 来源门址与官方写法有差异，原始门牌和对照理由均保留。",
        "wikipediaUrl": "https://zh.wikipedia.org/zh-hans/上海市优秀历史建筑",
        "wikidataId": null,
        "historicalGeometryVerified": false
      }
    },
    {
      "type": "Feature",
      "id": "sh-fgj-5D066-01-address-reference",
      "geometry": {
        "type": "Point",
        "coordinates": [
          121.446199,
          31.213131
        ]
      },
      "properties": {
        "officialId": "sh-fgj-5D066-01",
        "wikipediaId": "wiki-heritage-t07-r0067",
        "batch": 5,
        "officialCodeRaw": "5D066",
        "name": "住宅",
        "articleTitle": "宝庆路9弄 住宅",
        "address": "宝庆路9弄1-6号",
        "addressComparison": "different-as-listed",
        "coordinateScope": "building-complex-reference-point",
        "coordinateSystem": "WGS84",
        "precisionDegrees": null,
        "origin": "shanghai-library",
        "sourceUrl": "https://data.library.sh.cn/entity/architecture/01imcnbcue0mits7",
        "coordinateSourceTitle": "上海图书馆历史建筑开放数据",
        "sourceAddress": "宝庆路9弄",
        "locationNote": "此为门址所在里弄、院落或建筑群参考点，未逐栋核定位置。 来源门址与官方写法有差异，原始门牌和对照理由均保留。",
        "wikipediaUrl": "https://zh.wikipedia.org/zh-hans/上海市优秀历史建筑",
        "wikidataId": null,
        "historicalGeometryVerified": false
      }
    },
    {
      "type": "Feature",
      "id": "sh-fgj-5D067-01-address-reference",
      "geometry": {
        "type": "Point",
        "coordinates": [
          121.447574,
          31.218432
        ]
      },
      "properties": {
        "officialId": "sh-fgj-5D067-01",
        "wikipediaId": "wiki-heritage-t07-r0068",
        "batch": 5,
        "officialCodeRaw": "5D067",
        "name": "住宅",
        "articleTitle": "延庆路4弄，2号 住宅",
        "address": "延庆路4弄（2- 44号）、延庆路2-6号（双号）",
        "addressComparison": "different-as-listed",
        "coordinateScope": "building-complex-reference-point",
        "coordinateSystem": "WGS84",
        "precisionDegrees": null,
        "origin": "shanghai-library",
        "sourceUrl": "https://data.library.sh.cn/entity/architecture/dfwl1bzqry6n43n0",
        "coordinateSourceTitle": "上海图书馆历史建筑开放数据",
        "sourceAddress": "延庆路4弄，2号",
        "locationNote": "此为门址所在里弄、院落或建筑群参考点，未逐栋核定位置。 来源门址与官方写法有差异，原始门牌和对照理由均保留。",
        "wikipediaUrl": "https://zh.wikipedia.org/zh-hans/上海市优秀历史建筑",
        "wikidataId": null,
        "historicalGeometryVerified": false
      }
    },
    {
      "type": "Feature",
      "id": "sh-fgj-5D068-01-address-reference",
      "geometry": {
        "type": "Point",
        "coordinates": [
          121.447635,
          31.217589
        ]
      },
      "properties": {
        "officialId": "sh-fgj-5D068-01",
        "wikipediaId": "wiki-heritage-t07-r0070",
        "batch": 5,
        "officialCodeRaw": "5D068",
        "name": "住宅",
        "articleTitle": "延庆路43-49号、51弄 住宅",
        "address": "延庆路51弄（1-26号）、延庆路39-49号（单号）",
        "addressComparison": "different-as-listed",
        "coordinateScope": "building-complex-reference-point",
        "coordinateSystem": "WGS84",
        "precisionDegrees": null,
        "origin": "shanghai-library",
        "sourceUrl": "https://data.library.sh.cn/entity/architecture/h0osgyezpmjwh7c4",
        "coordinateSourceTitle": "上海图书馆历史建筑开放数据",
        "sourceAddress": "延庆路43-49号、51弄",
        "locationNote": "此为门址所在里弄、院落或建筑群参考点，未逐栋核定位置。 来源门址与官方写法有差异，原始门牌和对照理由均保留。",
        "wikipediaUrl": "https://zh.wikipedia.org/zh-hans/上海市优秀历史建筑",
        "wikidataId": null,
        "historicalGeometryVerified": false
      }
    },
    {
      "type": "Feature",
      "id": "sh-fgj-5D069-01-address-reference",
      "geometry": {
        "type": "Point",
        "coordinates": [
          121.442573,
          31.215745
        ]
      },
      "properties": {
        "officialId": "sh-fgj-5D069-01",
        "wikipediaId": "wiki-heritage-t07-r0071",
        "batch": 5,
        "officialCodeRaw": "5D069",
        "name": "住宅",
        "articleTitle": "五原路84弄 住宅",
        "address": "五原路84弄 （1-34号）， 五原路80-88 号（双号）",
        "addressComparison": "different-as-listed",
        "coordinateScope": "building-complex-reference-point",
        "coordinateSystem": "WGS84",
        "precisionDegrees": null,
        "origin": "shanghai-library",
        "sourceUrl": "https://data.library.sh.cn/entity/architecture/ymyngnmlxckevgnf",
        "coordinateSourceTitle": "上海图书馆历史建筑开放数据",
        "sourceAddress": "五原路84弄",
        "locationNote": "此为门址所在里弄、院落或建筑群参考点，未逐栋核定位置。 来源门址与官方写法有差异，原始门牌和对照理由均保留。",
        "wikipediaUrl": "https://zh.wikipedia.org/zh-hans/上海市优秀历史建筑",
        "wikidataId": null,
        "historicalGeometryVerified": false
      }
    },
    {
      "type": "Feature",
      "id": "sh-fgj-5D070-01-address-reference",
      "geometry": {
        "type": "Point",
        "coordinates": [
          121.442947,
          31.215949
        ]
      },
      "properties": {
        "officialId": "sh-fgj-5D070-01",
        "wikipediaId": "wiki-heritage-t07-r0072",
        "batch": 5,
        "officialCodeRaw": "5D070",
        "name": "华邸",
        "articleTitle": "华邸",
        "address": "五原路76弄（1-16号），五原路72-74号（双号）",
        "addressComparison": "different-as-listed",
        "coordinateScope": "building-complex-reference-point",
        "coordinateSystem": "WGS84",
        "precisionDegrees": null,
        "origin": "shanghai-library",
        "sourceUrl": "https://data.library.sh.cn/entity/architecture/ldueo7381i4d8z0l",
        "coordinateSourceTitle": "上海图书馆历史建筑开放数据",
        "sourceAddress": "五原路76弄",
        "locationNote": "此为门址所在里弄、院落或建筑群参考点，未逐栋核定位置。 来源门址与官方写法有差异，原始门牌和对照理由均保留。",
        "wikipediaUrl": "https://zh.wikipedia.org/zh-hans/上海市优秀历史建筑",
        "wikidataId": null,
        "historicalGeometryVerified": false
      }
    },
    {
      "type": "Feature",
      "id": "sh-fgj-5D071-01-address-reference",
      "geometry": {
        "type": "Point",
        "coordinates": [
          121.437195,
          31.213789
        ]
      },
      "properties": {
        "officialId": "sh-fgj-5D071-01",
        "wikipediaId": "wiki-heritage-t07-r0073",
        "batch": 5,
        "officialCodeRaw": "5D071",
        "name": "栖霞村",
        "articleTitle": "栖霞村",
        "address": "徐汇区五原路372弄6-9号",
        "addressComparison": "exact",
        "coordinateScope": "building-complex-reference-point",
        "coordinateSystem": "WGS84",
        "precisionDegrees": null,
        "origin": "shanghai-library",
        "sourceUrl": "https://data.library.sh.cn/entity/architecture/0mpbe54b4fmad0e2",
        "coordinateSourceTitle": "上海图书馆历史建筑开放数据",
        "sourceAddress": "徐汇区五原路372弄6-9号",
        "locationNote": "此为门址所在里弄、院落或建筑群参考点，未逐栋核定位置。",
        "wikipediaUrl": "https://zh.wikipedia.org/zh-hans/上海市优秀历史建筑",
        "wikidataId": null,
        "historicalGeometryVerified": false
      }
    },
    {
      "type": "Feature",
      "id": "sh-fgj-5D072-01-address-reference",
      "geometry": {
        "type": "Point",
        "coordinates": [
          121.434883,
          31.201919
        ]
      },
      "properties": {
        "officialId": "sh-fgj-5D072-01",
        "wikipediaId": "wiki-heritage-t07-r0074",
        "batch": 5,
        "officialCodeRaw": "5D072",
        "name": "爱棠新村",
        "articleTitle": "爱棠新村",
        "address": "余庆路146弄13号",
        "addressComparison": "exact",
        "coordinateScope": "building-complex-reference-point",
        "coordinateSystem": "WGS84",
        "precisionDegrees": null,
        "origin": "shanghai-library",
        "sourceUrl": "https://data.library.sh.cn/entity/architecture/18rmfmyfnns1npwb",
        "coordinateSourceTitle": "上海图书馆历史建筑开放数据",
        "sourceAddress": "余庆路146弄13号",
        "locationNote": "此为门址所在里弄、院落或建筑群参考点，未逐栋核定位置。",
        "wikipediaUrl": "https://zh.wikipedia.org/zh-hans/上海市优秀历史建筑",
        "wikidataId": null,
        "historicalGeometryVerified": false
      }
    },
    {
      "type": "Feature",
      "id": "sh-fgj-5D073-01-address-reference",
      "geometry": {
        "type": "Point",
        "coordinates": [
          121.443135,
          31.20275
        ]
      },
      "properties": {
        "officialId": "sh-fgj-5D073-01",
        "wikipediaId": "wiki-heritage-t07-r0075",
        "batch": 5,
        "officialCodeRaw": "5D073",
        "name": "茂龄别墅",
        "articleTitle": "茂龄别墅",
        "address": "建国西路619弄1-34号",
        "addressComparison": "different-as-listed",
        "coordinateScope": "building-complex-reference-point",
        "coordinateSystem": "WGS84",
        "precisionDegrees": null,
        "origin": "shanghai-library",
        "sourceUrl": "https://data.library.sh.cn/entity/architecture/0bg224r75s28ajml",
        "coordinateSourceTitle": "上海图书馆历史建筑开放数据",
        "sourceAddress": "建国西路619弄1-24号",
        "locationNote": "此为门址所在里弄、院落或建筑群参考点，未逐栋核定位置。 来源门址与官方写法有差异，原始门牌和对照理由均保留。",
        "wikipediaUrl": "https://zh.wikipedia.org/zh-hans/上海市优秀历史建筑",
        "wikidataId": null,
        "historicalGeometryVerified": false
      }
    },
    {
      "type": "Feature",
      "id": "sh-fgj-5D074-01-address-reference",
      "geometry": {
        "type": "Point",
        "coordinates": [
          121.434697,
          31.206969
        ]
      },
      "properties": {
        "officialId": "sh-fgj-5D074-01",
        "wikipediaId": "wiki-heritage-t07-r0076",
        "batch": 5,
        "officialCodeRaw": "5D074",
        "name": "住宅",
        "articleTitle": "淮海中路1800号 住宅",
        "address": "淮海中路1800号",
        "addressComparison": "exact",
        "coordinateScope": "address-reference-point",
        "coordinateSystem": "WGS84",
        "precisionDegrees": null,
        "origin": "shanghai-library",
        "sourceUrl": "https://data.library.sh.cn/entity/architecture/tasnk8pfvghjwk51",
        "coordinateSourceTitle": "上海图书馆历史建筑开放数据",
        "sourceAddress": "淮海中路1800号",
        "locationNote": "此为来源目录门牌参考点，未独立测绘或核定建筑轮廓。",
        "wikipediaUrl": "https://zh.wikipedia.org/zh-hans/上海市优秀历史建筑",
        "wikidataId": null,
        "historicalGeometryVerified": false
      }
    },
    {
      "type": "Feature",
      "id": "sh-fgj-5D075-01-address-reference",
      "geometry": {
        "type": "Point",
        "coordinates": [
          121.434159,
          31.2042
        ]
      },
      "properties": {
        "officialId": "sh-fgj-5D075-01",
        "wikipediaId": "wiki-heritage-t07-r0077",
        "batch": 5,
        "officialCodeRaw": "5D075",
        "name": "住宅",
        "articleTitle": "余庆路80号 住宅",
        "address": "余庆路80号",
        "addressComparison": "exact",
        "coordinateScope": "address-reference-point",
        "coordinateSystem": "WGS84",
        "precisionDegrees": null,
        "origin": "shanghai-library",
        "sourceUrl": "https://data.library.sh.cn/entity/architecture/7viuwga7dyg8z5nx",
        "coordinateSourceTitle": "上海图书馆历史建筑开放数据",
        "sourceAddress": "余庆路80号",
        "locationNote": "此为来源目录门牌参考点，未独立测绘或核定建筑轮廓。",
        "wikipediaUrl": "https://zh.wikipedia.org/zh-hans/上海市优秀历史建筑",
        "wikidataId": null,
        "historicalGeometryVerified": false
      }
    },
    {
      "type": "Feature",
      "id": "sh-fgj-5D076-01-address-reference",
      "geometry": {
        "type": "Point",
        "coordinates": [
          121.444932,
          31.210764
        ]
      },
      "properties": {
        "officialId": "sh-fgj-5D076-01",
        "wikipediaId": "wiki-heritage-t07-r0078",
        "batch": 5,
        "officialCodeRaw": "5D076",
        "name": "住宅",
        "articleTitle": "衡山路2号 住宅",
        "address": "衡山路2号、东平路12号",
        "addressComparison": "different-as-listed",
        "coordinateScope": "building-complex-reference-point",
        "coordinateSystem": "WGS84",
        "precisionDegrees": null,
        "origin": "shanghai-library",
        "sourceUrl": "https://data.library.sh.cn/entity/architecture/qazw20ckwv4ho0vr",
        "coordinateSourceTitle": "上海图书馆历史建筑开放数据",
        "sourceAddress": "衡山路2号",
        "locationNote": "此为门址所在里弄、院落或建筑群参考点，未逐栋核定位置。 来源门址与官方写法有差异，原始门牌和对照理由均保留。",
        "wikipediaUrl": "https://zh.wikipedia.org/zh-hans/上海市优秀历史建筑",
        "wikidataId": null,
        "historicalGeometryVerified": false
      }
    },
    {
      "type": "Feature",
      "id": "sh-fgj-5D077-01-address-reference",
      "geometry": {
        "type": "Point",
        "coordinates": [
          121.44532,
          31.212072
        ]
      },
      "properties": {
        "officialId": "sh-fgj-5D077-01",
        "wikipediaId": "wiki-heritage-t07-r0079",
        "batch": 5,
        "officialCodeRaw": "5D077",
        "name": "住宅",
        "articleTitle": "宝庆路20号 住宅",
        "address": "宝庆路20号",
        "addressComparison": "exact",
        "coordinateScope": "building-complex-reference-point",
        "coordinateSystem": "WGS84",
        "precisionDegrees": null,
        "origin": "shanghai-library",
        "sourceUrl": "https://data.library.sh.cn/entity/architecture/grir8w1hw5v7stsm",
        "coordinateSourceTitle": "上海图书馆历史建筑开放数据",
        "sourceAddress": "宝庆路20号",
        "locationNote": "此为门址所在里弄、院落或建筑群参考点，未逐栋核定位置。 同址有多个保护项，分别保留记录；共用门址点不能区分各楼栋。 图书馆同址多个实体使用同一点，尚未区分具体楼栋；仅作共用门址参考，不采用其中任一楼名。",
        "wikipediaUrl": "https://zh.wikipedia.org/zh-hans/上海市优秀历史建筑",
        "wikidataId": null,
        "historicalGeometryVerified": false
      }
    },
    {
      "type": "Feature",
      "id": "sh-fgj-5D078-01-address-reference",
      "geometry": {
        "type": "Point",
        "coordinates": [
          121.435769,
          31.206855
        ]
      },
      "properties": {
        "officialId": "sh-fgj-5D078-01",
        "wikipediaId": "wiki-heritage-t07-r0080",
        "batch": 5,
        "officialCodeRaw": "5D078",
        "name": "中共上海市纪委",
        "articleTitle": "中共上海市纪委",
        "address": "宛平路7号",
        "addressComparison": "exact",
        "coordinateScope": "address-reference-point",
        "coordinateSystem": "WGS84",
        "precisionDegrees": null,
        "origin": "shanghai-library",
        "sourceUrl": "https://data.library.sh.cn/entity/architecture/nhgl7rykau6py5pg",
        "coordinateSourceTitle": "上海图书馆历史建筑开放数据",
        "sourceAddress": "宛平路7号",
        "locationNote": "此为来源目录门牌参考点，未独立测绘或核定建筑轮廓。",
        "wikipediaUrl": "https://zh.wikipedia.org/zh-hans/上海市优秀历史建筑",
        "wikidataId": null,
        "historicalGeometryVerified": false
      }
    },
    {
      "type": "Feature",
      "id": "sh-fgj-5D079-01-address-reference",
      "geometry": {
        "type": "Point",
        "coordinates": [
          121.453477,
          31.220567
        ]
      },
      "properties": {
        "officialId": "sh-fgj-5D079-01",
        "wikipediaId": "wiki-heritage-t07-r0081",
        "batch": 5,
        "officialCodeRaw": "5D079",
        "name": "上海教育评估院",
        "articleTitle": "上海教育评估院",
        "address": "陕西南路202号",
        "addressComparison": "exact",
        "coordinateScope": "address-reference-point",
        "coordinateSystem": "WGS84",
        "precisionDegrees": null,
        "origin": "shanghai-library",
        "sourceUrl": "https://data.library.sh.cn/entity/architecture/hrwulw1vd36kq5ks",
        "coordinateSourceTitle": "上海图书馆历史建筑开放数据",
        "sourceAddress": "陕西南路202号",
        "locationNote": "此为来源目录门牌参考点，未独立测绘或核定建筑轮廓。",
        "wikipediaUrl": "https://zh.wikipedia.org/zh-hans/上海市优秀历史建筑",
        "wikidataId": null,
        "historicalGeometryVerified": false
      }
    },
    {
      "type": "Feature",
      "id": "sh-fgj-b5-50D80-01-address-reference",
      "geometry": {
        "type": "Point",
        "coordinates": [
          121.444556,
          31.21672
        ]
      },
      "properties": {
        "officialId": "sh-fgj-b5-50D80-01",
        "wikipediaId": "wiki-heritage-t07-r0082",
        "batch": 5,
        "officialCodeRaw": "50D80",
        "name": "崇源别墅",
        "articleTitle": "崇源别墅",
        "address": "常熟路179号",
        "addressComparison": "different-as-listed",
        "coordinateScope": "building-complex-reference-point",
        "coordinateSystem": "WGS84",
        "precisionDegrees": null,
        "origin": "shanghai-library",
        "sourceUrl": "https://data.library.sh.cn/entity/architecture/0bh8czukwwdz773w",
        "coordinateSourceTitle": "上海图书馆历史建筑开放数据",
        "sourceAddress": "常熟路183弄",
        "locationNote": "此为门址所在里弄、院落或建筑群参考点，未逐栋核定位置。 来源门址与官方写法有差异，原始门牌和对照理由均保留。",
        "wikipediaUrl": "https://zh.wikipedia.org/zh-hans/上海市优秀历史建筑",
        "wikidataId": null,
        "historicalGeometryVerified": false
      }
    },
    {
      "type": "Feature",
      "id": "sh-fgj-5D081-01-address-reference",
      "geometry": {
        "type": "Point",
        "coordinates": [
          121.449728,
          31.213045
        ]
      },
      "properties": {
        "officialId": "sh-fgj-5D081-01",
        "wikipediaId": "wiki-heritage-t07-r0083",
        "batch": 5,
        "officialCodeRaw": "5D081",
        "name": "南区电话局汾阳路分局",
        "articleTitle": "南区电话局汾阳路分局",
        "address": "汾阳路63号",
        "addressComparison": "exact",
        "coordinateScope": "address-reference-point",
        "coordinateSystem": "WGS84",
        "precisionDegrees": null,
        "origin": "shanghai-library",
        "sourceUrl": "https://data.library.sh.cn/entity/architecture/ho05bhlsxdzwohd1",
        "coordinateSourceTitle": "上海图书馆历史建筑开放数据",
        "sourceAddress": "汾阳路63号",
        "locationNote": "此为来源目录门牌参考点，未独立测绘或核定建筑轮廓。",
        "wikipediaUrl": "https://zh.wikipedia.org/zh-hans/上海市优秀历史建筑",
        "wikidataId": null,
        "historicalGeometryVerified": false
      }
    },
    {
      "type": "Feature",
      "id": "sh-fgj-5D082-01-address-reference",
      "geometry": {
        "type": "Point",
        "coordinates": [
          121.448397,
          31.204862
        ]
      },
      "properties": {
        "officialId": "sh-fgj-5D082-01",
        "wikipediaId": "wiki-heritage-t07-r0084",
        "batch": 5,
        "officialCodeRaw": "5D082",
        "name": "菁英会",
        "articleTitle": "菁英会",
        "address": "岳阳路265号",
        "addressComparison": "exact",
        "coordinateScope": "address-reference-point",
        "coordinateSystem": "WGS84",
        "precisionDegrees": null,
        "origin": "shanghai-library",
        "sourceUrl": "https://data.library.sh.cn/entity/architecture/xwgbo1kmuloosbgd",
        "coordinateSourceTitle": "上海图书馆历史建筑开放数据",
        "sourceAddress": "岳阳路265号",
        "locationNote": "此为来源目录门牌参考点，未独立测绘或核定建筑轮廓。",
        "wikipediaUrl": "https://zh.wikipedia.org/zh-hans/上海市优秀历史建筑",
        "wikidataId": null,
        "historicalGeometryVerified": false
      }
    },
    {
      "type": "Feature",
      "id": "sh-fgj-5D083-01-address-reference",
      "geometry": {
        "type": "Point",
        "coordinates": [
          121.4526,
          31.207074
        ]
      },
      "properties": {
        "officialId": "sh-fgj-5D083-01",
        "wikipediaId": "wiki-heritage-t07-r0085",
        "batch": 5,
        "officialCodeRaw": "5D083",
        "name": "办公",
        "articleTitle": "办公",
        "address": "建国西路336弄1号",
        "addressComparison": "exact",
        "coordinateScope": "building-complex-reference-point",
        "coordinateSystem": "WGS84",
        "precisionDegrees": null,
        "origin": "shanghai-library",
        "sourceUrl": "https://data.library.sh.cn/entity/architecture/5jsa1ax06e2v1u46",
        "coordinateSourceTitle": "上海图书馆历史建筑开放数据",
        "sourceAddress": "建国西路336弄1号",
        "locationNote": "此为门址所在里弄、院落或建筑群参考点，未逐栋核定位置。",
        "wikipediaUrl": "https://zh.wikipedia.org/zh-hans/上海市优秀历史建筑",
        "wikidataId": null,
        "historicalGeometryVerified": false
      }
    },
    {
      "type": "Feature",
      "id": "sh-fgj-5D084-01-address-reference",
      "geometry": {
        "type": "Point",
        "coordinates": [
          121.453087,
          31.209402
        ]
      },
      "properties": {
        "officialId": "sh-fgj-5D084-01",
        "wikipediaId": "wiki-heritage-t07-r0086",
        "batch": 5,
        "officialCodeRaw": "5D084",
        "name": "大可庄园",
        "articleTitle": "大可庄园",
        "address": "襄阳南路388弄25号",
        "addressComparison": "exact",
        "coordinateScope": "building-complex-reference-point",
        "coordinateSystem": "WGS84",
        "precisionDegrees": null,
        "origin": "shanghai-library",
        "sourceUrl": "https://data.library.sh.cn/entity/architecture/uek6abxt537ycy8s",
        "coordinateSourceTitle": "上海图书馆历史建筑开放数据",
        "sourceAddress": "襄阳南路388弄25号",
        "locationNote": "此为门址所在里弄、院落或建筑群参考点，未逐栋核定位置。",
        "wikipediaUrl": "https://zh.wikipedia.org/zh-hans/上海市优秀历史建筑",
        "wikidataId": null,
        "historicalGeometryVerified": false
      }
    },
    {
      "type": "Feature",
      "id": "sh-fgj-5D085-01-address-reference",
      "geometry": {
        "type": "Point",
        "coordinates": [
          121.448729,
          31.202584
        ]
      },
      "properties": {
        "officialId": "sh-fgj-5D085-01",
        "wikipediaId": "wiki-heritage-t07-r0087",
        "batch": 5,
        "officialCodeRaw": "5D085",
        "name": "中国科学院生物化学和细胞生物学研究所主楼北侧办公楼",
        "articleTitle": "中国科学院生物化学和细胞生物学研究所主楼北侧办公楼",
        "address": "岳阳路320号（14号楼）",
        "addressComparison": "different-as-listed",
        "coordinateScope": "building-complex-reference-point",
        "coordinateSystem": "WGS84",
        "precisionDegrees": null,
        "origin": "shanghai-library",
        "sourceUrl": "https://data.library.sh.cn/entity/architecture/e78rwvlyp7gbhzot",
        "coordinateSourceTitle": "上海图书馆历史建筑开放数据",
        "sourceAddress": "岳阳路320弄内",
        "locationNote": "此为门址所在里弄、院落或建筑群参考点，未逐栋核定位置。 来源门址与官方写法有差异，原始门牌和对照理由均保留。",
        "wikipediaUrl": "https://zh.wikipedia.org/zh-hans/上海市优秀历史建筑",
        "wikidataId": null,
        "historicalGeometryVerified": false
      }
    },
    {
      "type": "Feature",
      "id": "sh-fgj-5D086-01-address-reference",
      "geometry": {
        "type": "Point",
        "coordinates": [
          121.448729,
          31.202584
        ]
      },
      "properties": {
        "officialId": "sh-fgj-5D086-01",
        "wikipediaId": "wiki-heritage-t07-r0088",
        "batch": 5,
        "officialCodeRaw": "5D086",
        "name": "中国科学院生物化学和细胞生物学研究所5号楼",
        "articleTitle": "中国科学院生物化学和细胞生物学研究所5号楼",
        "address": "岳阳路320号 （5号楼）",
        "addressComparison": "different-as-listed",
        "coordinateScope": "building-complex-reference-point",
        "coordinateSystem": "WGS84",
        "precisionDegrees": null,
        "origin": "shanghai-library",
        "sourceUrl": "https://data.library.sh.cn/entity/architecture/wcfxtjjxyo0nps4z",
        "coordinateSourceTitle": "上海图书馆历史建筑开放数据",
        "sourceAddress": "岳阳路320弄内",
        "locationNote": "此为门址所在里弄、院落或建筑群参考点，未逐栋核定位置。 来源门址与官方写法有差异，原始门牌和对照理由均保留。",
        "wikipediaUrl": "https://zh.wikipedia.org/zh-hans/上海市优秀历史建筑",
        "wikidataId": null,
        "historicalGeometryVerified": false
      }
    },
    {
      "type": "Feature",
      "id": "sh-fgj-5D088-01-address-reference",
      "geometry": {
        "type": "Point",
        "coordinates": [
          121.452123,
          31.221752
        ]
      },
      "properties": {
        "officialId": "sh-fgj-5D088-01",
        "wikipediaId": "wiki-heritage-t07-r0090",
        "batch": 5,
        "officialCodeRaw": "5D088",
        "name": "长乐坊",
        "articleTitle": "长乐坊",
        "address": "长乐路331、333号",
        "addressComparison": "formatting-only",
        "coordinateScope": "building-complex-reference-point",
        "coordinateSystem": "WGS84",
        "precisionDegrees": null,
        "origin": "shanghai-library",
        "sourceUrl": "https://data.library.sh.cn/entity/architecture/s461eakwu7esonhf",
        "coordinateSourceTitle": "上海图书馆历史建筑开放数据",
        "sourceAddress": "长乐路331-333号",
        "locationNote": "此为门址所在里弄、院落或建筑群参考点，未逐栋核定位置。 来源门址与官方写法有差异，原始门牌和对照理由均保留。",
        "wikipediaUrl": "https://zh.wikipedia.org/zh-hans/上海市优秀历史建筑",
        "wikidataId": null,
        "historicalGeometryVerified": false
      }
    },
    {
      "type": "Feature",
      "id": "sh-fgj-5D089-01-address-reference",
      "geometry": {
        "type": "Point",
        "coordinates": [
          121.454646,
          31.170641
        ]
      },
      "properties": {
        "officialId": "sh-fgj-5D089-01",
        "wikipediaId": "wiki-heritage-t07-r0091",
        "batch": 5,
        "officialCodeRaw": "5D089",
        "name": "北票码头塔吊",
        "articleTitle": "北票码头塔吊",
        "address": "徐汇滨江公共开放空间东段",
        "addressComparison": "official-missing",
        "coordinateScope": "building-complex-reference-point",
        "coordinateSystem": "WGS84",
        "precisionDegrees": null,
        "origin": "shanghai-library",
        "sourceUrl": "https://data.library.sh.cn/entity/architecture/axwestq2o1qqu0hb",
        "coordinateSourceTitle": "上海图书馆历史建筑开放数据",
        "sourceAddress": "徐汇滨江公共开放空间东段",
        "locationNote": "此为门址所在里弄、院落或建筑群参考点，未逐栋核定位置。 来源门址与官方写法有差异，原始门牌和对照理由均保留。",
        "wikipediaUrl": "https://zh.wikipedia.org/zh-hans/上海市优秀历史建筑",
        "wikidataId": null,
        "historicalGeometryVerified": false
      }
    },
    {
      "type": "Feature",
      "id": "sh-fgj-5D090-01-address-reference",
      "geometry": {
        "type": "Point",
        "coordinates": [
          121.449724,
          31.175148
        ]
      },
      "properties": {
        "officialId": "sh-fgj-5D090-01",
        "wikipediaId": "wiki-heritage-t07-r0092",
        "batch": 5,
        "officialCodeRaw": "5D090",
        "name": "海事瞭望塔",
        "articleTitle": "海事瞭望塔",
        "address": "徐汇区龙华港、黄浦江河口",
        "addressComparison": "different-as-listed",
        "coordinateScope": "building-complex-reference-point",
        "coordinateSystem": "WGS84",
        "precisionDegrees": null,
        "origin": "shanghai-library",
        "sourceUrl": "https://data.library.sh.cn/entity/architecture/ngow4l241p17gnrb",
        "coordinateSourceTitle": "上海图书馆历史建筑开放数据",
        "sourceAddress": "龙华港、黄浦江河口",
        "locationNote": "此为门址所在里弄、院落或建筑群参考点，未逐栋核定位置。",
        "wikipediaUrl": "https://zh.wikipedia.org/zh-hans/上海市优秀历史建筑",
        "wikidataId": null,
        "historicalGeometryVerified": false
      }
    },
    {
      "type": "Feature",
      "id": "sh-fgj-5D091-01-address-reference",
      "geometry": {
        "type": "Point",
        "coordinates": [
          121.435331,
          31.208803
        ]
      },
      "properties": {
        "officialId": "sh-fgj-5D091-01",
        "wikipediaId": "wiki-heritage-t07-r0093",
        "batch": 5,
        "officialCodeRaw": "5D091",
        "name": "德利那齐宅",
        "articleTitle": "德利那齐宅",
        "address": "武康路129号",
        "addressComparison": "exact",
        "coordinateScope": "address-reference-point",
        "coordinateSystem": "WGS84",
        "precisionDegrees": null,
        "origin": "shanghai-library",
        "sourceUrl": "https://data.library.sh.cn/entity/architecture/45ob5f3b5swdj5yc",
        "coordinateSourceTitle": "上海图书馆历史建筑开放数据",
        "sourceAddress": "武康路129号",
        "locationNote": "此为来源目录门牌参考点，未独立测绘或核定建筑轮廓。",
        "wikipediaUrl": "https://zh.wikipedia.org/zh-hans/上海市优秀历史建筑",
        "wikidataId": null,
        "historicalGeometryVerified": false
      }
    },
    {
      "type": "Feature",
      "id": "sh-fgj-5D092-01-address-reference",
      "geometry": {
        "type": "Point",
        "coordinates": [
          121.45976,
          31.185854
        ]
      },
      "properties": {
        "officialId": "sh-fgj-5D092-01",
        "wikipediaId": "wiki-heritage-t07-r0094",
        "batch": 5,
        "officialCodeRaw": "5D092",
        "name": "龙美术馆",
        "articleTitle": "龙美术馆",
        "address": "龙腾大道3398号",
        "addressComparison": "exact",
        "coordinateScope": "address-reference-point",
        "coordinateSystem": "WGS84",
        "precisionDegrees": null,
        "origin": "shanghai-library",
        "sourceUrl": "https://data.library.sh.cn/entity/architecture/yas66g473325ux47",
        "coordinateSourceTitle": "上海图书馆历史建筑开放数据",
        "sourceAddress": "龙腾大道3398号",
        "locationNote": "此为来源目录门牌参考点，未独立测绘或核定建筑轮廓。",
        "wikipediaUrl": "https://zh.wikipedia.org/zh-hans/上海市优秀历史建筑",
        "wikidataId": null,
        "historicalGeometryVerified": false
      }
    },
    {
      "type": "Feature",
      "id": "sh-fgj-5D093-01-address-reference",
      "geometry": {
        "type": "Point",
        "coordinates": [
          121.457565,
          31.172679
        ]
      },
      "properties": {
        "officialId": "sh-fgj-5D093-01",
        "wikipediaId": "wiki-heritage-t07-r0095",
        "batch": 5,
        "officialCodeRaw": "5D093",
        "name": "余德耀美术馆",
        "articleTitle": "余德耀美术馆",
        "address": "丰谷路35号",
        "addressComparison": "exact",
        "coordinateScope": "address-reference-point",
        "coordinateSystem": "WGS84",
        "precisionDegrees": null,
        "origin": "shanghai-library",
        "sourceUrl": "https://data.library.sh.cn/entity/architecture/sqwqn5uz2iv6wqeq",
        "coordinateSourceTitle": "上海图书馆历史建筑开放数据",
        "sourceAddress": "丰谷路35号",
        "locationNote": "此为来源目录门牌参考点，未独立测绘或核定建筑轮廓。",
        "wikipediaUrl": "https://zh.wikipedia.org/zh-hans/上海市优秀历史建筑",
        "wikidataId": null,
        "historicalGeometryVerified": false
      }
    },
    {
      "type": "Feature",
      "id": "sh-fgj-5D094-01-address-reference",
      "geometry": {
        "type": "Point",
        "coordinates": [
          121.434411,
          31.202939
        ]
      },
      "properties": {
        "officialId": "sh-fgj-5D094-01",
        "wikipediaId": "wiki-heritage-t07-r0096",
        "batch": 5,
        "officialCodeRaw": "5D094",
        "name": "住宅",
        "articleTitle": "康平路187-191号 住宅",
        "address": "康平路187-191号（单号）",
        "addressComparison": "different-as-listed",
        "coordinateScope": "building-complex-reference-point",
        "coordinateSystem": "WGS84",
        "precisionDegrees": null,
        "origin": "shanghai-library",
        "sourceUrl": "https://data.library.sh.cn/entity/architecture/cycnbgvh8746f1ok",
        "coordinateSourceTitle": "上海图书馆历史建筑开放数据",
        "sourceAddress": "康平路187-191号",
        "locationNote": "此为门址所在里弄、院落或建筑群参考点，未逐栋核定位置。",
        "wikipediaUrl": "https://zh.wikipedia.org/zh-hans/上海市优秀历史建筑",
        "wikidataId": null,
        "historicalGeometryVerified": false
      }
    },
    {
      "type": "Feature",
      "id": "sh-fgj-5D096-01-address-reference",
      "geometry": {
        "type": "Point",
        "coordinates": [
          121.448145,
          31.217383
        ]
      },
      "properties": {
        "officialId": "sh-fgj-5D096-01",
        "wikipediaId": "wiki-heritage-t07-r0098",
        "batch": 5,
        "officialCodeRaw": "5D096",
        "name": "住宅",
        "articleTitle": "淮海中路1200弄 住宅",
        "address": "淮海中路1200弄（1-4号、7-24号）、淮海中路1200弄6号院（2号楼、3号楼）、淮海中路1176-1182号（双号）",
        "addressComparison": "different-as-listed",
        "coordinateScope": "building-complex-reference-point",
        "coordinateSystem": "WGS84",
        "precisionDegrees": null,
        "origin": "shanghai-library",
        "sourceUrl": "https://data.library.sh.cn/entity/architecture/2yn3b5s22ehicju6",
        "coordinateSourceTitle": "上海图书馆历史建筑开放数据",
        "sourceAddress": "淮海中路1200弄",
        "locationNote": "此为门址所在里弄、院落或建筑群参考点，未逐栋核定位置。 来源门址与官方写法有差异，原始门牌和对照理由均保留。",
        "wikipediaUrl": "https://zh.wikipedia.org/zh-hans/上海市优秀历史建筑",
        "wikidataId": null,
        "historicalGeometryVerified": false
      }
    },
    {
      "type": "Feature",
      "id": "sh-fgj-5D098-01-address-reference",
      "geometry": {
        "type": "Point",
        "coordinates": [
          121.452512,
          31.221848
        ]
      },
      "properties": {
        "officialId": "sh-fgj-5D098-01",
        "wikipediaId": "wiki-heritage-t07-r0100",
        "batch": 5,
        "officialCodeRaw": "5D098",
        "name": "住宅",
        "articleTitle": "长乐路327，329号 住宅",
        "address": "长乐路327-329号（单号）",
        "addressComparison": "different-as-listed",
        "coordinateScope": "building-complex-reference-point",
        "coordinateSystem": "WGS84",
        "precisionDegrees": null,
        "origin": "shanghai-library",
        "sourceUrl": "https://data.library.sh.cn/entity/architecture/yxgfbqtvf0kri88o",
        "coordinateSourceTitle": "上海图书馆历史建筑开放数据",
        "sourceAddress": "长乐路327，329号",
        "locationNote": "此为门址所在里弄、院落或建筑群参考点，未逐栋核定位置。 来源门址与官方写法有差异，原始门牌和对照理由均保留。",
        "wikipediaUrl": "https://zh.wikipedia.org/zh-hans/上海市优秀历史建筑",
        "wikidataId": null,
        "historicalGeometryVerified": false
      }
    },
    {
      "type": "Feature",
      "id": "sh-fgj-5D099-01-address-reference",
      "geometry": {
        "type": "Point",
        "coordinates": [
          121.452018,
          31.221676
        ]
      },
      "properties": {
        "officialId": "sh-fgj-5D099-01",
        "wikipediaId": "wiki-heritage-t07-r0101",
        "batch": 5,
        "officialCodeRaw": "5D099",
        "name": "住宅",
        "articleTitle": "长乐路335，337号 住宅",
        "address": "长乐路335-337号（单号）",
        "addressComparison": "different-as-listed",
        "coordinateScope": "building-complex-reference-point",
        "coordinateSystem": "WGS84",
        "precisionDegrees": null,
        "origin": "shanghai-library",
        "sourceUrl": "https://data.library.sh.cn/entity/architecture/dwwgj4a37roxpqmu",
        "coordinateSourceTitle": "上海图书馆历史建筑开放数据",
        "sourceAddress": "长乐路335，337号",
        "locationNote": "此为门址所在里弄、院落或建筑群参考点，未逐栋核定位置。 来源门址与官方写法有差异，原始门牌和对照理由均保留。",
        "wikipediaUrl": "https://zh.wikipedia.org/zh-hans/上海市优秀历史建筑",
        "wikidataId": null,
        "historicalGeometryVerified": false
      }
    },
    {
      "type": "Feature",
      "id": "sh-fgj-5D101-01-address-reference",
      "geometry": {
        "type": "Point",
        "coordinates": [
          121.443831,
          31.217621
        ]
      },
      "properties": {
        "officialId": "sh-fgj-5D101-01",
        "wikipediaId": "wiki-heritage-t07-r0103",
        "batch": 5,
        "officialCodeRaw": "5D101",
        "name": "住宅",
        "articleTitle": "常熟路139号 住宅",
        "address": "常熟路139号",
        "addressComparison": "exact",
        "coordinateScope": "address-reference-point",
        "coordinateSystem": "WGS84",
        "precisionDegrees": null,
        "origin": "shanghai-library",
        "sourceUrl": "https://data.library.sh.cn/entity/architecture/7ojt0ntctzm0utzj",
        "coordinateSourceTitle": "上海图书馆历史建筑开放数据",
        "sourceAddress": "常熟路139号",
        "locationNote": "此为来源目录门牌参考点，未独立测绘或核定建筑轮廓。",
        "wikipediaUrl": "https://zh.wikipedia.org/zh-hans/上海市优秀历史建筑",
        "wikidataId": null,
        "historicalGeometryVerified": false
      }
    },
    {
      "type": "Feature",
      "id": "sh-fgj-b5-D50102-01-address-reference",
      "geometry": {
        "type": "Point",
        "coordinates": [
          121.447435,
          31.217711
        ]
      },
      "properties": {
        "officialId": "sh-fgj-b5-D50102-01",
        "wikipediaId": "wiki-heritage-t07-r0104",
        "batch": 5,
        "officialCodeRaw": "D50102",
        "name": "住宅",
        "articleTitle": "延庆路42号 住宅",
        "address": "延庆路42、52号",
        "addressComparison": "different-as-listed",
        "coordinateScope": "building-complex-reference-point",
        "coordinateSystem": "WGS84",
        "precisionDegrees": null,
        "origin": "shanghai-library",
        "sourceUrl": "https://data.library.sh.cn/entity/architecture/rgjb0j46k5dkiaiw",
        "coordinateSourceTitle": "上海图书馆历史建筑开放数据",
        "sourceAddress": "延庆路42号",
        "locationNote": "此为门址所在里弄、院落或建筑群参考点，未逐栋核定位置。 来源门址与官方写法有差异，原始门牌和对照理由均保留。",
        "wikipediaUrl": "https://zh.wikipedia.org/zh-hans/上海市优秀历史建筑",
        "wikidataId": null,
        "historicalGeometryVerified": false
      }
    },
    {
      "type": "Feature",
      "id": "sh-fgj-5D104-01-address-reference",
      "geometry": {
        "type": "Point",
        "coordinates": [
          121.433655,
          31.212686
        ]
      },
      "properties": {
        "officialId": "sh-fgj-5D104-01",
        "wikipediaId": "wiki-heritage-t07-r0106",
        "batch": 5,
        "officialCodeRaw": "5D104",
        "name": "住宅",
        "articleTitle": "复兴西路299弄1号 住宅",
        "address": "复兴西路299弄1-3号",
        "addressComparison": "different-as-listed",
        "coordinateScope": "building-complex-reference-point",
        "coordinateSystem": "WGS84",
        "precisionDegrees": null,
        "origin": "shanghai-library",
        "sourceUrl": "https://data.library.sh.cn/entity/architecture/chzfqp72dkix810n",
        "coordinateSourceTitle": "上海图书馆历史建筑开放数据",
        "sourceAddress": "复兴西路299弄1号",
        "locationNote": "此为门址所在里弄、院落或建筑群参考点，未逐栋核定位置。 来源门址与官方写法有差异，原始门牌和对照理由均保留。",
        "wikipediaUrl": "https://zh.wikipedia.org/zh-hans/上海市优秀历史建筑",
        "wikidataId": null,
        "historicalGeometryVerified": false
      }
    },
    {
      "type": "Feature",
      "id": "sh-fgj-5D105-01-address-reference",
      "geometry": {
        "type": "Point",
        "coordinates": [
          121.454348,
          31.211192
        ]
      },
      "properties": {
        "officialId": "sh-fgj-5D105-01",
        "wikipediaId": "wiki-heritage-t07-r0107",
        "batch": 5,
        "officialCodeRaw": "5D105",
        "name": "慎成里",
        "articleTitle": "慎成里",
        "address": "永嘉路291弄1-90号，永嘉路277-307（单号），嘉善路200-230号（双号）",
        "addressComparison": "different-as-listed",
        "coordinateScope": "building-complex-reference-point",
        "coordinateSystem": "WGS84",
        "precisionDegrees": null,
        "origin": "shanghai-library",
        "sourceUrl": "https://data.library.sh.cn/entity/architecture/6z74q5zqt2zw4wln",
        "coordinateSourceTitle": "上海图书馆历史建筑开放数据",
        "sourceAddress": "永嘉路291弄1-90号（66号为区保）",
        "locationNote": "此为门址所在里弄、院落或建筑群参考点，未逐栋核定位置。 来源门址与官方写法有差异，原始门牌和对照理由均保留。",
        "wikipediaUrl": "https://zh.wikipedia.org/zh-hans/上海市优秀历史建筑",
        "wikidataId": null,
        "historicalGeometryVerified": false
      }
    },
    {
      "type": "Feature",
      "id": "sh-fgj-5D106-01-address-reference",
      "geometry": {
        "type": "Point",
        "coordinates": [
          121.452319,
          31.220042
        ]
      },
      "properties": {
        "officialId": "sh-fgj-5D106-01",
        "wikipediaId": "wiki-heritage-t07-r0108",
        "batch": 5,
        "officialCodeRaw": "5D106",
        "name": "住宅",
        "articleTitle": "新乐路44号 住宅",
        "address": "新乐路44弄（1-15号）、新乐路38-50号（双号）",
        "addressComparison": "different-as-listed",
        "coordinateScope": "building-complex-reference-point",
        "coordinateSystem": "WGS84",
        "precisionDegrees": null,
        "origin": "shanghai-library",
        "sourceUrl": "https://data.library.sh.cn/entity/architecture/4adpt5ptgu8ck88t",
        "coordinateSourceTitle": "上海图书馆历史建筑开放数据",
        "sourceAddress": "新乐路44号",
        "locationNote": "此为门址所在里弄、院落或建筑群参考点，未逐栋核定位置。 来源门址与官方写法有差异，原始门牌和对照理由均保留。",
        "wikipediaUrl": "https://zh.wikipedia.org/zh-hans/上海市优秀历史建筑",
        "wikidataId": null,
        "historicalGeometryVerified": false
      }
    },
    {
      "type": "Feature",
      "id": "sh-fgj-5D107-01-address-reference",
      "geometry": {
        "type": "Point",
        "coordinates": [
          121.450167,
          31.219271
        ]
      },
      "properties": {
        "officialId": "sh-fgj-5D107-01",
        "wikipediaId": "wiki-heritage-t07-r0109",
        "batch": 5,
        "officialCodeRaw": "5D107",
        "name": "住宅",
        "articleTitle": "新乐路143弄 住宅",
        "address": "新乐路143弄1-4号",
        "addressComparison": "different-as-listed",
        "coordinateScope": "building-complex-reference-point",
        "coordinateSystem": "WGS84",
        "precisionDegrees": null,
        "origin": "shanghai-library",
        "sourceUrl": "https://data.library.sh.cn/entity/architecture/e2ui2c6yjxryr1cg",
        "coordinateSourceTitle": "上海图书馆历史建筑开放数据",
        "sourceAddress": "新乐路143弄",
        "locationNote": "此为门址所在里弄、院落或建筑群参考点，未逐栋核定位置。 来源门址与官方写法有差异，原始门牌和对照理由均保留。",
        "wikipediaUrl": "https://zh.wikipedia.org/zh-hans/上海市优秀历史建筑",
        "wikidataId": null,
        "historicalGeometryVerified": false
      }
    },
    {
      "type": "Feature",
      "id": "sh-fgj-5D108-01-address-reference",
      "geometry": {
        "type": "Point",
        "coordinates": [
          121.447837,
          31.215742
        ]
      },
      "properties": {
        "officialId": "sh-fgj-5D108-01",
        "wikipediaId": "wiki-heritage-t07-r0110",
        "batch": 5,
        "officialCodeRaw": "5D108",
        "name": "住宅",
        "articleTitle": "淮海中路1251弄 住宅",
        "address": "淮海中路1251弄1-3号",
        "addressComparison": "different-as-listed",
        "coordinateScope": "building-complex-reference-point",
        "coordinateSystem": "WGS84",
        "precisionDegrees": null,
        "origin": "shanghai-library",
        "sourceUrl": "https://data.library.sh.cn/entity/architecture/ugg7aamslv10nj5l",
        "coordinateSourceTitle": "上海图书馆历史建筑开放数据",
        "sourceAddress": "淮海中路1251弄",
        "locationNote": "此为门址所在里弄、院落或建筑群参考点，未逐栋核定位置。 来源门址与官方写法有差异，原始门牌和对照理由均保留。",
        "wikipediaUrl": "https://zh.wikipedia.org/zh-hans/上海市优秀历史建筑",
        "wikidataId": null,
        "historicalGeometryVerified": false
      }
    },
    {
      "type": "Feature",
      "id": "sh-fgj-5D109-01-address-reference",
      "geometry": {
        "type": "Point",
        "coordinates": [
          121.444066,
          31.217014
        ]
      },
      "properties": {
        "officialId": "sh-fgj-5D109-01",
        "wikipediaId": "wiki-heritage-t07-r0111",
        "batch": 5,
        "officialCodeRaw": "5D109",
        "name": "中信一村",
        "articleTitle": "中信一村",
        "address": "常熟路163弄1-30号、华亭路18、26号",
        "addressComparison": "different-as-listed",
        "coordinateScope": "building-complex-reference-point",
        "coordinateSystem": "WGS84",
        "precisionDegrees": null,
        "origin": "shanghai-library",
        "sourceUrl": "https://data.library.sh.cn/entity/architecture/io68j4b41lxhxi1h",
        "coordinateSourceTitle": "上海图书馆历史建筑开放数据",
        "sourceAddress": "常熟路163弄1-30号",
        "locationNote": "此为门址所在里弄、院落或建筑群参考点，未逐栋核定位置。 来源门址与官方写法有差异，原始门牌和对照理由均保留。",
        "wikipediaUrl": "https://zh.wikipedia.org/zh-hans/上海市优秀历史建筑",
        "wikidataId": null,
        "historicalGeometryVerified": false
      }
    },
    {
      "type": "Feature",
      "id": "sh-fgj-5D110-01-address-reference",
      "geometry": {
        "type": "Point",
        "coordinates": [
          121.446716,
          31.2172
        ]
      },
      "properties": {
        "officialId": "sh-fgj-5D110-01",
        "wikipediaId": "wiki-heritage-t07-r0112",
        "batch": 5,
        "officialCodeRaw": "5D110",
        "name": "住宅",
        "articleTitle": "延庆路82号 住宅",
        "address": "延庆路80、82、84号",
        "addressComparison": "different-as-listed",
        "coordinateScope": "address-reference-point",
        "coordinateSystem": "WGS84",
        "precisionDegrees": null,
        "origin": "shanghai-library",
        "sourceUrl": "https://data.library.sh.cn/entity/architecture/idywyq2aaqcw2j24",
        "coordinateSourceTitle": "上海图书馆历史建筑开放数据",
        "sourceAddress": "延庆路82号",
        "locationNote": "此为来源目录门牌参考点，未独立测绘或核定建筑轮廓。 来源门址与官方写法有差异，原始门牌和对照理由均保留。",
        "wikipediaUrl": "https://zh.wikipedia.org/zh-hans/上海市优秀历史建筑",
        "wikidataId": null,
        "historicalGeometryVerified": false
      }
    },
    {
      "type": "Feature",
      "id": "sh-fgj-5D111-01-address-reference",
      "geometry": {
        "type": "Point",
        "coordinates": [
          121.452733,
          31.221871
        ]
      },
      "properties": {
        "officialId": "sh-fgj-5D111-01",
        "wikipediaId": "wiki-heritage-t07-r0113",
        "batch": 5,
        "officialCodeRaw": "5D111",
        "name": "住宅",
        "articleTitle": "长乐路325号 住宅",
        "address": "长乐路325号、陕西南路164号",
        "addressComparison": "different-as-listed",
        "coordinateScope": "building-complex-reference-point",
        "coordinateSystem": "WGS84",
        "precisionDegrees": null,
        "origin": "shanghai-library",
        "sourceUrl": "https://data.library.sh.cn/entity/architecture/527c1el62e8bst8g",
        "coordinateSourceTitle": "上海图书馆历史建筑开放数据",
        "sourceAddress": "长乐路325号",
        "locationNote": "此为门址所在里弄、院落或建筑群参考点，未逐栋核定位置。 来源门址与官方写法有差异，原始门牌和对照理由均保留。",
        "wikipediaUrl": "https://zh.wikipedia.org/zh-hans/上海市优秀历史建筑",
        "wikidataId": null,
        "historicalGeometryVerified": false
      }
    },
    {
      "type": "Feature",
      "id": "sh-fgj-5D112-01-address-reference",
      "geometry": {
        "type": "Point",
        "coordinates": [
          121.435948,
          31.199201
        ]
      },
      "properties": {
        "officialId": "sh-fgj-5D112-01",
        "wikipediaId": "wiki-heritage-t07-r0114",
        "batch": 5,
        "officialCodeRaw": "5D112",
        "name": "衡山电影院",
        "articleTitle": "衡山电影院",
        "address": "衡山路838号",
        "addressComparison": "exact",
        "coordinateScope": "address-reference-point",
        "coordinateSystem": "WGS84",
        "precisionDegrees": null,
        "origin": "shanghai-library",
        "sourceUrl": "https://data.library.sh.cn/entity/architecture/wbm8a2qh46kb07ov",
        "coordinateSourceTitle": "上海图书馆历史建筑开放数据",
        "sourceAddress": "衡山路838号",
        "locationNote": "此为来源目录门牌参考点，未独立测绘或核定建筑轮廓。",
        "wikipediaUrl": "https://zh.wikipedia.org/wiki/%E6%96%B0%E8%A1%A1%E5%B1%B1%E7%94%B5%E5%BD%B1%E9%99%A2",
        "wikidataId": null,
        "historicalGeometryVerified": false
      }
    },
    {
      "type": "Feature",
      "id": "sh-fgj-5D113-01-address-reference",
      "geometry": {
        "type": "Point",
        "coordinates": [
          121.417043,
          31.168913
        ]
      },
      "properties": {
        "officialId": "sh-fgj-5D113-01",
        "wikipediaId": "wiki-heritage-t07-r0115",
        "batch": 5,
        "officialCodeRaw": "5D113",
        "name": "上海应用技术学院",
        "articleTitle": "上海应用技术学院",
        "address": "漕宝路120号",
        "addressComparison": "exact",
        "coordinateScope": "address-reference-point",
        "coordinateSystem": "WGS84",
        "precisionDegrees": null,
        "origin": "shanghai-library",
        "sourceUrl": "https://data.library.sh.cn/entity/architecture/gd65zgqo83pe3yyx",
        "coordinateSourceTitle": "上海图书馆历史建筑开放数据",
        "sourceAddress": "漕宝路120号",
        "locationNote": "此为来源目录门牌参考点，未独立测绘或核定建筑轮廓。",
        "wikipediaUrl": "https://zh.wikipedia.org/wiki/%E4%B8%8A%E6%B5%B7%E5%BA%94%E7%94%A8%E6%8A%80%E6%9C%AF%E5%A4%A7%E5%AD%A6",
        "wikidataId": null,
        "historicalGeometryVerified": false
      }
    },
    {
      "type": "Feature",
      "id": "sh-fgj-5D115-01-address-reference",
      "geometry": {
        "type": "Point",
        "coordinates": [
          121.433831,
          31.210837
        ]
      },
      "properties": {
        "officialId": "sh-fgj-5D115-01",
        "wikipediaId": "wiki-heritage-t07-r0117",
        "batch": 5,
        "officialCodeRaw": "5D115",
        "name": "住宅",
        "articleTitle": "湖南路280弄2、4、8、9、20号；296弄14-26号 住宅",
        "address": "湖南路280弄2、4、9、20号；296弄14-26号",
        "addressComparison": "different-as-listed",
        "coordinateScope": "building-complex-reference-point",
        "coordinateSystem": "WGS84",
        "precisionDegrees": null,
        "origin": "shanghai-library",
        "sourceUrl": "https://data.library.sh.cn/entity/architecture/l7oqg402hhtsnobi",
        "coordinateSourceTitle": "上海图书馆历史建筑开放数据",
        "sourceAddress": "湖南路280弄2、4、8、9、20号；296弄14-26号",
        "locationNote": "此为门址所在里弄、院落或建筑群参考点，未逐栋核定位置。 来源门址与官方写法有差异，原始门牌和对照理由均保留。",
        "wikipediaUrl": "https://zh.wikipedia.org/zh-hans/上海市优秀历史建筑",
        "wikidataId": null,
        "historicalGeometryVerified": false
      }
    },
    {
      "type": "Feature",
      "id": "sh-fgj-5F001-01-address-reference",
      "geometry": {
        "type": "Point",
        "coordinates": [
          121.488494,
          31.25261
        ]
      },
      "properties": {
        "officialId": "sh-fgj-5F001-01",
        "wikipediaId": "wiki-heritage-t12-r0002",
        "batch": 5,
        "officialCodeRaw": "5F001",
        "name": "花园住宅",
        "articleTitle": "东汉阳路205号 虹口区城市管理行政执法局",
        "address": "东汉阳路205号",
        "addressComparison": "exact",
        "coordinateScope": "address-reference-point",
        "coordinateSystem": "WGS84",
        "precisionDegrees": null,
        "origin": "shanghai-library",
        "sourceUrl": "https://data.library.sh.cn/entity/architecture/n6vbr0ptvp8bb4ek",
        "coordinateSourceTitle": "上海图书馆历史建筑开放数据",
        "sourceAddress": "东汉阳路205号",
        "locationNote": "此为来源目录门牌参考点，未独立测绘或核定建筑轮廓。",
        "wikipediaUrl": "https://zh.wikipedia.org/zh-hans/上海市优秀历史建筑",
        "wikidataId": null,
        "historicalGeometryVerified": false
      }
    },
    {
      "type": "Feature",
      "id": "sh-fgj-5F002-01-address-reference",
      "geometry": {
        "type": "Point",
        "coordinates": [
          121.485802,
          31.249979
        ]
      },
      "properties": {
        "officialId": "sh-fgj-5F002-01",
        "wikipediaId": "wiki-heritage-t12-r0003",
        "batch": 5,
        "officialCodeRaw": "5F002",
        "name": "上海市警察局虹口分局",
        "articleTitle": "上海市警察局虹口分局",
        "address": "塘沽路219号",
        "addressComparison": "exact",
        "coordinateScope": "address-reference-point",
        "coordinateSystem": "WGS84",
        "precisionDegrees": null,
        "origin": "shanghai-library",
        "sourceUrl": "https://data.library.sh.cn/entity/architecture/osga5fhz36ozpfgu",
        "coordinateSourceTitle": "上海图书馆历史建筑开放数据",
        "sourceAddress": "塘沽路219号",
        "locationNote": "此为来源目录门牌参考点，未独立测绘或核定建筑轮廓。",
        "wikipediaUrl": "https://zh.wikipedia.org/wiki/%E4%B8%8A%E6%B5%B7%E5%85%AC%E5%85%B1%E7%A7%9F%E7%95%8C%E8%99%B9%E5%8F%A3%E6%8D%95%E6%88%BF",
        "wikidataId": null,
        "historicalGeometryVerified": false
      }
    },
    {
      "type": "Feature",
      "id": "sh-fgj-5F003-01-address-reference",
      "geometry": {
        "type": "Point",
        "coordinates": [
          121.480622,
          31.270199
        ]
      },
      "properties": {
        "officialId": "sh-fgj-5F003-01",
        "wikipediaId": "wiki-heritage-t12-r0004",
        "batch": 5,
        "officialCodeRaw": "5F003",
        "name": "住宅",
        "articleTitle": "山阴路275弄 住宅",
        "address": "山阴路275弄（1-4号）、四达路262、266、272、274、286号",
        "addressComparison": "different-as-listed",
        "coordinateScope": "building-complex-reference-point",
        "coordinateSystem": "WGS84",
        "precisionDegrees": null,
        "origin": "shanghai-library",
        "sourceUrl": "https://data.library.sh.cn/entity/architecture/2fzfdtic60e8th0r",
        "coordinateSourceTitle": "上海图书馆历史建筑开放数据",
        "sourceAddress": "山阴路275弄",
        "locationNote": "此为门址所在里弄、院落或建筑群参考点，未逐栋核定位置。 来源门址与官方写法有差异，原始门牌和对照理由均保留。",
        "wikipediaUrl": "https://zh.wikipedia.org/zh-hans/上海市优秀历史建筑",
        "wikidataId": null,
        "historicalGeometryVerified": false
      }
    },
    {
      "type": "Feature",
      "id": "sh-fgj-5F004-01-address-reference",
      "geometry": {
        "type": "Point",
        "coordinates": [
          121.477696,
          31.275338
        ]
      },
      "properties": {
        "officialId": "sh-fgj-5F004-01",
        "wikipediaId": "wiki-heritage-t12-r0005",
        "batch": 5,
        "officialCodeRaw": "5F004",
        "name": "住宅",
        "articleTitle": "东体育会路119弄22、23号 住宅",
        "address": "东体育会路119弄22、23号",
        "addressComparison": "exact",
        "coordinateScope": "building-complex-reference-point",
        "coordinateSystem": "WGS84",
        "precisionDegrees": null,
        "origin": "shanghai-library",
        "sourceUrl": "https://data.library.sh.cn/entity/architecture/e63d1p47y2xjgwxr",
        "coordinateSourceTitle": "上海图书馆历史建筑开放数据",
        "sourceAddress": "东体育会路119弄22、23号",
        "locationNote": "此为门址所在里弄、院落或建筑群参考点，未逐栋核定位置。",
        "wikipediaUrl": "https://zh.wikipedia.org/zh-hans/上海市优秀历史建筑",
        "wikidataId": null,
        "historicalGeometryVerified": false
      }
    },
    {
      "type": "Feature",
      "id": "sh-fgj-5F005-01-address-reference",
      "geometry": {
        "type": "Point",
        "coordinates": [
          121.480869,
          31.27189
        ]
      },
      "properties": {
        "officialId": "sh-fgj-5F005-01",
        "wikipediaId": "wiki-heritage-t12-r0007",
        "batch": 5,
        "officialCodeRaw": "5F005",
        "name": "住宅",
        "articleTitle": "祥德路25弄1号、2号 住宅",
        "address": "祥德路25弄1号、2、3号",
        "addressComparison": "different-as-listed",
        "coordinateScope": "building-complex-reference-point",
        "coordinateSystem": "WGS84",
        "precisionDegrees": null,
        "origin": "shanghai-library",
        "sourceUrl": "https://data.library.sh.cn/entity/architecture/vgvx1y8vg3c2r0is",
        "coordinateSourceTitle": "上海图书馆历史建筑开放数据",
        "sourceAddress": "祥德路25弄1号、2号",
        "locationNote": "此为门址所在里弄、院落或建筑群参考点，未逐栋核定位置。 来源门址与官方写法有差异，原始门牌和对照理由均保留。",
        "wikipediaUrl": "https://zh.wikipedia.org/zh-hans/上海市优秀历史建筑",
        "wikidataId": null,
        "historicalGeometryVerified": false
      }
    },
    {
      "type": "Feature",
      "id": "sh-fgj-5F006-01-address-reference",
      "geometry": {
        "type": "Point",
        "coordinates": [
          121.481287,
          31.269614
        ]
      },
      "properties": {
        "officialId": "sh-fgj-5F006-01",
        "wikipediaId": "wiki-heritage-t12-r0008",
        "batch": 5,
        "officialCodeRaw": "5F006",
        "name": "住宅",
        "articleTitle": "山阴路209弄、229弄 住宅",
        "address": "山阴路209弄（1-9号）、229弄（1-6号）",
        "addressComparison": "different-as-listed",
        "coordinateScope": "building-complex-reference-point",
        "coordinateSystem": "WGS84",
        "precisionDegrees": null,
        "origin": "shanghai-library",
        "sourceUrl": "https://data.library.sh.cn/entity/architecture/azjiaetpx6tp1ktr",
        "coordinateSourceTitle": "上海图书馆历史建筑开放数据",
        "sourceAddress": "山阴路209弄、229弄",
        "locationNote": "此为门址所在里弄、院落或建筑群参考点，未逐栋核定位置。 来源门址与官方写法有差异，原始门牌和对照理由均保留。",
        "wikipediaUrl": "https://zh.wikipedia.org/zh-hans/上海市优秀历史建筑",
        "wikidataId": null,
        "historicalGeometryVerified": false
      }
    },
    {
      "type": "Feature",
      "id": "sh-fgj-5F007-01-address-reference",
      "geometry": {
        "type": "Point",
        "coordinates": [
          121.477138,
          31.269342
        ]
      },
      "properties": {
        "officialId": "sh-fgj-5F007-01",
        "wikipediaId": "wiki-heritage-t12-r0010",
        "batch": 5,
        "officialCodeRaw": "5F007",
        "name": "住宅",
        "articleTitle": "黄渡路79号 住宅",
        "address": "黄渡路79号",
        "addressComparison": "exact",
        "coordinateScope": "address-reference-point",
        "coordinateSystem": "WGS84",
        "precisionDegrees": null,
        "origin": "shanghai-library",
        "sourceUrl": "https://data.library.sh.cn/entity/architecture/z7lsbjp4ole0al7d",
        "coordinateSourceTitle": "上海图书馆历史建筑开放数据",
        "sourceAddress": "黄渡路79号",
        "locationNote": "此为来源目录门牌参考点，未独立测绘或核定建筑轮廓。",
        "wikipediaUrl": "https://zh.wikipedia.org/zh-hans/上海市优秀历史建筑",
        "wikidataId": null,
        "historicalGeometryVerified": false
      }
    },
    {
      "type": "Feature",
      "id": "sh-fgj-5F008-01-address-reference",
      "geometry": {
        "type": "Point",
        "coordinates": [
          121.480554,
          31.272673
        ]
      },
      "properties": {
        "officialId": "sh-fgj-5F008-01",
        "wikipediaId": "wiki-heritage-t12-r0011",
        "batch": 5,
        "officialCodeRaw": "5F008",
        "name": "住宅",
        "articleTitle": "祥德路66弄1号 住宅",
        "address": "祥德路66弄（1-3号）",
        "addressComparison": "different-as-listed",
        "coordinateScope": "building-complex-reference-point",
        "coordinateSystem": "WGS84",
        "precisionDegrees": null,
        "origin": "shanghai-library",
        "sourceUrl": "https://data.library.sh.cn/entity/architecture/r6df32kde1wrme7s",
        "coordinateSourceTitle": "上海图书馆历史建筑开放数据",
        "sourceAddress": "祥德路66弄1号",
        "locationNote": "此为门址所在里弄、院落或建筑群参考点，未逐栋核定位置。 来源门址与官方写法有差异，原始门牌和对照理由均保留。",
        "wikipediaUrl": "https://zh.wikipedia.org/zh-hans/上海市优秀历史建筑",
        "wikidataId": null,
        "historicalGeometryVerified": false
      }
    },
    {
      "type": "Feature",
      "id": "sh-fgj-5F009-01-address-reference",
      "geometry": {
        "type": "Point",
        "coordinates": [
          121.476867,
          31.268156
        ]
      },
      "properties": {
        "officialId": "sh-fgj-5F009-01",
        "wikipediaId": "wiki-heritage-t12-r0012",
        "batch": 5,
        "officialCodeRaw": "5F009",
        "name": "住宅",
        "articleTitle": "黄渡路17弄3号 住宅",
        "address": "黄渡路17弄3号",
        "addressComparison": "exact",
        "coordinateScope": "building-complex-reference-point",
        "coordinateSystem": "WGS84",
        "precisionDegrees": null,
        "origin": "shanghai-library",
        "sourceUrl": "https://data.library.sh.cn/entity/architecture/5lsbmm44ei8pwdjb",
        "coordinateSourceTitle": "上海图书馆历史建筑开放数据",
        "sourceAddress": "黄渡路17弄3号",
        "locationNote": "此为门址所在里弄、院落或建筑群参考点，未逐栋核定位置。",
        "wikipediaUrl": "https://zh.wikipedia.org/zh-hans/上海市优秀历史建筑",
        "wikidataId": null,
        "historicalGeometryVerified": false
      }
    },
    {
      "type": "Feature",
      "id": "sh-fgj-5F010-01-address-reference",
      "geometry": {
        "type": "Point",
        "coordinates": [
          121.482093,
          31.254184
        ]
      },
      "properties": {
        "officialId": "sh-fgj-5F010-01",
        "wikipediaId": "wiki-heritage-t12-r0013",
        "batch": 5,
        "officialCodeRaw": "5F010",
        "name": "恩德堂教堂及宿舍",
        "articleTitle": "恩德堂教堂及宿舍",
        "address": "武进路225弄（3-11号）",
        "addressComparison": "different-as-listed",
        "coordinateScope": "building-complex-reference-point",
        "coordinateSystem": "WGS84",
        "precisionDegrees": null,
        "origin": "shanghai-library",
        "sourceUrl": "https://data.library.sh.cn/entity/architecture/jk0rmi4vtav3rcer",
        "coordinateSourceTitle": "上海图书馆历史建筑开放数据",
        "sourceAddress": "武进路225弄9、11号",
        "locationNote": "此为门址所在里弄、院落或建筑群参考点，未逐栋核定位置。 来源门址与官方写法有差异，原始门牌和对照理由均保留。",
        "wikipediaUrl": "https://zh.wikipedia.org/zh-hans/上海市优秀历史建筑",
        "wikidataId": null,
        "historicalGeometryVerified": false
      }
    },
    {
      "type": "Feature",
      "id": "sh-fgj-5F011-01-address-reference",
      "geometry": {
        "type": "Point",
        "coordinates": [
          121.481923,
          31.253722
        ]
      },
      "properties": {
        "officialId": "sh-fgj-5F011-01",
        "wikipediaId": "wiki-heritage-t12-r0014",
        "batch": 5,
        "officialCodeRaw": "5F011",
        "name": "日本教堂",
        "articleTitle": "日本教堂",
        "address": "乍浦路439号",
        "addressComparison": "exact",
        "coordinateScope": "address-reference-point",
        "coordinateSystem": "WGS84",
        "precisionDegrees": null,
        "origin": "shanghai-library",
        "sourceUrl": "https://data.library.sh.cn/entity/architecture/t6y56c3xoul0yvfu",
        "coordinateSourceTitle": "上海图书馆历史建筑开放数据",
        "sourceAddress": "乍浦路439号",
        "locationNote": "此为来源目录门牌参考点，未独立测绘或核定建筑轮廓。",
        "wikipediaUrl": "https://zh.wikipedia.org/zh-hans/上海市优秀历史建筑",
        "wikidataId": null,
        "historicalGeometryVerified": false
      }
    },
    {
      "type": "Feature",
      "id": "sh-fgj-5F012-01-address-reference",
      "geometry": {
        "type": "Point",
        "coordinates": [
          121.510768,
          31.253876
        ]
      },
      "properties": {
        "officialId": "sh-fgj-5F012-01",
        "wikipediaId": "wiki-heritage-t12-r0015",
        "batch": 5,
        "officialCodeRaw": "5F012",
        "name": "裕棠庚住宅",
        "articleTitle": "裕棠庚住宅",
        "address": "平凉路25号",
        "addressComparison": "exact",
        "coordinateScope": "address-reference-point",
        "coordinateSystem": "WGS84",
        "precisionDegrees": null,
        "origin": "shanghai-library",
        "sourceUrl": "https://data.library.sh.cn/entity/architecture/sgmpgwxfqapk5asz",
        "coordinateSourceTitle": "上海图书馆历史建筑开放数据",
        "sourceAddress": "平凉路25号",
        "locationNote": "此为来源目录门牌参考点，未独立测绘或核定建筑轮廓。",
        "wikipediaUrl": "https://zh.wikipedia.org/zh-hans/上海市优秀历史建筑",
        "wikidataId": null,
        "historicalGeometryVerified": false
      }
    },
    {
      "type": "Feature",
      "id": "sh-fgj-5F013-01-address-reference",
      "geometry": {
        "type": "Point",
        "coordinates": [
          121.504364,
          31.261786
        ]
      },
      "properties": {
        "officialId": "sh-fgj-5F013-01",
        "wikipediaId": "wiki-heritage-t12-r0016",
        "batch": 5,
        "officialCodeRaw": "5F013",
        "name": "住宅",
        "articleTitle": "保定路410-448号 住宅",
        "address": "保定路410-448号（双号）",
        "addressComparison": "different-as-listed",
        "coordinateScope": "building-complex-reference-point",
        "coordinateSystem": "WGS84",
        "precisionDegrees": null,
        "origin": "shanghai-library",
        "sourceUrl": "https://data.library.sh.cn/entity/architecture/dkceqkav38eahrh1",
        "coordinateSourceTitle": "上海图书馆历史建筑开放数据",
        "sourceAddress": "保定路410-448号",
        "locationNote": "此为门址所在里弄、院落或建筑群参考点，未逐栋核定位置。",
        "wikipediaUrl": "https://zh.wikipedia.org/zh-hans/上海市优秀历史建筑",
        "wikidataId": null,
        "historicalGeometryVerified": false
      }
    },
    {
      "type": "Feature",
      "id": "sh-fgj-5F014-01-address-reference",
      "geometry": {
        "type": "Point",
        "coordinates": [
          121.480573,
          31.264936
        ]
      },
      "properties": {
        "officialId": "sh-fgj-5F014-01",
        "wikipediaId": "wiki-heritage-t12-r0017",
        "batch": 5,
        "officialCodeRaw": "5F014",
        "name": "新沙逊洋行、东南日报",
        "articleTitle": "新沙逊洋行、东南日报",
        "address": "长春路307-365号,四川北路1938-1950号（双号）",
        "addressComparison": "different-as-listed",
        "coordinateScope": "building-complex-reference-point",
        "coordinateSystem": "WGS84",
        "precisionDegrees": null,
        "origin": "shanghai-library",
        "sourceUrl": "https://data.library.sh.cn/entity/architecture/ffddzzrj8iy006wu",
        "coordinateSourceTitle": "上海图书馆历史建筑开放数据",
        "sourceAddress": "长春路307-381号",
        "locationNote": "此为门址所在里弄、院落或建筑群参考点，未逐栋核定位置。 来源门址与官方写法有差异，原始门牌和对照理由均保留。",
        "wikipediaUrl": "https://zh.wikipedia.org/zh-hans/上海市优秀历史建筑",
        "wikidataId": null,
        "historicalGeometryVerified": false
      }
    },
    {
      "type": "Feature",
      "id": "sh-fgj-5F015-01-address-reference",
      "geometry": {
        "type": "Point",
        "coordinates": [
          121.480548,
          31.27124
        ]
      },
      "properties": {
        "officialId": "sh-fgj-5F015-01",
        "wikipediaId": "wiki-heritage-t12-r0018",
        "batch": 5,
        "officialCodeRaw": "5F015",
        "name": "积善里",
        "articleTitle": "积善里",
        "address": "山阴路340弄(1-31号)、320号、350号",
        "addressComparison": "different-as-listed",
        "coordinateScope": "building-complex-reference-point",
        "coordinateSystem": "WGS84",
        "precisionDegrees": null,
        "origin": "shanghai-library",
        "sourceUrl": "https://data.library.sh.cn/entity/architecture/61ojlboset3kecy7",
        "coordinateSourceTitle": "上海图书馆历史建筑开放数据",
        "sourceAddress": "山阴路340弄",
        "locationNote": "此为门址所在里弄、院落或建筑群参考点，未逐栋核定位置。 来源门址与官方写法有差异，原始门牌和对照理由均保留。",
        "wikipediaUrl": "https://zh.wikipedia.org/zh-hans/上海市优秀历史建筑",
        "wikidataId": null,
        "historicalGeometryVerified": false
      }
    },
    {
      "type": "Feature",
      "id": "sh-fgj-5F016-01-address-reference",
      "geometry": {
        "type": "Point",
        "coordinates": [
          121.480318,
          31.270268
        ]
      },
      "properties": {
        "officialId": "sh-fgj-5F016-01",
        "wikipediaId": "wiki-heritage-t12-r0019",
        "batch": 5,
        "officialCodeRaw": "5F016",
        "name": "住宅",
        "articleTitle": "山阴路274弄 住宅",
        "address": "山阴路274弄（1-11号）",
        "addressComparison": "different-as-listed",
        "coordinateScope": "building-complex-reference-point",
        "coordinateSystem": "WGS84",
        "precisionDegrees": null,
        "origin": "shanghai-library",
        "sourceUrl": "https://data.library.sh.cn/entity/architecture/t5r6nr1u04atjicg",
        "coordinateSourceTitle": "上海图书馆历史建筑开放数据",
        "sourceAddress": "山阴路274弄",
        "locationNote": "此为门址所在里弄、院落或建筑群参考点，未逐栋核定位置。 来源门址与官方写法有差异，原始门牌和对照理由均保留。",
        "wikipediaUrl": "https://zh.wikipedia.org/zh-hans/上海市优秀历史建筑",
        "wikidataId": null,
        "historicalGeometryVerified": false
      }
    },
    {
      "type": "Feature",
      "id": "sh-fgj-5F017-01-address-reference",
      "geometry": {
        "type": "Point",
        "coordinates": [
          121.479009,
          31.2659
        ]
      },
      "properties": {
        "officialId": "sh-fgj-5F017-01",
        "wikipediaId": "wiki-heritage-t12-r0020",
        "batch": 5,
        "officialCodeRaw": "5F017",
        "name": "丰乐里",
        "articleTitle": "丰乐里",
        "address": "四川北路1999弄（1-110号），四川北路2001-2021号（单号）",
        "addressComparison": "different-as-listed",
        "coordinateScope": "building-complex-reference-point",
        "coordinateSystem": "WGS84",
        "precisionDegrees": null,
        "origin": "shanghai-library",
        "sourceUrl": "https://data.library.sh.cn/entity/architecture/6n1ohdv3yplel7bx",
        "coordinateSourceTitle": "上海图书馆历史建筑开放数据",
        "sourceAddress": "四川北路1999弄",
        "locationNote": "此为门址所在里弄、院落或建筑群参考点，未逐栋核定位置。 来源门址与官方写法有差异，原始门牌和对照理由均保留。",
        "wikipediaUrl": "https://zh.wikipedia.org/zh-hans/上海市优秀历史建筑",
        "wikidataId": null,
        "historicalGeometryVerified": false
      }
    },
    {
      "type": "Feature",
      "id": "sh-fgj-5F018-01-address-reference",
      "geometry": {
        "type": "Point",
        "coordinates": [
          121.474145,
          31.274477
        ]
      },
      "properties": {
        "officialId": "sh-fgj-5F018-01",
        "wikipediaId": "wiki-heritage-t12-r0022",
        "batch": 5,
        "officialCodeRaw": "5F018",
        "name": "公园坊",
        "articleTitle": "公园坊",
        "address": "西江湾路476弄（1-35号）",
        "addressComparison": "different-as-listed",
        "coordinateScope": "building-complex-reference-point",
        "coordinateSystem": "WGS84",
        "precisionDegrees": null,
        "origin": "shanghai-library",
        "sourceUrl": "https://data.library.sh.cn/entity/architecture/5yekvjpeozgii16f",
        "coordinateSourceTitle": "上海图书馆历史建筑开放数据",
        "sourceAddress": "西江湾路476弄",
        "locationNote": "此为门址所在里弄、院落或建筑群参考点，未逐栋核定位置。 来源门址与官方写法有差异，原始门牌和对照理由均保留。",
        "wikipediaUrl": "https://zh.wikipedia.org/zh-hans/上海市优秀历史建筑",
        "wikidataId": null,
        "historicalGeometryVerified": false
      }
    },
    {
      "type": "Feature",
      "id": "sh-fgj-5F019-01-address-reference",
      "geometry": {
        "type": "Point",
        "coordinates": [
          121.481903,
          31.254052
        ]
      },
      "properties": {
        "officialId": "sh-fgj-5F019-01",
        "wikipediaId": "wiki-heritage-t12-r0023",
        "batch": 5,
        "officialCodeRaw": "5F019",
        "name": "恩德堂",
        "articleTitle": "恩德堂",
        "address": "乍浦路480、490号(双号)",
        "addressComparison": "different-as-listed",
        "coordinateScope": "building-complex-reference-point",
        "coordinateSystem": "WGS84",
        "precisionDegrees": null,
        "origin": "shanghai-library",
        "sourceUrl": "https://data.library.sh.cn/entity/architecture/agkfs5fyf3oql7rt",
        "coordinateSourceTitle": "上海图书馆历史建筑开放数据",
        "sourceAddress": "乍浦路480、490号",
        "locationNote": "此为门址所在里弄、院落或建筑群参考点，未逐栋核定位置。",
        "wikipediaUrl": "https://zh.wikipedia.org/zh-hans/上海市优秀历史建筑",
        "wikidataId": null,
        "historicalGeometryVerified": false
      }
    },
    {
      "type": "Feature",
      "id": "sh-fgj-5F020-01-address-reference",
      "geometry": {
        "type": "Point",
        "coordinates": [
          121.477054,
          31.26441
        ]
      },
      "properties": {
        "officialId": "sh-fgj-5F020-01",
        "wikipediaId": "wiki-heritage-t12-r0024",
        "batch": 5,
        "officialCodeRaw": "5F020",
        "name": "花园住宅",
        "articleTitle": "多伦路123号 老电影咖啡馆",
        "address": "多伦路123号",
        "addressComparison": "exact",
        "coordinateScope": "address-reference-point",
        "coordinateSystem": "WGS84",
        "precisionDegrees": null,
        "origin": "shanghai-library",
        "sourceUrl": "https://data.library.sh.cn/entity/architecture/hwr48siftxi6kh44",
        "coordinateSourceTitle": "上海图书馆历史建筑开放数据",
        "sourceAddress": "多伦路123号",
        "locationNote": "此为来源目录门牌参考点，未独立测绘或核定建筑轮廓。",
        "wikipediaUrl": "https://zh.wikipedia.org/wiki/%E8%80%81%E7%94%B5%E5%BD%B1%E5%92%96%E5%95%A1%E9%A6%86",
        "wikidataId": null,
        "historicalGeometryVerified": false
      }
    },
    {
      "type": "Feature",
      "id": "sh-fgj-5F021-01-address-reference",
      "geometry": {
        "type": "Point",
        "coordinates": [
          121.499577,
          31.260623
        ]
      },
      "properties": {
        "officialId": "sh-fgj-5F021-01",
        "wikipediaId": "wiki-heritage-t12-r0025",
        "batch": 5,
        "officialCodeRaw": "5F021",
        "name": "杭氏住宅",
        "articleTitle": "杭氏住宅",
        "address": "舟山路455号",
        "addressComparison": "exact",
        "coordinateScope": "address-reference-point",
        "coordinateSystem": "WGS84",
        "precisionDegrees": null,
        "origin": "shanghai-library",
        "sourceUrl": "https://data.library.sh.cn/entity/architecture/3qnk26ms5jrbve5y",
        "coordinateSourceTitle": "上海图书馆历史建筑开放数据",
        "sourceAddress": "舟山路455号",
        "locationNote": "此为来源目录门牌参考点，未独立测绘或核定建筑轮廓。",
        "wikipediaUrl": "https://zh.wikipedia.org/zh-hans/上海市优秀历史建筑",
        "wikidataId": null,
        "historicalGeometryVerified": false
      }
    },
    {
      "type": "Feature",
      "id": "sh-fgj-5F022-01-address-reference",
      "geometry": {
        "type": "Point",
        "coordinates": [
          121.488924,
          31.263693
        ]
      },
      "properties": {
        "officialId": "sh-fgj-5F022-01",
        "wikipediaId": "wiki-heritage-t12-r0026",
        "batch": 5,
        "officialCodeRaw": "5F022",
        "name": "海宁洋行旧址",
        "articleTitle": "海宁洋行旧址",
        "address": "香烟桥路13号",
        "addressComparison": "exact",
        "coordinateScope": "building-complex-reference-point",
        "coordinateSystem": "WGS84",
        "precisionDegrees": null,
        "origin": "shanghai-library",
        "sourceUrl": "https://data.library.sh.cn/entity/architecture/iicnrkmsb245vxve",
        "coordinateSourceTitle": "上海图书馆历史建筑开放数据",
        "sourceAddress": "香烟桥路13号",
        "locationNote": "此为门址所在里弄、院落或建筑群参考点，未逐栋核定位置。",
        "wikipediaUrl": "https://zh.wikipedia.org/wiki/%E4%B8%8A%E6%B5%B7%E7%9B%8A%E6%B0%91%E9%A3%9F%E5%93%81%E4%B8%80%E5%8E%82",
        "wikidataId": null,
        "historicalGeometryVerified": false
      }
    },
    {
      "type": "Feature",
      "id": "sh-fgj-5F023-01-address-reference",
      "geometry": {
        "type": "Point",
        "coordinates": [
          121.475873,
          31.275107
        ]
      },
      "properties": {
        "officialId": "sh-fgj-5F023-01",
        "wikipediaId": "wiki-heritage-t12-r0027",
        "batch": 5,
        "officialCodeRaw": "5F023",
        "name": "矽肺治疗所，上海第一建筑材料工业公司职工治疗所，上海市建材局职工治疗所",
        "articleTitle": "矽肺治疗所，上海第一建筑材料工业公司职工治疗所，上海市建材局职工治疗所",
        "address": "东体育会支路41号",
        "addressComparison": "exact",
        "coordinateScope": "address-reference-point",
        "coordinateSystem": "WGS84",
        "precisionDegrees": null,
        "origin": "shanghai-library",
        "sourceUrl": "https://data.library.sh.cn/entity/architecture/82f2x47dq2kmu6x3",
        "coordinateSourceTitle": "上海图书馆历史建筑开放数据",
        "sourceAddress": "东体育会支路41号",
        "locationNote": "此为来源目录门牌参考点，未独立测绘或核定建筑轮廓。",
        "wikipediaUrl": "https://zh.wikipedia.org/zh-hans/上海市优秀历史建筑",
        "wikidataId": null,
        "historicalGeometryVerified": false
      }
    },
    {
      "type": "Feature",
      "id": "sh-fgj-5F024-01-address-reference",
      "geometry": {
        "type": "Point",
        "coordinates": [
          121.499089,
          31.260375
        ]
      },
      "properties": {
        "officialId": "sh-fgj-5F024-01",
        "wikipediaId": "wiki-heritage-t12-r0028",
        "batch": 5,
        "officialCodeRaw": "5F024",
        "name": "三多里",
        "articleTitle": "三多里",
        "address": "周家嘴路786弄（31-65号）",
        "addressComparison": "different-as-listed",
        "coordinateScope": "building-complex-reference-point",
        "coordinateSystem": "WGS84",
        "precisionDegrees": null,
        "origin": "shanghai-library",
        "sourceUrl": "https://data.library.sh.cn/entity/architecture/wlp0z88q64rhhyum",
        "coordinateSourceTitle": "上海图书馆历史建筑开放数据",
        "sourceAddress": "周家嘴路786弄",
        "locationNote": "此为门址所在里弄、院落或建筑群参考点，未逐栋核定位置。 来源门址与官方写法有差异，原始门牌和对照理由均保留。",
        "wikipediaUrl": "https://zh.wikipedia.org/zh-hans/上海市优秀历史建筑",
        "wikidataId": null,
        "historicalGeometryVerified": false
      }
    },
    {
      "type": "Feature",
      "id": "sh-fgj-5F025-01-address-reference",
      "geometry": {
        "type": "Point",
        "coordinates": [
          121.47631,
          31.270825
        ]
      },
      "properties": {
        "officialId": "sh-fgj-5F025-01",
        "wikipediaId": "wiki-heritage-t12-r0029",
        "batch": 5,
        "officialCodeRaw": "5F025",
        "name": "住宅",
        "articleTitle": "四川北路2305号，2325号，2345号 住宅",
        "address": "四川北路2299弄（1-3号）、2319弄（1-3号）、2339弄（1-3号）、2305-2345号（单号）",
        "addressComparison": "different-as-listed",
        "coordinateScope": "building-complex-reference-point",
        "coordinateSystem": "WGS84",
        "precisionDegrees": null,
        "origin": "shanghai-library",
        "sourceUrl": "https://data.library.sh.cn/entity/architecture/p8pygzp7ww7ebk8a",
        "coordinateSourceTitle": "上海图书馆历史建筑开放数据",
        "sourceAddress": "四川北路2305号，2325号，2345号",
        "locationNote": "此为门址所在里弄、院落或建筑群参考点，未逐栋核定位置。 来源门址与官方写法有差异，原始门牌和对照理由均保留。",
        "wikipediaUrl": "https://zh.wikipedia.org/zh-hans/上海市优秀历史建筑",
        "wikidataId": null,
        "historicalGeometryVerified": false
      }
    },
    {
      "type": "Feature",
      "id": "sh-fgj-5F026-01-address-reference",
      "geometry": {
        "type": "Point",
        "coordinates": [
          121.478312,
          31.275827
        ]
      },
      "properties": {
        "officialId": "sh-fgj-5F026-01",
        "wikipediaId": "wiki-heritage-t12-r0030",
        "batch": 5,
        "officialCodeRaw": "5F026",
        "name": "住宅",
        "articleTitle": "东体育会路119弄老3号 住宅",
        "address": "东体育会路119弄（老3号）",
        "addressComparison": "formatting-only",
        "coordinateScope": "building-complex-reference-point",
        "coordinateSystem": "WGS84",
        "precisionDegrees": null,
        "origin": "shanghai-library",
        "sourceUrl": "https://data.library.sh.cn/entity/architecture/dze6e2p8thl8qg8b",
        "coordinateSourceTitle": "上海图书馆历史建筑开放数据",
        "sourceAddress": "东体育会路119弄老3号",
        "locationNote": "此为门址所在里弄、院落或建筑群参考点，未逐栋核定位置。 来源门址与官方写法有差异，原始门牌和对照理由均保留。",
        "wikipediaUrl": "https://zh.wikipedia.org/zh-hans/上海市优秀历史建筑",
        "wikidataId": null,
        "historicalGeometryVerified": false
      }
    },
    {
      "type": "Feature",
      "id": "sh-fgj-5F027-01-address-reference",
      "geometry": {
        "type": "Point",
        "coordinates": [
          121.477293,
          31.263978
        ]
      },
      "properties": {
        "officialId": "sh-fgj-5F027-01",
        "wikipediaId": "wiki-heritage-t12-r0031",
        "batch": 5,
        "officialCodeRaw": "5F027",
        "name": "赵植初住宅/王造时旧居",
        "articleTitle": "赵植初住宅/王造时旧居",
        "address": "多伦路93号",
        "addressComparison": "exact",
        "coordinateScope": "address-reference-point",
        "coordinateSystem": "WGS84",
        "precisionDegrees": null,
        "origin": "shanghai-library",
        "sourceUrl": "https://data.library.sh.cn/entity/architecture/32zn5d6bp6sx31bj",
        "coordinateSourceTitle": "上海图书馆历史建筑开放数据",
        "sourceAddress": "多伦路93号",
        "locationNote": "此为来源目录门牌参考点，未独立测绘或核定建筑轮廓。",
        "wikipediaUrl": "https://zh.wikipedia.org/zh-hans/上海市优秀历史建筑",
        "wikidataId": null,
        "historicalGeometryVerified": false
      }
    },
    {
      "type": "Feature",
      "id": "sh-fgj-5F028-01-address-reference",
      "geometry": {
        "type": "Point",
        "coordinates": [
          121.480446,
          31.26876
        ]
      },
      "properties": {
        "officialId": "sh-fgj-5F028-01",
        "wikipediaId": "wiki-heritage-t12-r0032",
        "batch": 5,
        "officialCodeRaw": "5F028",
        "name": "花园住宅",
        "articleTitle": "山阴路181号 虹口区第三中心幼儿园",
        "address": "山阴路181号",
        "addressComparison": "exact",
        "coordinateScope": "address-reference-point",
        "coordinateSystem": "WGS84",
        "precisionDegrees": null,
        "origin": "shanghai-library",
        "sourceUrl": "https://data.library.sh.cn/entity/architecture/xgbpt5rf3ijwmyvn",
        "coordinateSourceTitle": "上海图书馆历史建筑开放数据",
        "sourceAddress": "山阴路181号",
        "locationNote": "此为来源目录门牌参考点，未独立测绘或核定建筑轮廓。",
        "wikipediaUrl": "https://zh.wikipedia.org/zh-hans/上海市优秀历史建筑",
        "wikidataId": null,
        "historicalGeometryVerified": false
      }
    },
    {
      "type": "Feature",
      "id": "sh-fgj-5F029-01-address-reference",
      "geometry": {
        "type": "Point",
        "coordinates": [
          121.477073,
          31.258669
        ]
      },
      "properties": {
        "officialId": "sh-fgj-5F029-01",
        "wikipediaId": "wiki-heritage-t12-r0033",
        "batch": 5,
        "officialCodeRaw": "5F029",
        "name": "广东浸信会，崇德小学",
        "articleTitle": "广东浸信会，崇德小学",
        "address": "川公路109号、新乡路66号",
        "addressComparison": "different-as-listed",
        "coordinateScope": "building-complex-reference-point",
        "coordinateSystem": "WGS84",
        "precisionDegrees": null,
        "origin": "shanghai-library",
        "sourceUrl": "https://data.library.sh.cn/entity/architecture/of6qsdwkvi1n7px2",
        "coordinateSourceTitle": "上海图书馆历史建筑开放数据",
        "sourceAddress": "川公路109号",
        "locationNote": "此为门址所在里弄、院落或建筑群参考点，未逐栋核定位置。 来源门址与官方写法有差异，原始门牌和对照理由均保留。",
        "wikipediaUrl": "https://zh.wikipedia.org/wiki/%E5%B9%BF%E4%B8%9C%E6%B5%B8%E4%BF%A1%E4%BC%9A%E5%A0%82",
        "wikidataId": null,
        "historicalGeometryVerified": false
      }
    },
    {
      "type": "Feature",
      "id": "sh-fgj-5F031-01-address-reference",
      "geometry": {
        "type": "Point",
        "coordinates": [
          121.486772,
          31.246816
        ]
      },
      "properties": {
        "officialId": "sh-fgj-5F031-01",
        "wikipediaId": "wiki-heritage-t12-r0035",
        "batch": 5,
        "officialCodeRaw": "5F031",
        "name": "金山大楼",
        "articleTitle": "金山大楼",
        "address": "金山路43-61号（单号）、大名路60-86（双号）",
        "addressComparison": "different-as-listed",
        "coordinateScope": "building-complex-reference-point",
        "coordinateSystem": "WGS84",
        "precisionDegrees": null,
        "origin": "shanghai-library",
        "sourceUrl": "https://data.library.sh.cn/entity/architecture/5ijt4b6lq8105hsf",
        "coordinateSourceTitle": "上海图书馆历史建筑开放数据",
        "sourceAddress": "大名路60号（金山路43号）",
        "locationNote": "此为门址所在里弄、院落或建筑群参考点，未逐栋核定位置。 来源门址与官方写法有差异，原始门牌和对照理由均保留。",
        "wikipediaUrl": "https://zh.wikipedia.org/zh-hans/上海市优秀历史建筑",
        "wikidataId": null,
        "historicalGeometryVerified": false
      }
    },
    {
      "type": "Feature",
      "id": "sh-fgj-5F033-01-address-reference",
      "geometry": {
        "type": "Point",
        "coordinates": [
          121.487664,
          31.249022
        ]
      },
      "properties": {
        "officialId": "sh-fgj-5F033-01",
        "wikipediaId": "wiki-heritage-t12-r0037",
        "batch": 5,
        "officialCodeRaw": "5F033",
        "name": "公寓",
        "articleTitle": "长治路135号 住宅",
        "address": "长治路119-135 号（单号）、闵行路172号",
        "addressComparison": "different-as-listed",
        "coordinateScope": "building-complex-reference-point",
        "coordinateSystem": "WGS84",
        "precisionDegrees": null,
        "origin": "shanghai-library",
        "sourceUrl": "https://data.library.sh.cn/entity/architecture/1qkciikjl57645wp",
        "coordinateSourceTitle": "上海图书馆历史建筑开放数据",
        "sourceAddress": "长治路135号",
        "locationNote": "此为门址所在里弄、院落或建筑群参考点，未逐栋核定位置。 来源门址与官方写法有差异，原始门牌和对照理由均保留。",
        "wikipediaUrl": "https://zh.wikipedia.org/zh-hans/上海市优秀历史建筑",
        "wikidataId": null,
        "historicalGeometryVerified": false
      }
    },
    {
      "type": "Feature",
      "id": "sh-fgj-5F034-01-address-reference",
      "geometry": {
        "type": "Point",
        "coordinates": [
          121.48788,
          31.249416
        ]
      },
      "properties": {
        "officialId": "sh-fgj-5F034-01",
        "wikipediaId": "wiki-heritage-t12-r0038",
        "batch": 5,
        "officialCodeRaw": "5F034",
        "name": "同仁医院",
        "articleTitle": "同仁医院",
        "address": "长治路155-159 号（单号）、南浔路193号",
        "addressComparison": "different-as-listed",
        "coordinateScope": "building-complex-reference-point",
        "coordinateSystem": "WGS84",
        "precisionDegrees": null,
        "origin": "shanghai-library",
        "sourceUrl": "https://data.library.sh.cn/entity/architecture/f5qh8ous8ujsvmnu",
        "coordinateSourceTitle": "上海图书馆历史建筑开放数据",
        "sourceAddress": "长治路159号",
        "locationNote": "此为门址所在里弄、院落或建筑群参考点，未逐栋核定位置。 来源门址与官方写法有差异，原始门牌和对照理由均保留。",
        "wikipediaUrl": "https://zh.wikipedia.org/zh-hans/上海市优秀历史建筑",
        "wikidataId": null,
        "historicalGeometryVerified": false
      }
    },
    {
      "type": "Feature",
      "id": "sh-fgj-5F035-01-address-reference",
      "geometry": {
        "type": "Point",
        "coordinates": [
          121.503326,
          31.260152
        ]
      },
      "properties": {
        "officialId": "sh-fgj-5F035-01",
        "wikipediaId": "wiki-heritage-t12-r0039",
        "batch": 5,
        "officialCodeRaw": "5F035",
        "name": "住宅",
        "articleTitle": "唐山路753号 住宅",
        "address": "唐山路753号",
        "addressComparison": "exact",
        "coordinateScope": "address-reference-point",
        "coordinateSystem": "WGS84",
        "precisionDegrees": null,
        "origin": "shanghai-library",
        "sourceUrl": "https://data.library.sh.cn/entity/architecture/qrk3q0nq05mzta8e",
        "coordinateSourceTitle": "上海图书馆历史建筑开放数据",
        "sourceAddress": "唐山路753号",
        "locationNote": "此为来源目录门牌参考点，未独立测绘或核定建筑轮廓。",
        "wikipediaUrl": "https://zh.wikipedia.org/zh-hans/上海市优秀历史建筑",
        "wikidataId": null,
        "historicalGeometryVerified": false
      }
    },
    {
      "type": "Feature",
      "id": "sh-fgj-5F036-01-address-reference",
      "geometry": {
        "type": "Point",
        "coordinates": [
          121.488836,
          31.249075
        ]
      },
      "properties": {
        "officialId": "sh-fgj-5F036-01",
        "wikipediaId": "wiki-heritage-t12-r0040",
        "batch": 5,
        "officialCodeRaw": "5F036",
        "name": "住宅",
        "articleTitle": "塘沽路73弄12号 住宅",
        "address": "塘沽路73 弄（8-22 号），南浔路140号",
        "addressComparison": "different-as-listed",
        "coordinateScope": "building-complex-reference-point",
        "coordinateSystem": "WGS84",
        "precisionDegrees": null,
        "origin": "shanghai-library",
        "sourceUrl": "https://data.library.sh.cn/entity/architecture/wudo1i0okgyuaujo",
        "coordinateSourceTitle": "上海图书馆历史建筑开放数据",
        "sourceAddress": "塘沽路73弄12号",
        "locationNote": "此为门址所在里弄、院落或建筑群参考点，未逐栋核定位置。 来源门址与官方写法有差异，原始门牌和对照理由均保留。",
        "wikipediaUrl": "https://zh.wikipedia.org/zh-hans/上海市优秀历史建筑",
        "wikidataId": null,
        "historicalGeometryVerified": false
      }
    },
    {
      "type": "Feature",
      "id": "sh-fgj-5F037-01-address-reference",
      "geometry": {
        "type": "Point",
        "coordinates": [
          121.500605,
          31.259968
        ]
      },
      "properties": {
        "officialId": "sh-fgj-5F037-01",
        "wikipediaId": "wiki-heritage-t12-r0041",
        "batch": 5,
        "officialCodeRaw": "5F037",
        "name": "住宅",
        "articleTitle": "舟山路394号 住宅",
        "address": "舟山路394号",
        "addressComparison": "exact",
        "coordinateScope": "address-reference-point",
        "coordinateSystem": "WGS84",
        "precisionDegrees": null,
        "origin": "shanghai-library",
        "sourceUrl": "https://data.library.sh.cn/entity/architecture/mi3x2f02dq2cglvk",
        "coordinateSourceTitle": "上海图书馆历史建筑开放数据",
        "sourceAddress": "舟山路394号",
        "locationNote": "此为来源目录门牌参考点，未独立测绘或核定建筑轮廓。",
        "wikipediaUrl": "https://zh.wikipedia.org/zh-hans/上海市优秀历史建筑",
        "wikidataId": null,
        "historicalGeometryVerified": false
      }
    },
    {
      "type": "Feature",
      "id": "sh-fgj-5F038-01-address-reference",
      "geometry": {
        "type": "Point",
        "coordinates": [
          121.480111,
          31.252181
        ]
      },
      "properties": {
        "officialId": "sh-fgj-5F038-01",
        "wikipediaId": "wiki-heritage-t12-r0042",
        "batch": 5,
        "officialCodeRaw": "5F038",
        "name": "商铺及住宅（隶属公益坊）",
        "articleTitle": "商铺及住宅（隶属公益坊）",
        "address": "四川北路975-987号（单号），四川北路1297-1311 号（单号）",
        "addressComparison": "different-as-listed",
        "coordinateScope": "building-complex-reference-point",
        "coordinateSystem": "WGS84",
        "precisionDegrees": null,
        "origin": "shanghai-library",
        "sourceUrl": "https://data.library.sh.cn/entity/architecture/fohdm4n5blpipvm6",
        "coordinateSourceTitle": "上海图书馆历史建筑开放数据",
        "sourceAddress": "四川北路975-987号,1297-1311号",
        "locationNote": "此为门址所在里弄、院落或建筑群参考点，未逐栋核定位置。 来源门址与官方写法有差异，原始门牌和对照理由均保留。",
        "wikipediaUrl": "https://zh.wikipedia.org/zh-hans/上海市优秀历史建筑",
        "wikidataId": null,
        "historicalGeometryVerified": false
      }
    },
    {
      "type": "Feature",
      "id": "sh-fgj-5F038-02-address-reference",
      "geometry": {
        "type": "Point",
        "coordinates": [
          121.497853,
          31.253197
        ]
      },
      "properties": {
        "officialId": "sh-fgj-5F038-02",
        "wikipediaId": "wiki-heritage-t12-r0043",
        "batch": 5,
        "officialCodeRaw": "5F038",
        "name": "住宅",
        "articleTitle": "高阳路165-167号 住宅",
        "address": "高阳路165-167号（单号）",
        "addressComparison": "different-as-listed",
        "coordinateScope": "building-complex-reference-point",
        "coordinateSystem": "WGS84",
        "precisionDegrees": null,
        "origin": "shanghai-library",
        "sourceUrl": "https://data.library.sh.cn/entity/architecture/h6syyz5cazfkys82",
        "coordinateSourceTitle": "上海图书馆历史建筑开放数据",
        "sourceAddress": "高阳路165-167号",
        "locationNote": "此为门址所在里弄、院落或建筑群参考点，未逐栋核定位置。",
        "wikipediaUrl": "https://zh.wikipedia.org/zh-hans/上海市优秀历史建筑",
        "wikidataId": null,
        "historicalGeometryVerified": false
      }
    },
    {
      "type": "Feature",
      "id": "sh-fgj-5F040-01-address-reference",
      "geometry": {
        "type": "Point",
        "coordinates": [
          121.478927,
          31.252965
        ]
      },
      "properties": {
        "officialId": "sh-fgj-5F040-01",
        "wikipediaId": "wiki-heritage-t12-r0044",
        "batch": 5,
        "officialCodeRaw": "5F040",
        "name": "皇家旅馆（Royal Hotel）",
        "articleTitle": "皇家旅馆（Royal Hotel）",
        "address": "武进路393弄（14号）、武进路409号",
        "addressComparison": "different-as-listed",
        "coordinateScope": "building-complex-reference-point",
        "coordinateSystem": "WGS84",
        "precisionDegrees": null,
        "origin": "shanghai-library",
        "sourceUrl": "https://data.library.sh.cn/entity/architecture/g6t4bgtss5agcqzv",
        "coordinateSourceTitle": "上海图书馆历史建筑开放数据",
        "sourceAddress": "武进路393弄11-14号",
        "locationNote": "此为门址所在里弄、院落或建筑群参考点，未逐栋核定位置。 来源门址与官方写法有差异，原始门牌和对照理由均保留。",
        "wikipediaUrl": "https://zh.wikipedia.org/zh-hans/上海市优秀历史建筑",
        "wikidataId": null,
        "historicalGeometryVerified": false
      }
    },
    {
      "type": "Feature",
      "id": "sh-fgj-5G001-01-address-reference",
      "geometry": {
        "type": "Point",
        "coordinates": [
          121.521779,
          31.255904
        ]
      },
      "properties": {
        "officialId": "sh-fgj-5G001-01",
        "wikipediaId": "wiki-heritage-t13-r0002",
        "batch": 5,
        "officialCodeRaw": "5G001",
        "name": "住宅",
        "articleTitle": "龙江路2号 住宅",
        "address": "龙江路2号",
        "addressComparison": "exact",
        "coordinateScope": "address-reference-point",
        "coordinateSystem": "WGS84",
        "precisionDegrees": null,
        "origin": "shanghai-library",
        "sourceUrl": "https://data.library.sh.cn/entity/architecture/dbpfu6dl64705g0e",
        "coordinateSourceTitle": "上海图书馆历史建筑开放数据",
        "sourceAddress": "龙江路2号",
        "locationNote": "此为来源目录门牌参考点，未独立测绘或核定建筑轮廓。",
        "wikipediaUrl": "https://zh.wikipedia.org/zh-hans/上海市优秀历史建筑",
        "wikidataId": null,
        "historicalGeometryVerified": false
      }
    },
    {
      "type": "Feature",
      "id": "sh-fgj-5G002-01-address-reference",
      "geometry": {
        "type": "Point",
        "coordinates": [
          121.541877,
          31.273443
        ]
      },
      "properties": {
        "officialId": "sh-fgj-5G002-01",
        "wikipediaId": "wiki-heritage-t13-r0003",
        "batch": 5,
        "officialCodeRaw": "5G002",
        "name": "公共租界杨树浦路巡捕房营房旧址 （格兰路巡捕房）",
        "articleTitle": "公共租界杨树浦路巡捕房营房旧址 （格兰路巡捕房）",
        "address": "隆昌路362号",
        "addressComparison": "exact",
        "coordinateScope": "address-reference-point",
        "coordinateSystem": "WGS84",
        "precisionDegrees": null,
        "origin": "shanghai-library",
        "sourceUrl": "https://data.library.sh.cn/entity/architecture/fg1dhn2fuo23nocp",
        "coordinateSourceTitle": "上海图书馆历史建筑开放数据",
        "sourceAddress": "隆昌路362号",
        "locationNote": "此为来源目录门牌参考点，未独立测绘或核定建筑轮廓。",
        "wikipediaUrl": "https://zh.wikipedia.org/wiki/%E9%9A%86%E6%98%8C%E5%85%AC%E5%AF%93",
        "wikidataId": null,
        "historicalGeometryVerified": false
      }
    },
    {
      "type": "Feature",
      "id": "sh-fgj-5G003-01-address-reference",
      "geometry": {
        "type": "Point",
        "coordinates": [
          121.515042,
          31.263362
        ]
      },
      "properties": {
        "officialId": "sh-fgj-5G003-01",
        "wikipediaId": "wiki-heritage-t13-r0004",
        "batch": 5,
        "officialCodeRaw": "5G003",
        "name": "住宅",
        "articleTitle": "吉林路5号 住宅",
        "address": "吉林路5号",
        "addressComparison": "exact",
        "coordinateScope": "address-reference-point",
        "coordinateSystem": "WGS84",
        "precisionDegrees": null,
        "origin": "shanghai-library",
        "sourceUrl": "https://data.library.sh.cn/entity/architecture/ighhmsj2oot47qhf",
        "coordinateSourceTitle": "上海图书馆历史建筑开放数据",
        "sourceAddress": "吉林路5号",
        "locationNote": "此为来源目录门牌参考点，未独立测绘或核定建筑轮廓。",
        "wikipediaUrl": "https://zh.wikipedia.org/zh-hans/上海市优秀历史建筑",
        "wikidataId": null,
        "historicalGeometryVerified": false
      }
    },
    {
      "type": "Feature",
      "id": "sh-fgj-5G004-01-address-reference",
      "geometry": {
        "type": "Point",
        "coordinates": [
          121.514582,
          31.255754
        ]
      },
      "properties": {
        "officialId": "sh-fgj-5G004-01",
        "wikipediaId": "wiki-heritage-t13-r0005",
        "batch": 5,
        "officialCodeRaw": "5G004",
        "name": "住宅",
        "articleTitle": "平凉路250号 动迁工作组办公用房",
        "address": "平凉路250号",
        "addressComparison": "exact",
        "coordinateScope": "address-reference-point",
        "coordinateSystem": "WGS84",
        "precisionDegrees": null,
        "origin": "shanghai-library",
        "sourceUrl": "https://data.library.sh.cn/entity/architecture/svozn0hff51my4nk",
        "coordinateSourceTitle": "上海图书馆历史建筑开放数据",
        "sourceAddress": "平凉路250号",
        "locationNote": "此为来源目录门牌参考点，未独立测绘或核定建筑轮廓。",
        "wikipediaUrl": "https://zh.wikipedia.org/zh-hans/上海市优秀历史建筑",
        "wikidataId": null,
        "historicalGeometryVerified": false
      }
    },
    {
      "type": "Feature",
      "id": "sh-fgj-5G005-01-address-reference",
      "geometry": {
        "type": "Point",
        "coordinates": [
          121.514051,
          31.259664
        ]
      },
      "properties": {
        "officialId": "sh-fgj-5G005-01",
        "wikipediaId": "wiki-heritage-t13-r0006",
        "batch": 5,
        "officialCodeRaw": "5G005",
        "name": "聂家花园",
        "articleTitle": "聂家花园",
        "address": "辽阳路51弄",
        "addressComparison": "exact",
        "coordinateScope": "building-complex-reference-point",
        "coordinateSystem": "WGS84",
        "precisionDegrees": null,
        "origin": "shanghai-library",
        "sourceUrl": "https://data.library.sh.cn/entity/architecture/6z31048mtfl4cvhg",
        "coordinateSourceTitle": "上海图书馆历史建筑开放数据",
        "sourceAddress": "辽阳路51弄",
        "locationNote": "此为门址所在里弄、院落或建筑群参考点，未逐栋核定位置。",
        "wikipediaUrl": "https://zh.wikipedia.org/zh-hans/上海市优秀历史建筑",
        "wikidataId": null,
        "historicalGeometryVerified": false
      }
    },
    {
      "type": "Feature",
      "id": "sh-fgj-5G006-01-address-reference",
      "geometry": {
        "type": "Point",
        "coordinates": [
          121.519711,
          31.254626
        ]
      },
      "properties": {
        "officialId": "sh-fgj-5G006-01",
        "wikipediaId": "wiki-heritage-t13-r0007",
        "batch": 5,
        "officialCodeRaw": "5G006",
        "name": "住宅",
        "articleTitle": "杨树浦路713号 平凉路派出所",
        "address": "杨树浦路713号",
        "addressComparison": "exact",
        "coordinateScope": "address-reference-point",
        "coordinateSystem": "WGS84",
        "precisionDegrees": null,
        "origin": "shanghai-library",
        "sourceUrl": "https://data.library.sh.cn/entity/architecture/z1qt13jftpapyhw1",
        "coordinateSourceTitle": "上海图书馆历史建筑开放数据",
        "sourceAddress": "杨树浦路713号",
        "locationNote": "此为来源目录门牌参考点，未独立测绘或核定建筑轮廓。",
        "wikipediaUrl": "https://zh.wikipedia.org/zh-hans/上海市优秀历史建筑",
        "wikidataId": null,
        "historicalGeometryVerified": false
      }
    },
    {
      "type": "Feature",
      "id": "sh-fgj-5G007-01-address-reference",
      "geometry": {
        "type": "Point",
        "coordinates": [
          121.521784,
          31.261626
        ]
      },
      "properties": {
        "officialId": "sh-fgj-5G007-01",
        "wikipediaId": "wiki-heritage-t13-r0008",
        "batch": 5,
        "officialCodeRaw": "5G007",
        "name": "公共租界榆林路巡捕（1925-1943）旧址",
        "articleTitle": "公共租界榆林路巡捕（1925-1943）旧址",
        "address": "江浦路549号",
        "addressComparison": "exact",
        "coordinateScope": "address-reference-point",
        "coordinateSystem": "WGS84",
        "precisionDegrees": null,
        "origin": "shanghai-library",
        "sourceUrl": "https://data.library.sh.cn/entity/architecture/7tbx18iy6t1ph5ox",
        "coordinateSourceTitle": "上海图书馆历史建筑开放数据",
        "sourceAddress": "江浦路549号",
        "locationNote": "此为来源目录门牌参考点，未独立测绘或核定建筑轮廓。",
        "wikipediaUrl": "https://zh.wikipedia.org/zh-hans/上海市优秀历史建筑",
        "wikidataId": null,
        "historicalGeometryVerified": false
      }
    },
    {
      "type": "Feature",
      "id": "sh-fgj-5G008-01-address-reference",
      "geometry": {
        "type": "Point",
        "coordinates": [
          121.520179,
          31.259694
        ]
      },
      "properties": {
        "officialId": "sh-fgj-5G008-01",
        "wikipediaId": "wiki-heritage-t13-r0009",
        "batch": 5,
        "officialCodeRaw": "5G008",
        "name": "住宅",
        "articleTitle": "平凉路629号 住宅",
        "address": "平凉路629号",
        "addressComparison": "exact",
        "coordinateScope": "address-reference-point",
        "coordinateSystem": "WGS84",
        "precisionDegrees": null,
        "origin": "shanghai-library",
        "sourceUrl": "https://data.library.sh.cn/entity/architecture/nznvmf177amey78i",
        "coordinateSourceTitle": "上海图书馆历史建筑开放数据",
        "sourceAddress": "平凉路629号",
        "locationNote": "此为来源目录门牌参考点，未独立测绘或核定建筑轮廓。",
        "wikipediaUrl": "https://zh.wikipedia.org/zh-hans/上海市优秀历史建筑",
        "wikidataId": null,
        "historicalGeometryVerified": false
      }
    },
    {
      "type": "Feature",
      "id": "sh-fgj-5G009-01-address-reference",
      "geometry": {
        "type": "Point",
        "coordinates": [
          121.512861,
          31.258455
        ]
      },
      "properties": {
        "officialId": "sh-fgj-5G009-01",
        "wikipediaId": "wiki-heritage-t13-r0010",
        "batch": 5,
        "officialCodeRaw": "5G009",
        "name": "聂中丞华童公学/缉槼中学教学楼",
        "articleTitle": "聂中丞华童公学/缉槼中学教学楼",
        "address": "荆州路42号",
        "addressComparison": "exact",
        "coordinateScope": "building-complex-reference-point",
        "coordinateSystem": "WGS84",
        "precisionDegrees": null,
        "origin": "shanghai-library",
        "sourceUrl": "https://data.library.sh.cn/entity/architecture/qeuryl7q4ybhk2ve",
        "coordinateSourceTitle": "上海图书馆历史建筑开放数据",
        "sourceAddress": "荆州路42号",
        "locationNote": "此为门址所在里弄、院落或建筑群参考点，未逐栋核定位置。",
        "wikipediaUrl": "https://zh.wikipedia.org/wiki/%E4%B8%8A%E6%B5%B7%E5%B8%82%E5%B8%82%E4%B8%9C%E4%B8%AD%E5%AD%A6",
        "wikidataId": null,
        "historicalGeometryVerified": false
      }
    },
    {
      "type": "Feature",
      "id": "sh-fgj-5G010-01-address-reference",
      "geometry": {
        "type": "Point",
        "coordinates": [
          121.530944,
          31.256282
        ]
      },
      "properties": {
        "officialId": "sh-fgj-5G010-01",
        "wikipediaId": "wiki-heritage-t13-r0011",
        "batch": 5,
        "officialCodeRaw": "5G010",
        "name": "公共租界杨树浦救火会旧址",
        "articleTitle": "公共租界杨树浦救火会旧址",
        "address": "杨树浦路1307号",
        "addressComparison": "exact",
        "coordinateScope": "address-reference-point",
        "coordinateSystem": "WGS84",
        "precisionDegrees": null,
        "origin": "shanghai-library",
        "sourceUrl": "https://data.library.sh.cn/entity/architecture/krt5psc164o4ai3g",
        "coordinateSourceTitle": "上海图书馆历史建筑开放数据",
        "sourceAddress": "杨树浦路1307号",
        "locationNote": "此为来源目录门牌参考点，未独立测绘或核定建筑轮廓。",
        "wikipediaUrl": "https://zh.wikipedia.org/zh-hans/上海市优秀历史建筑",
        "wikidataId": null,
        "historicalGeometryVerified": false
      }
    },
    {
      "type": "Feature",
      "id": "sh-fgj-5G011-01-address-reference",
      "geometry": {
        "type": "Point",
        "coordinates": [
          121.542409,
          31.272914
        ]
      },
      "properties": {
        "officialId": "sh-fgj-5G011-01",
        "wikipediaId": "wiki-heritage-t13-r0012",
        "batch": 5,
        "officialCodeRaw": "5G011",
        "name": "公共租界杨树浦路巡捕房（格兰路巡捕 房）旧址",
        "articleTitle": "公共租界杨树浦路巡捕房（格兰路巡捕 房）旧址",
        "address": "平凉路2049号",
        "addressComparison": "exact",
        "coordinateScope": "address-reference-point",
        "coordinateSystem": "WGS84",
        "precisionDegrees": null,
        "origin": "shanghai-library",
        "sourceUrl": "https://data.library.sh.cn/entity/architecture/2vudz2xzu456nfv0",
        "coordinateSourceTitle": "上海图书馆历史建筑开放数据",
        "sourceAddress": "平凉路2049号",
        "locationNote": "此为来源目录门牌参考点，未独立测绘或核定建筑轮廓。",
        "wikipediaUrl": "https://zh.wikipedia.org/zh-hans/上海市优秀历史建筑",
        "wikidataId": null,
        "historicalGeometryVerified": false
      }
    },
    {
      "type": "Feature",
      "id": "sh-fgj-5G012-01-address-reference",
      "geometry": {
        "type": "Point",
        "coordinates": [
          121.541326,
          31.264929
        ]
      },
      "properties": {
        "officialId": "sh-fgj-5G012-01",
        "wikipediaId": "wiki-heritage-t13-r0013",
        "batch": 5,
        "officialCodeRaw": "5G012",
        "name": "日商上海纺织株式会社旧址",
        "articleTitle": "日商上海纺织株式会社旧址",
        "address": "杨树浦路2086号",
        "addressComparison": "exact",
        "coordinateScope": "address-reference-point",
        "coordinateSystem": "WGS84",
        "precisionDegrees": null,
        "origin": "shanghai-library",
        "sourceUrl": "https://data.library.sh.cn/entity/architecture/k4pc856bmcdcnh7t",
        "coordinateSourceTitle": "上海图书馆历史建筑开放数据",
        "sourceAddress": "杨树浦路2086号",
        "locationNote": "此为来源目录门牌参考点，未独立测绘或核定建筑轮廓。",
        "wikipediaUrl": "https://zh.wikipedia.org/zh-hans/上海市优秀历史建筑",
        "wikidataId": null,
        "historicalGeometryVerified": false
      }
    },
    {
      "type": "Feature",
      "id": "sh-fgj-5G013-01-address-reference",
      "geometry": {
        "type": "Point",
        "coordinates": [
          121.518572,
          31.254272
        ]
      },
      "properties": {
        "officialId": "sh-fgj-5G013-01",
        "wikipediaId": "wiki-heritage-t13-r0014",
        "batch": 5,
        "officialCodeRaw": "5G013",
        "name": "瑞瑢船厂旧址",
        "articleTitle": "瑞瑢船厂旧址",
        "address": "杨树浦路640号",
        "addressComparison": "exact",
        "coordinateScope": "building-complex-reference-point",
        "coordinateSystem": "WGS84",
        "precisionDegrees": null,
        "origin": "shanghai-library",
        "sourceUrl": "https://data.library.sh.cn/entity/architecture/sy5lp5ux1nm5mg11",
        "coordinateSourceTitle": "上海图书馆历史建筑开放数据",
        "sourceAddress": "杨树浦路640号",
        "locationNote": "此为门址所在里弄、院落或建筑群参考点，未逐栋核定位置。",
        "wikipediaUrl": "https://zh.wikipedia.org/zh-hans/上海市优秀历史建筑",
        "wikidataId": null,
        "historicalGeometryVerified": false
      }
    },
    {
      "type": "Feature",
      "id": "sh-fgj-5G014-01-address-reference",
      "geometry": {
        "type": "Point",
        "coordinates": [
          121.515256,
          31.255779
        ]
      },
      "properties": {
        "officialId": "sh-fgj-5G014-01",
        "wikipediaId": "wiki-heritage-t13-r0015",
        "batch": 5,
        "officialCodeRaw": "5G014",
        "name": "颐庆里住宅",
        "articleTitle": "颐庆里住宅",
        "address": "景星路310、314弄（1-9号）",
        "addressComparison": "different-as-listed",
        "coordinateScope": "building-complex-reference-point",
        "coordinateSystem": "WGS84",
        "precisionDegrees": null,
        "origin": "shanghai-library",
        "sourceUrl": "https://data.library.sh.cn/entity/architecture/fzmdg45gffulfk6i",
        "coordinateSourceTitle": "上海图书馆历史建筑开放数据",
        "sourceAddress": "景星路310、314弄",
        "locationNote": "此为门址所在里弄、院落或建筑群参考点，未逐栋核定位置。 来源门址与官方写法有差异，原始门牌和对照理由均保留。",
        "wikipediaUrl": "https://zh.wikipedia.org/zh-hans/上海市优秀历史建筑",
        "wikidataId": null,
        "historicalGeometryVerified": false
      }
    },
    {
      "type": "Feature",
      "id": "sh-fgj-5G015-01-address-reference",
      "geometry": {
        "type": "Point",
        "coordinates": [
          121.515449,
          31.256829
        ]
      },
      "properties": {
        "officialId": "sh-fgj-5G015-01",
        "wikipediaId": "wiki-heritage-t13-r0017",
        "batch": 5,
        "officialCodeRaw": "5G015",
        "name": "大业印刷厂职员工房",
        "articleTitle": "大业印刷厂职员工房",
        "address": "福禄街193-209号（单号）",
        "addressComparison": "different-as-listed",
        "coordinateScope": "building-complex-reference-point",
        "coordinateSystem": "WGS84",
        "precisionDegrees": null,
        "origin": "shanghai-library",
        "sourceUrl": "https://data.library.sh.cn/entity/architecture/d7768c5wvyk4zzp5",
        "coordinateSourceTitle": "上海图书馆历史建筑开放数据",
        "sourceAddress": "福禄街193-209号",
        "locationNote": "此为门址所在里弄、院落或建筑群参考点，未逐栋核定位置。",
        "wikipediaUrl": "https://zh.wikipedia.org/zh-hans/上海市优秀历史建筑",
        "wikidataId": null,
        "historicalGeometryVerified": false
      }
    },
    {
      "type": "Feature",
      "id": "sh-fgj-5G016-01-address-reference",
      "geometry": {
        "type": "Point",
        "coordinates": [
          121.52245,
          31.25651
        ]
      },
      "properties": {
        "officialId": "sh-fgj-5G016-01",
        "wikipediaId": "wiki-heritage-t13-r0018",
        "batch": 5,
        "officialCodeRaw": "5G016",
        "name": "住宅",
        "articleTitle": "龙江路50-66号 住宅",
        "address": "龙江路50-66号双号",
        "addressComparison": "different-as-listed",
        "coordinateScope": "building-complex-reference-point",
        "coordinateSystem": "WGS84",
        "precisionDegrees": null,
        "origin": "shanghai-library",
        "sourceUrl": "https://data.library.sh.cn/entity/architecture/7cfuhhctu3r5jo4t",
        "coordinateSourceTitle": "上海图书馆历史建筑开放数据",
        "sourceAddress": "龙江路50-66号",
        "locationNote": "此为门址所在里弄、院落或建筑群参考点，未逐栋核定位置。 来源门址与官方写法有差异，原始门牌和对照理由均保留。",
        "wikipediaUrl": "https://zh.wikipedia.org/zh-hans/上海市优秀历史建筑",
        "wikidataId": null,
        "historicalGeometryVerified": false
      }
    },
    {
      "type": "Feature",
      "id": "sh-fgj-5G017-01-address-reference",
      "geometry": {
        "type": "Point",
        "coordinates": [
          121.514543,
          31.257482
        ]
      },
      "properties": {
        "officialId": "sh-fgj-5G017-01",
        "wikipediaId": "wiki-heritage-t13-r0019",
        "batch": 5,
        "officialCodeRaw": "5G017",
        "name": "华生印务公司/华一印刷股份有限公司",
        "articleTitle": "华生印务公司/华一印刷股份有限公司",
        "address": "榆林308-312号（双号）",
        "addressComparison": "different-as-listed",
        "coordinateScope": "building-complex-reference-point",
        "coordinateSystem": "WGS84",
        "precisionDegrees": null,
        "origin": "shanghai-library",
        "sourceUrl": "https://data.library.sh.cn/entity/architecture/ab5tvo0ghsmuldud",
        "coordinateSourceTitle": "上海图书馆历史建筑开放数据",
        "sourceAddress": "榆林路308号",
        "locationNote": "此为门址所在里弄、院落或建筑群参考点，未逐栋核定位置。 来源门址与官方写法有差异，原始门牌和对照理由均保留。",
        "wikipediaUrl": "https://zh.wikipedia.org/zh-hans/上海市优秀历史建筑",
        "wikidataId": null,
        "historicalGeometryVerified": false
      }
    },
    {
      "type": "Feature",
      "id": "sh-fgj-5G018-01-address-reference",
      "geometry": {
        "type": "Point",
        "coordinates": [
          121.502101,
          31.29809
        ]
      },
      "properties": {
        "officialId": "sh-fgj-5G018-01",
        "wikipediaId": "wiki-heritage-t13-r0020",
        "batch": 5,
        "officialCodeRaw": "5G018",
        "name": "住宅",
        "articleTitle": "国顺路650弄 国顺路650弄住宅",
        "address": "国顺路650弄（1-78）号",
        "addressComparison": "different-as-listed",
        "coordinateScope": "building-complex-reference-point",
        "coordinateSystem": "WGS84",
        "precisionDegrees": null,
        "origin": "shanghai-library",
        "sourceUrl": "https://data.library.sh.cn/entity/architecture/nmfdba6aoznbssqi",
        "coordinateSourceTitle": "上海图书馆历史建筑开放数据",
        "sourceAddress": "国顺路650弄",
        "locationNote": "此为门址所在里弄、院落或建筑群参考点，未逐栋核定位置。 来源门址与官方写法有差异，原始门牌和对照理由均保留。",
        "wikipediaUrl": "https://zh.wikipedia.org/wiki/%E5%A4%8D%E6%97%A6%E5%A4%A7%E5%AD%A6%E7%AC%AC%E4%B9%9D%E5%AE%BF%E8%88%8D",
        "wikidataId": null,
        "historicalGeometryVerified": false
      }
    },
    {
      "type": "Feature",
      "id": "sh-fgj-5G019-01-address-reference",
      "geometry": {
        "type": "Point",
        "coordinates": [
          121.557467,
          31.288673
        ]
      },
      "properties": {
        "officialId": "sh-fgj-5G019-01",
        "wikipediaId": "wiki-heritage-t13-r0021",
        "batch": 5,
        "officialCodeRaw": "5G019",
        "name": "原上海浚浦局职员俱乐部",
        "articleTitle": "原上海浚浦局职员俱乐部",
        "address": "共青路386号",
        "addressComparison": "exact",
        "coordinateScope": "address-reference-point",
        "coordinateSystem": "WGS84",
        "precisionDegrees": null,
        "origin": "shanghai-library",
        "sourceUrl": "https://data.library.sh.cn/entity/architecture/by11izy1siqts7b1",
        "coordinateSourceTitle": "上海图书馆历史建筑开放数据",
        "sourceAddress": "共青路386号",
        "locationNote": "此为来源目录门牌参考点，未独立测绘或核定建筑轮廓。",
        "wikipediaUrl": "https://zh.wikipedia.org/wiki/%E7%99%BD%E5%BB%AC",
        "wikidataId": null,
        "historicalGeometryVerified": false
      }
    },
    {
      "type": "Feature",
      "id": "sh-fgj-5M001-01-address-reference",
      "geometry": {
        "type": "Point",
        "coordinates": [
          121.429571,
          31.221769
        ]
      },
      "properties": {
        "officialId": "sh-fgj-5M001-01",
        "wikipediaId": "wiki-heritage-t08-r0002",
        "batch": 5,
        "officialCodeRaw": "5M001",
        "name": "住宅（Sou Yen Siao Cho Lane)",
        "articleTitle": "住宅（Sou Yen Siao Cho Lane)",
        "address": "愚园路789弄91-103号",
        "addressComparison": "exact",
        "coordinateScope": "building-complex-reference-point",
        "coordinateSystem": "WGS84",
        "precisionDegrees": null,
        "origin": "shanghai-library",
        "sourceUrl": "https://data.library.sh.cn/entity/architecture/452d3pe6dyxdzyka",
        "coordinateSourceTitle": "上海图书馆历史建筑开放数据",
        "sourceAddress": "愚园路789弄91-103号",
        "locationNote": "此为门址所在里弄、院落或建筑群参考点，未逐栋核定位置。",
        "wikipediaUrl": "https://zh.wikipedia.org/zh-hans/上海市优秀历史建筑",
        "wikidataId": null,
        "historicalGeometryVerified": false
      }
    },
    {
      "type": "Feature",
      "id": "sh-fgj-5M002-01-address-reference",
      "geometry": {
        "type": "Point",
        "coordinates": [
          121.431336,
          31.222872
        ]
      },
      "properties": {
        "officialId": "sh-fgj-5M002-01",
        "wikipediaId": "wiki-heritage-t08-r0003",
        "batch": 5,
        "officialCodeRaw": "5M002",
        "name": "朱学仁住宅/中共长宁区委党校/长宁区人民法院",
        "articleTitle": "朱学仁住宅/中共长宁区委党校/长宁区人民法院",
        "address": "愚园路684号",
        "addressComparison": "exact",
        "coordinateScope": "address-reference-point",
        "coordinateSystem": "WGS84",
        "precisionDegrees": null,
        "origin": "shanghai-library",
        "sourceUrl": "https://data.library.sh.cn/entity/architecture/tp12tgu57t3ejnzz",
        "coordinateSourceTitle": "上海图书馆历史建筑开放数据",
        "sourceAddress": "愚园路684号",
        "locationNote": "此为来源目录门牌参考点，未独立测绘或核定建筑轮廓。",
        "wikipediaUrl": "https://zh.wikipedia.org/zh-hans/上海市优秀历史建筑",
        "wikidataId": null,
        "historicalGeometryVerified": false
      }
    },
    {
      "type": "Feature",
      "id": "sh-fgj-5M003-01-address-reference",
      "geometry": {
        "type": "Point",
        "coordinates": [
          121.430771,
          31.22266
        ]
      },
      "properties": {
        "officialId": "sh-fgj-5M003-01",
        "wikipediaId": "wiki-heritage-t08-r0004",
        "batch": 5,
        "officialCodeRaw": "5M003",
        "name": "花园住宅",
        "articleTitle": "愚园路714号 花园住宅",
        "address": "愚园路714号",
        "addressComparison": "exact",
        "coordinateScope": "building-complex-reference-point",
        "coordinateSystem": "WGS84",
        "precisionDegrees": null,
        "origin": "shanghai-library",
        "sourceUrl": "https://data.library.sh.cn/entity/architecture/f8hphutps5qaw0cl",
        "coordinateSourceTitle": "上海图书馆历史建筑开放数据",
        "sourceAddress": "愚园路714号",
        "locationNote": "此为门址所在里弄、院落或建筑群参考点，未逐栋核定位置。",
        "wikipediaUrl": "https://zh.wikipedia.org/zh-hans/上海市优秀历史建筑",
        "wikidataId": null,
        "historicalGeometryVerified": false
      }
    },
    {
      "type": "Feature",
      "id": "sh-fgj-5M004-01-address-reference",
      "geometry": {
        "type": "Point",
        "coordinates": [
          121.433071,
          31.21368
        ]
      },
      "properties": {
        "officialId": "sh-fgj-5M004-01",
        "wikipediaId": "wiki-heritage-t08-r0005",
        "batch": 5,
        "officialCodeRaw": "5M004",
        "name": "梁兆来住宅",
        "articleTitle": "梁兆来住宅",
        "address": "华山路978号",
        "addressComparison": "exact",
        "coordinateScope": "address-reference-point",
        "coordinateSystem": "WGS84",
        "precisionDegrees": null,
        "origin": "shanghai-library",
        "sourceUrl": "https://data.library.sh.cn/entity/architecture/7jbg8wi5irg7i67m",
        "coordinateSourceTitle": "上海图书馆历史建筑开放数据",
        "sourceAddress": "华山路978号",
        "locationNote": "此为来源目录门牌参考点，未独立测绘或核定建筑轮廓。",
        "wikipediaUrl": "https://zh.wikipedia.org/zh-hans/上海市优秀历史建筑",
        "wikidataId": null,
        "historicalGeometryVerified": false
      }
    },
    {
      "type": "Feature",
      "id": "sh-fgj-5M005-01-address-reference",
      "geometry": {
        "type": "Point",
        "coordinates": [
          121.428227,
          31.222577
        ]
      },
      "properties": {
        "officialId": "sh-fgj-5M005-01",
        "wikipediaId": "wiki-heritage-t08-r0006",
        "batch": 5,
        "officialCodeRaw": "5M005",
        "name": "住宅",
        "articleTitle": "愚园路838弄20、22、30、32号 住宅",
        "address": "愚园路838弄20、22、30、32号",
        "addressComparison": "exact",
        "coordinateScope": "building-complex-reference-point",
        "coordinateSystem": "WGS84",
        "precisionDegrees": null,
        "origin": "shanghai-library",
        "sourceUrl": "https://data.library.sh.cn/entity/architecture/f48z8dsuxn22k7sp",
        "coordinateSourceTitle": "上海图书馆历史建筑开放数据",
        "sourceAddress": "愚园路838弄20、22、30、32号",
        "locationNote": "此为门址所在里弄、院落或建筑群参考点，未逐栋核定位置。",
        "wikipediaUrl": "https://zh.wikipedia.org/zh-hans/上海市优秀历史建筑",
        "wikidataId": null,
        "historicalGeometryVerified": false
      }
    },
    {
      "type": "Feature",
      "id": "sh-fgj-5M006-01-address-reference",
      "geometry": {
        "type": "Point",
        "coordinates": [
          121.418458,
          31.221578
        ]
      },
      "properties": {
        "officialId": "sh-fgj-5M006-01",
        "wikipediaId": "wiki-heritage-t08-r0007",
        "batch": 5,
        "officialCodeRaw": "5M006",
        "name": "亨昌里",
        "articleTitle": "亨昌里",
        "address": "愚园路1376弄（4-42号）、1362-1374号（双号）",
        "addressComparison": "different-as-listed",
        "coordinateScope": "building-complex-reference-point",
        "coordinateSystem": "WGS84",
        "precisionDegrees": null,
        "origin": "shanghai-library",
        "sourceUrl": "https://data.library.sh.cn/entity/architecture/iimto30e6rlhreqy",
        "coordinateSourceTitle": "上海图书馆历史建筑开放数据",
        "sourceAddress": "愚园路1376弄",
        "locationNote": "此为门址所在里弄、院落或建筑群参考点，未逐栋核定位置。 来源门址与官方写法有差异，原始门牌和对照理由均保留。",
        "wikipediaUrl": "https://zh.wikipedia.org/zh-hans/上海市优秀历史建筑",
        "wikidataId": null,
        "historicalGeometryVerified": false
      }
    },
    {
      "type": "Feature",
      "id": "sh-fgj-5M007-01-address-reference",
      "geometry": {
        "type": "Point",
        "coordinates": [
          121.422501,
          31.21531
        ]
      },
      "properties": {
        "officialId": "sh-fgj-5M007-01",
        "wikipediaId": "wiki-heritage-t08-r0008",
        "batch": 5,
        "officialCodeRaw": "5M007",
        "name": "住宅",
        "articleTitle": "武夷路188号 办公",
        "address": "武夷路188号",
        "addressComparison": "exact",
        "coordinateScope": "address-reference-point",
        "coordinateSystem": "WGS84",
        "precisionDegrees": null,
        "origin": "shanghai-library",
        "sourceUrl": "https://data.library.sh.cn/entity/architecture/vgaawv5zcdj5ils4",
        "coordinateSourceTitle": "上海图书馆历史建筑开放数据",
        "sourceAddress": "武夷路188号",
        "locationNote": "此为来源目录门牌参考点，未独立测绘或核定建筑轮廓。",
        "wikipediaUrl": "https://zh.wikipedia.org/zh-hans/上海市优秀历史建筑",
        "wikidataId": null,
        "historicalGeometryVerified": false
      }
    },
    {
      "type": "Feature",
      "id": "sh-fgj-5M008-01-address-reference",
      "geometry": {
        "type": "Point",
        "coordinates": [
          121.424738,
          31.224008
        ]
      },
      "properties": {
        "officialId": "sh-fgj-5M008-01",
        "wikipediaId": "wiki-heritage-t08-r0009",
        "batch": 5,
        "officialCodeRaw": "5M008",
        "name": "住宅",
        "articleTitle": "江苏路128号 住宅",
        "address": "江苏路128号",
        "addressComparison": "exact",
        "coordinateScope": "address-reference-point",
        "coordinateSystem": "WGS84",
        "precisionDegrees": null,
        "origin": "shanghai-library",
        "sourceUrl": "https://data.library.sh.cn/entity/architecture/br38oy1wknon1izr",
        "coordinateSourceTitle": "上海图书馆历史建筑开放数据",
        "sourceAddress": "江苏路128号",
        "locationNote": "此为来源目录门牌参考点，未独立测绘或核定建筑轮廓。",
        "wikipediaUrl": "https://zh.wikipedia.org/zh-hans/上海市优秀历史建筑",
        "wikidataId": null,
        "historicalGeometryVerified": false
      }
    },
    {
      "type": "Feature",
      "id": "sh-fgj-5M009-01-address-reference",
      "geometry": {
        "type": "Point",
        "coordinates": [
          121.423104,
          31.215306
        ]
      },
      "properties": {
        "officialId": "sh-fgj-5M009-01",
        "wikipediaId": "wiki-heritage-t08-r0010",
        "batch": 5,
        "officialCodeRaw": "5M009",
        "name": "住宅",
        "articleTitle": "武夷路154号 住宅",
        "address": "武夷路154号",
        "addressComparison": "exact",
        "coordinateScope": "address-reference-point",
        "coordinateSystem": "WGS84",
        "precisionDegrees": null,
        "origin": "shanghai-library",
        "sourceUrl": "https://data.library.sh.cn/entity/architecture/sfaqq7asm3wiuyjv",
        "coordinateSourceTitle": "上海图书馆历史建筑开放数据",
        "sourceAddress": "武夷路154号",
        "locationNote": "此为来源目录门牌参考点，未独立测绘或核定建筑轮廓。",
        "wikipediaUrl": "https://zh.wikipedia.org/zh-hans/上海市优秀历史建筑",
        "wikidataId": null,
        "historicalGeometryVerified": false
      }
    },
    {
      "type": "Feature",
      "id": "sh-fgj-5M010-01-address-reference",
      "geometry": {
        "type": "Point",
        "coordinates": [
          121.423692,
          31.220451
        ]
      },
      "properties": {
        "officialId": "sh-fgj-5M010-01",
        "wikipediaId": "wiki-heritage-t08-r0011",
        "batch": 5,
        "officialCodeRaw": "5M010",
        "name": "上海长征制药厂",
        "articleTitle": "上海长征制药厂",
        "address": "愚园路1107号（8、9号楼）",
        "addressComparison": "different-as-listed",
        "coordinateScope": "building-complex-reference-point",
        "coordinateSystem": "WGS84",
        "precisionDegrees": null,
        "origin": "shanghai-library",
        "sourceUrl": "https://data.library.sh.cn/entity/architecture/c1u1fwe2jx3koo77",
        "coordinateSourceTitle": "上海图书馆历史建筑开放数据",
        "sourceAddress": "愚园路1107号",
        "locationNote": "此为门址所在里弄、院落或建筑群参考点，未逐栋核定位置。 来源门址与官方写法有差异，原始门牌和对照理由均保留。",
        "wikipediaUrl": "https://zh.wikipedia.org/zh-hans/上海市优秀历史建筑",
        "wikidataId": null,
        "historicalGeometryVerified": false
      }
    },
    {
      "type": "Feature",
      "id": "sh-fgj-5M011-01-address-reference",
      "geometry": {
        "type": "Point",
        "coordinates": [
          121.421021,
          31.220536
        ]
      },
      "properties": {
        "officialId": "sh-fgj-5M011-01",
        "wikipediaId": "wiki-heritage-t08-r0012",
        "batch": 5,
        "officialCodeRaw": "5M011",
        "name": "丰田纱厂干部住宅",
        "articleTitle": "丰田纱厂干部住宅",
        "address": "愚园路1249弄2号楼",
        "addressComparison": "exact",
        "coordinateScope": "building-complex-reference-point",
        "coordinateSystem": "WGS84",
        "precisionDegrees": null,
        "origin": "shanghai-library",
        "sourceUrl": "https://data.library.sh.cn/entity/architecture/6ivhpv88nugnjxbm",
        "coordinateSourceTitle": "上海图书馆历史建筑开放数据",
        "sourceAddress": "愚园路1249弄2号楼",
        "locationNote": "此为门址所在里弄、院落或建筑群参考点，未逐栋核定位置。",
        "wikipediaUrl": "https://zh.wikipedia.org/zh-hans/上海市优秀历史建筑",
        "wikidataId": null,
        "historicalGeometryVerified": false
      }
    },
    {
      "type": "Feature",
      "id": "sh-fgj-5M012-01-address-reference",
      "geometry": {
        "type": "Point",
        "coordinates": [
          121.425664,
          31.215593
        ]
      },
      "properties": {
        "officialId": "sh-fgj-5M012-01",
        "wikipediaId": "wiki-heritage-t08-r0013",
        "batch": 5,
        "officialCodeRaw": "5M012",
        "name": "住宅",
        "articleTitle": "武夷路49弄 住宅",
        "address": "武夷路49弄",
        "addressComparison": "exact",
        "coordinateScope": "building-complex-reference-point",
        "coordinateSystem": "WGS84",
        "precisionDegrees": null,
        "origin": "shanghai-library",
        "sourceUrl": "https://data.library.sh.cn/entity/architecture/1gxoi4yv0rexmshe",
        "coordinateSourceTitle": "上海图书馆历史建筑开放数据",
        "sourceAddress": "武夷路49弄",
        "locationNote": "此为门址所在里弄、院落或建筑群参考点，未逐栋核定位置。",
        "wikipediaUrl": "https://zh.wikipedia.org/zh-hans/上海市优秀历史建筑",
        "wikidataId": null,
        "historicalGeometryVerified": false
      }
    },
    {
      "type": "Feature",
      "id": "sh-fgj-5M013-01-address-reference",
      "geometry": {
        "type": "Point",
        "coordinates": [
          121.421598,
          31.215029
        ]
      },
      "properties": {
        "officialId": "sh-fgj-5M013-01",
        "wikipediaId": "wiki-heritage-t08-r0014",
        "batch": 5,
        "officialCodeRaw": "5M013",
        "name": "住宅",
        "articleTitle": "武夷路234号 办公",
        "address": "武夷路234号",
        "addressComparison": "exact",
        "coordinateScope": "address-reference-point",
        "coordinateSystem": "WGS84",
        "precisionDegrees": null,
        "origin": "shanghai-library",
        "sourceUrl": "https://data.library.sh.cn/entity/architecture/q7d0i5t42lr7yncb",
        "coordinateSourceTitle": "上海图书馆历史建筑开放数据",
        "sourceAddress": "武夷路234号",
        "locationNote": "此为来源目录门牌参考点，未独立测绘或核定建筑轮廓。",
        "wikipediaUrl": "https://zh.wikipedia.org/zh-hans/上海市优秀历史建筑",
        "wikidataId": null,
        "historicalGeometryVerified": false
      }
    },
    {
      "type": "Feature",
      "id": "sh-fgj-5M014-01-address-reference",
      "geometry": {
        "type": "Point",
        "coordinates": [
          121.424676,
          31.22056
        ]
      },
      "properties": {
        "officialId": "sh-fgj-5M014-01",
        "wikipediaId": "wiki-heritage-t08-r0015",
        "batch": 5,
        "officialCodeRaw": "5M014",
        "name": "花园住宅",
        "articleTitle": "愚园路1055号 住宅",
        "address": "愚园路1055号",
        "addressComparison": "exact",
        "coordinateScope": "address-reference-point",
        "coordinateSystem": "WGS84",
        "precisionDegrees": null,
        "origin": "shanghai-library",
        "sourceUrl": "https://data.library.sh.cn/entity/architecture/832j4c4rfwo67w6u",
        "coordinateSourceTitle": "上海图书馆历史建筑开放数据",
        "sourceAddress": "愚园路1055号",
        "locationNote": "此为来源目录门牌参考点，未独立测绘或核定建筑轮廓。",
        "wikipediaUrl": "https://zh.wikipedia.org/zh-hans/上海市优秀历史建筑",
        "wikidataId": null,
        "historicalGeometryVerified": false
      }
    },
    {
      "type": "Feature",
      "id": "sh-fgj-5M015-01-address-reference",
      "geometry": {
        "type": "Point",
        "coordinates": [
          121.419921,
          31.220348
        ]
      },
      "properties": {
        "officialId": "sh-fgj-5M015-01",
        "wikipediaId": "wiki-heritage-t08-r0016",
        "batch": 5,
        "officialCodeRaw": "5M015",
        "name": "住宅",
        "articleTitle": "愚园路1293弄2号 上海和佳仪表电器有限公司",
        "address": "愚园路1293弄2号",
        "addressComparison": "exact",
        "coordinateScope": "building-complex-reference-point",
        "coordinateSystem": "WGS84",
        "precisionDegrees": null,
        "origin": "shanghai-library",
        "sourceUrl": "https://data.library.sh.cn/entity/architecture/x1evpjsuogppknpr",
        "coordinateSourceTitle": "上海图书馆历史建筑开放数据",
        "sourceAddress": "愚园路1293弄2号",
        "locationNote": "此为门址所在里弄、院落或建筑群参考点，未逐栋核定位置。",
        "wikipediaUrl": "https://zh.wikipedia.org/zh-hans/上海市优秀历史建筑",
        "wikidataId": null,
        "historicalGeometryVerified": false
      }
    },
    {
      "type": "Feature",
      "id": "sh-fgj-5M016-01-address-reference",
      "geometry": {
        "type": "Point",
        "coordinates": [
          121.42489,
          31.215914
        ]
      },
      "properties": {
        "officialId": "sh-fgj-5M016-01",
        "wikipediaId": "wiki-heritage-t08-r0017",
        "batch": 5,
        "officialCodeRaw": "5M016",
        "name": "住宅",
        "articleTitle": "武夷路95弄4号、6号、8号、16号、18号 住宅",
        "address": "武夷路95弄4号、6号、8号、16号、18号、20号",
        "addressComparison": "different-as-listed",
        "coordinateScope": "building-complex-reference-point",
        "coordinateSystem": "WGS84",
        "precisionDegrees": null,
        "origin": "shanghai-library",
        "sourceUrl": "https://data.library.sh.cn/entity/architecture/h7dnpnlr8kxwx8v1",
        "coordinateSourceTitle": "上海图书馆历史建筑开放数据",
        "sourceAddress": "武夷路95弄4号、6号、8号、16号、18号",
        "locationNote": "此为门址所在里弄、院落或建筑群参考点，未逐栋核定位置。 来源门址与官方写法有差异，原始门牌和对照理由均保留。",
        "wikipediaUrl": "https://zh.wikipedia.org/zh-hans/上海市优秀历史建筑",
        "wikidataId": null,
        "historicalGeometryVerified": false
      }
    },
    {
      "type": "Feature",
      "id": "sh-fgj-5M017-01-address-reference",
      "geometry": {
        "type": "Point",
        "coordinates": [
          121.424278,
          31.215427
        ]
      },
      "properties": {
        "officialId": "sh-fgj-5M017-01",
        "wikipediaId": "wiki-heritage-t08-r0018",
        "batch": 5,
        "officialCodeRaw": "5M017",
        "name": "长宁区机关事务管理局",
        "articleTitle": "长宁区机关事务管理局",
        "address": "武夷路100号",
        "addressComparison": "exact",
        "coordinateScope": "address-reference-point",
        "coordinateSystem": "WGS84",
        "precisionDegrees": null,
        "origin": "shanghai-library",
        "sourceUrl": "https://data.library.sh.cn/entity/architecture/fxaydlxk3wkicimt",
        "coordinateSourceTitle": "上海图书馆历史建筑开放数据",
        "sourceAddress": "武夷路100号",
        "locationNote": "此为来源目录门牌参考点，未独立测绘或核定建筑轮廓。",
        "wikipediaUrl": "https://zh.wikipedia.org/zh-hans/上海市优秀历史建筑",
        "wikidataId": null,
        "historicalGeometryVerified": false
      }
    },
    {
      "type": "Feature",
      "id": "sh-fgj-5M018-01-address-reference",
      "geometry": {
        "type": "Point",
        "coordinates": [
          121.422836,
          31.215341
        ]
      },
      "properties": {
        "officialId": "sh-fgj-5M018-01",
        "wikipediaId": "wiki-heritage-t08-r0019",
        "batch": 5,
        "officialCodeRaw": "5M018",
        "name": "住宅",
        "articleTitle": "武夷路174号 住宅",
        "address": "武夷路174号",
        "addressComparison": "exact",
        "coordinateScope": "address-reference-point",
        "coordinateSystem": "WGS84",
        "precisionDegrees": null,
        "origin": "shanghai-library",
        "sourceUrl": "https://data.library.sh.cn/entity/architecture/mrxgwu73z6ejq667",
        "coordinateSourceTitle": "上海图书馆历史建筑开放数据",
        "sourceAddress": "武夷路174号",
        "locationNote": "此为来源目录门牌参考点，未独立测绘或核定建筑轮廓。",
        "wikipediaUrl": "https://zh.wikipedia.org/zh-hans/上海市优秀历史建筑",
        "wikidataId": null,
        "historicalGeometryVerified": false
      }
    },
    {
      "type": "Feature",
      "id": "sh-fgj-5M019-01-address-reference",
      "geometry": {
        "type": "Point",
        "coordinates": [
          121.423019,
          31.221582
        ]
      },
      "properties": {
        "officialId": "sh-fgj-5M019-01",
        "wikipediaId": "wiki-heritage-t08-r0020",
        "batch": 5,
        "officialCodeRaw": "5M019",
        "name": "花园住宅",
        "articleTitle": "愚园路1136弄34号 长宁区区老干部活动室",
        "address": "愚园路1136弄34号",
        "addressComparison": "exact",
        "coordinateScope": "building-complex-reference-point",
        "coordinateSystem": "WGS84",
        "precisionDegrees": null,
        "origin": "shanghai-library",
        "sourceUrl": "https://data.library.sh.cn/entity/architecture/h378gtwuufodrw01",
        "coordinateSourceTitle": "上海图书馆历史建筑开放数据",
        "sourceAddress": "愚园路1136弄34号",
        "locationNote": "此为门址所在里弄、院落或建筑群参考点，未逐栋核定位置。",
        "wikipediaUrl": "https://zh.wikipedia.org/zh-hans/上海市优秀历史建筑",
        "wikidataId": null,
        "historicalGeometryVerified": false
      }
    },
    {
      "type": "Feature",
      "id": "sh-fgj-5M020-01-address-reference",
      "geometry": {
        "type": "Point",
        "coordinates": [
          121.422472,
          31.222248
        ]
      },
      "properties": {
        "officialId": "sh-fgj-5M020-01",
        "wikipediaId": "wiki-heritage-t08-r0021",
        "batch": 5,
        "officialCodeRaw": "5M020",
        "name": "住宅",
        "articleTitle": "愚园路1132弄、1136弄57号 小主人报社/住宅",
        "address": "愚园路1132弄、1136弄57号",
        "addressComparison": "exact",
        "coordinateScope": "building-complex-reference-point",
        "coordinateSystem": "WGS84",
        "precisionDegrees": null,
        "origin": "shanghai-library",
        "sourceUrl": "https://data.library.sh.cn/entity/architecture/q3akknu6mcepjgpy",
        "coordinateSourceTitle": "上海图书馆历史建筑开放数据",
        "sourceAddress": "愚园路1132弄、1136弄57号",
        "locationNote": "此为门址所在里弄、院落或建筑群参考点，未逐栋核定位置。",
        "wikipediaUrl": "https://zh.wikipedia.org/wiki/%E5%B0%8F%E4%B8%BB%E4%BA%BA%E6%8A%A5%E7%A4%BE",
        "wikidataId": null,
        "historicalGeometryVerified": false
      }
    },
    {
      "type": "Feature",
      "id": "sh-fgj-5M021-01-address-reference",
      "geometry": {
        "type": "Point",
        "coordinates": [
          121.424901,
          31.220526
        ]
      },
      "properties": {
        "officialId": "sh-fgj-5M021-01",
        "wikipediaId": "wiki-heritage-t08-r0022",
        "batch": 5,
        "officialCodeRaw": "5M021",
        "name": "住宅",
        "articleTitle": "愚园路1039号 商业",
        "address": "愚园路1039号",
        "addressComparison": "exact",
        "coordinateScope": "address-reference-point",
        "coordinateSystem": "WGS84",
        "precisionDegrees": null,
        "origin": "shanghai-library",
        "sourceUrl": "https://data.library.sh.cn/entity/architecture/iou0b23v2yawy166",
        "coordinateSourceTitle": "上海图书馆历史建筑开放数据",
        "sourceAddress": "愚园路1039号",
        "locationNote": "此为来源目录门牌参考点，未独立测绘或核定建筑轮廓。",
        "wikipediaUrl": "https://zh.wikipedia.org/zh-hans/上海市优秀历史建筑",
        "wikidataId": null,
        "historicalGeometryVerified": false
      }
    },
    {
      "type": "Feature",
      "id": "sh-fgj-5M022-01-address-reference",
      "geometry": {
        "type": "Point",
        "coordinates": [
          121.421192,
          31.220616
        ]
      },
      "properties": {
        "officialId": "sh-fgj-5M022-01",
        "wikipediaId": "wiki-heritage-t08-r0023",
        "batch": 5,
        "officialCodeRaw": "5M022",
        "name": "丰田纱厂干部住宅",
        "articleTitle": "丰田纱厂干部住宅",
        "address": "愚园路1249弄1号",
        "addressComparison": "exact",
        "coordinateScope": "building-complex-reference-point",
        "coordinateSystem": "WGS84",
        "precisionDegrees": null,
        "origin": "shanghai-library",
        "sourceUrl": "https://data.library.sh.cn/entity/architecture/7s1abdb3w54kgisz",
        "coordinateSourceTitle": "上海图书馆历史建筑开放数据",
        "sourceAddress": "愚园路1249弄1号",
        "locationNote": "此为门址所在里弄、院落或建筑群参考点，未逐栋核定位置。",
        "wikipediaUrl": "https://zh.wikipedia.org/zh-hans/上海市优秀历史建筑",
        "wikidataId": null,
        "historicalGeometryVerified": false
      }
    },
    {
      "type": "Feature",
      "id": "sh-fgj-5M023-01-address-reference",
      "geometry": {
        "type": "Point",
        "coordinates": [
          121.421433,
          31.220272
        ]
      },
      "properties": {
        "officialId": "sh-fgj-5M023-01",
        "wikipediaId": "wiki-heritage-t08-r0024",
        "batch": 5,
        "officialCodeRaw": "5M023",
        "name": "住宅",
        "articleTitle": "愚园路1221弄4、6、10、14号 住宅",
        "address": "愚园路1221弄4、6、10、14号",
        "addressComparison": "exact",
        "coordinateScope": "building-complex-reference-point",
        "coordinateSystem": "WGS84",
        "precisionDegrees": null,
        "origin": "shanghai-library",
        "sourceUrl": "https://data.library.sh.cn/entity/architecture/4a43aefzcrvmuaph",
        "coordinateSourceTitle": "上海图书馆历史建筑开放数据",
        "sourceAddress": "愚园路1221弄4、6、10、14号",
        "locationNote": "此为门址所在里弄、院落或建筑群参考点，未逐栋核定位置。",
        "wikipediaUrl": "https://zh.wikipedia.org/zh-hans/上海市优秀历史建筑",
        "wikidataId": null,
        "historicalGeometryVerified": false
      }
    },
    {
      "type": "Feature",
      "id": "sh-fgj-5M024-01-address-reference",
      "geometry": {
        "type": "Point",
        "coordinates": [
          121.429589,
          31.227547
        ]
      },
      "properties": {
        "officialId": "sh-fgj-5M024-01",
        "wikipediaId": "wiki-heritage-t08-r0025",
        "batch": 5,
        "officialCodeRaw": "5M024",
        "name": "住宅",
        "articleTitle": "武定西路1201、1207号 住宅",
        "address": "武定西路1201、1207号",
        "addressComparison": "exact",
        "coordinateScope": "building-complex-reference-point",
        "coordinateSystem": "WGS84",
        "precisionDegrees": null,
        "origin": "shanghai-library",
        "sourceUrl": "https://data.library.sh.cn/entity/architecture/man08uzr25ldub16",
        "coordinateSourceTitle": "上海图书馆历史建筑开放数据",
        "sourceAddress": "武定西路1201、1207号",
        "locationNote": "此为门址所在里弄、院落或建筑群参考点，未逐栋核定位置。",
        "wikipediaUrl": "https://zh.wikipedia.org/zh-hans/上海市优秀历史建筑",
        "wikidataId": null,
        "historicalGeometryVerified": false
      }
    },
    {
      "type": "Feature",
      "id": "sh-fgj-5M025-01-address-reference",
      "geometry": {
        "type": "Point",
        "coordinates": [
          121.428937,
          31.211641
        ]
      },
      "properties": {
        "officialId": "sh-fgj-5M025-01",
        "wikipediaId": "wiki-heritage-t08-r0026",
        "batch": 5,
        "officialCodeRaw": "5M025",
        "name": "太古洋行大班住宅",
        "articleTitle": "太古洋行大班住宅",
        "address": "华山路1245号",
        "addressComparison": "exact",
        "coordinateScope": "address-reference-point",
        "coordinateSystem": "WGS84",
        "precisionDegrees": null,
        "origin": "shanghai-library",
        "sourceUrl": "https://data.library.sh.cn/entity/architecture/jb6e6lnjlicne3r1",
        "coordinateSourceTitle": "上海图书馆历史建筑开放数据",
        "sourceAddress": "华山路1245号",
        "locationNote": "此为来源目录门牌参考点，未独立测绘或核定建筑轮廓。",
        "wikipediaUrl": "https://zh.wikipedia.org/zh-hans/上海市优秀历史建筑",
        "wikidataId": null,
        "historicalGeometryVerified": false
      }
    },
    {
      "type": "Feature",
      "id": "sh-fgj-5N001-01-address-reference",
      "geometry": {
        "type": "Point",
        "coordinates": [
          121.409622,
          31.227686
        ]
      },
      "properties": {
        "officialId": "sh-fgj-5N001-01",
        "wikipediaId": "wiki-heritage-t10-r0002",
        "batch": 5,
        "officialCodeRaw": "5N001",
        "name": "英国医院（20世纪初）/“美丽牌香烟大王”陈楚湘住宅（1940年代）/大中化学化工厂（1943年）/南林师范学校(1982年)/中山北路第八小学(1990年代)",
        "articleTitle": "英国医院（20世纪初）/“美丽牌香烟大王”陈楚湘住宅（1940年代）/大中化学化工厂（1943年）/南林师范学校(1982年)/中山北路第八小学(1990年代)",
        "address": "凯旋北路1555弄",
        "addressComparison": "exact",
        "coordinateScope": "building-complex-reference-point",
        "coordinateSystem": "WGS84",
        "precisionDegrees": null,
        "origin": "shanghai-library",
        "sourceUrl": "https://data.library.sh.cn/entity/architecture/4xijixca5shie75t",
        "coordinateSourceTitle": "上海图书馆历史建筑开放数据",
        "sourceAddress": "凯旋北路1555弄",
        "locationNote": "此为门址所在里弄、院落或建筑群参考点，未逐栋核定位置。",
        "wikipediaUrl": "https://zh.wikipedia.org/zh-hans/上海市优秀历史建筑",
        "wikidataId": null,
        "historicalGeometryVerified": false
      }
    },
    {
      "type": "Feature",
      "id": "sh-fgj-5N003-01-address-reference",
      "geometry": {
        "type": "Point",
        "coordinates": [
          121.405239,
          31.229817
        ]
      },
      "properties": {
        "officialId": "sh-fgj-5N003-01",
        "wikipediaId": "wiki-heritage-t10-r0004",
        "batch": 5,
        "officialCodeRaw": "5N003",
        "name": "大夏大学思群堂",
        "articleTitle": "大夏大学思群堂",
        "address": "中山北路3663号",
        "addressComparison": "exact",
        "coordinateScope": "building-complex-reference-point",
        "coordinateSystem": "WGS84",
        "precisionDegrees": null,
        "origin": "shanghai-library",
        "sourceUrl": "https://data.library.sh.cn/entity/architecture/3twbsxdp2ddka1mr",
        "coordinateSourceTitle": "上海图书馆历史建筑开放数据",
        "sourceAddress": "中山北路3663号",
        "locationNote": "此为门址所在里弄、院落或建筑群参考点，未逐栋核定位置。 同址有多个保护项，分别保留记录；共用门址点不能区分各楼栋。",
        "wikipediaUrl": "https://zh.wikipedia.org/wiki/%E6%80%9D%E7%BE%A4%E5%A0%82",
        "wikidataId": null,
        "historicalGeometryVerified": false
      }
    },
    {
      "type": "Feature",
      "id": "sh-fgj-5W001-01-address-reference",
      "geometry": {
        "type": "Point",
        "coordinates": [
          121.579867,
          31.348092
        ]
      },
      "properties": {
        "officialId": "sh-fgj-5W001-01",
        "wikipediaId": "wiki-heritage-t16-r0002",
        "batch": 5,
        "officialCodeRaw": "5W001",
        "name": "清溪茶馆",
        "articleTitle": "清溪茶馆",
        "address": "高桥镇东街16-28号（双号）",
        "addressComparison": "different-as-listed",
        "coordinateScope": "building-complex-reference-point",
        "coordinateSystem": "WGS84",
        "precisionDegrees": null,
        "origin": "shanghai-library",
        "sourceUrl": "https://data.library.sh.cn/entity/architecture/wparn4gfpowqnowk",
        "coordinateSourceTitle": "上海图书馆历史建筑开放数据",
        "sourceAddress": "高桥镇东街22号",
        "locationNote": "此为门址所在里弄、院落或建筑群参考点，未逐栋核定位置。 来源门址与官方写法有差异，原始门牌和对照理由均保留。",
        "wikipediaUrl": "https://zh.wikipedia.org/zh-hans/上海市优秀历史建筑",
        "wikidataId": null,
        "historicalGeometryVerified": false
      }
    },
    {
      "type": "Feature",
      "id": "sh-fgj-5W002-01-address-reference",
      "geometry": {
        "type": "Point",
        "coordinates": [
          121.57635,
          31.34494
        ]
      },
      "properties": {
        "officialId": "sh-fgj-5W002-01",
        "wikipediaId": "wiki-heritage-t16-r0003",
        "batch": 5,
        "officialCodeRaw": "5W002",
        "name": "凌氏民宅",
        "articleTitle": "凌氏民宅",
        "address": "高桥镇西街163-171号（单号）",
        "addressComparison": "different-as-listed",
        "coordinateScope": "building-complex-reference-point",
        "coordinateSystem": "WGS84",
        "precisionDegrees": null,
        "origin": "shanghai-library",
        "sourceUrl": "https://data.library.sh.cn/entity/architecture/7wtpe4iqjwrm38ml",
        "coordinateSourceTitle": "上海图书馆历史建筑开放数据",
        "sourceAddress": "高桥镇西街167号",
        "locationNote": "此为门址所在里弄、院落或建筑群参考点，未逐栋核定位置。 来源门址与官方写法有差异，原始门牌和对照理由均保留。",
        "wikipediaUrl": "https://zh.wikipedia.org/zh-hans/上海市优秀历史建筑",
        "wikidataId": null,
        "historicalGeometryVerified": false
      }
    },
    {
      "type": "Feature",
      "id": "sh-fgj-5W003-01-address-reference",
      "geometry": {
        "type": "Point",
        "coordinates": [
          121.74939,
          31.118924
        ]
      },
      "properties": {
        "officialId": "sh-fgj-5W003-01",
        "wikipediaId": "wiki-heritage-t16-r0004",
        "batch": 5,
        "officialCodeRaw": "5W003",
        "name": "关帝庙",
        "articleTitle": "关帝庙",
        "address": "西市街54、56号",
        "addressComparison": "different-as-listed",
        "coordinateScope": "building-complex-reference-point",
        "coordinateSystem": "WGS84",
        "precisionDegrees": null,
        "origin": "shanghai-library",
        "sourceUrl": "https://data.library.sh.cn/entity/architecture/ois3ivp2ogmmkkzp",
        "coordinateSourceTitle": "上海图书馆历史建筑开放数据",
        "sourceAddress": "西市街54号",
        "locationNote": "此为门址所在里弄、院落或建筑群参考点，未逐栋核定位置。 来源门址与官方写法有差异，原始门牌和对照理由均保留。",
        "wikipediaUrl": "https://zh.wikipedia.org/zh-hans/上海市优秀历史建筑",
        "wikidataId": null,
        "historicalGeometryVerified": false
      }
    },
    {
      "type": "Feature",
      "id": "sh-fgj-5W004-01-address-reference",
      "geometry": {
        "type": "Point",
        "coordinates": [
          121.679966,
          31.264265
        ]
      },
      "properties": {
        "officialId": "sh-fgj-5W004-01",
        "wikipediaId": "wiki-heritage-t16-r0005",
        "batch": 5,
        "officialCodeRaw": "5W004",
        "name": "“贤生”宅",
        "articleTitle": "“贤生”宅",
        "address": "龚路东街20号",
        "addressComparison": "exact",
        "coordinateScope": "address-reference-point",
        "coordinateSystem": "WGS84",
        "precisionDegrees": null,
        "origin": "shanghai-library",
        "sourceUrl": "https://data.library.sh.cn/entity/architecture/n5teli38vq4zwtbg",
        "coordinateSourceTitle": "上海图书馆历史建筑开放数据",
        "sourceAddress": "龚路东街20号",
        "locationNote": "此为来源目录门牌参考点，未独立测绘或核定建筑轮廓。",
        "wikipediaUrl": "https://zh.wikipedia.org/zh-hans/上海市优秀历史建筑",
        "wikidataId": null,
        "historicalGeometryVerified": false
      }
    },
    {
      "type": "Feature",
      "id": "sh-fgj-5W005-01-address-reference",
      "geometry": {
        "type": "Point",
        "coordinates": [
          121.516739,
          31.22639
        ]
      },
      "properties": {
        "officialId": "sh-fgj-5W005-01",
        "wikipediaId": "wiki-heritage-t16-r0006",
        "batch": 5,
        "officialCodeRaw": "5W005",
        "name": "洋泾中学办公楼、实验楼",
        "articleTitle": "洋泾中学办公楼、实验楼",
        "address": "潍坊路111号",
        "addressComparison": "exact",
        "coordinateScope": "building-complex-reference-point",
        "coordinateSystem": "WGS84",
        "precisionDegrees": null,
        "origin": "shanghai-library",
        "sourceUrl": "https://data.library.sh.cn/entity/architecture/a7yjdzjjlxtln503",
        "coordinateSourceTitle": "上海图书馆历史建筑开放数据",
        "sourceAddress": "潍坊路111号",
        "locationNote": "此为门址所在里弄、院落或建筑群参考点，未逐栋核定位置。",
        "wikipediaUrl": "https://zh.wikipedia.org/zh-hans/上海市优秀历史建筑",
        "wikidataId": null,
        "historicalGeometryVerified": false
      }
    },
    {
      "type": "Feature",
      "id": "sh-fgj-5W006-01-address-reference",
      "geometry": {
        "type": "Point",
        "coordinates": [
          121.496276,
          31.138286
        ]
      },
      "properties": {
        "officialId": "sh-fgj-5W006-01",
        "wikipediaId": "wiki-heritage-t16-r0007",
        "batch": 5,
        "officialCodeRaw": "5W006",
        "name": "花园住宅",
        "articleTitle": "三林塘古镇长清路2315号 住宅",
        "address": "三林镇长清路2315号",
        "addressComparison": "different-as-listed",
        "coordinateScope": "address-reference-point",
        "coordinateSystem": "WGS84",
        "precisionDegrees": null,
        "origin": "shanghai-library",
        "sourceUrl": "https://data.library.sh.cn/entity/architecture/tehpgwapjzqqjvpg",
        "coordinateSourceTitle": "上海图书馆历史建筑开放数据",
        "sourceAddress": "三林塘古镇长清路2315号",
        "locationNote": "此为来源目录门牌参考点，未独立测绘或核定建筑轮廓。 来源门址与官方写法有差异，原始门牌和对照理由均保留。",
        "wikipediaUrl": "https://zh.wikipedia.org/zh-hans/上海市优秀历史建筑",
        "wikidataId": null,
        "historicalGeometryVerified": false
      }
    },
    {
      "type": "Feature",
      "id": "sh-fgj-5W007-01-address-reference",
      "geometry": {
        "type": "Point",
        "coordinates": [
          121.639575,
          31.027709
        ]
      },
      "properties": {
        "officialId": "sh-fgj-5W007-01",
        "wikipediaId": "wiki-heritage-t16-r0008",
        "batch": 5,
        "officialCodeRaw": "5W007",
        "name": "叶氏花行",
        "articleTitle": "叶氏花行",
        "address": "新场镇洪西街114-126号（双号）、新奉公路105号",
        "addressComparison": "different-as-listed",
        "coordinateScope": "building-complex-reference-point",
        "coordinateSystem": "WGS84",
        "precisionDegrees": null,
        "origin": "shanghai-library",
        "sourceUrl": "https://data.library.sh.cn/entity/architecture/l0qlroe1sv78ohxg",
        "coordinateSourceTitle": "上海图书馆历史建筑开放数据",
        "sourceAddress": "新场古镇洪西街114-126号",
        "locationNote": "此为门址所在里弄、院落或建筑群参考点，未逐栋核定位置。 来源门址与官方写法有差异，原始门牌和对照理由均保留。",
        "wikipediaUrl": "https://zh.wikipedia.org/zh-hans/上海市优秀历史建筑",
        "wikidataId": null,
        "historicalGeometryVerified": false
      }
    },
    {
      "type": "Feature",
      "id": "sh-fgj-5W008-01-address-reference",
      "geometry": {
        "type": "Point",
        "coordinates": [
          121.642992,
          31.022957
        ]
      },
      "properties": {
        "officialId": "sh-fgj-5W008-01",
        "wikipediaId": "wiki-heritage-t16-r0009",
        "batch": 5,
        "officialCodeRaw": "5W008",
        "name": "王和生宅",
        "articleTitle": "王和生宅",
        "address": "新场古镇新场大街195号",
        "addressComparison": "exact",
        "coordinateScope": "address-reference-point",
        "coordinateSystem": "WGS84",
        "precisionDegrees": null,
        "origin": "shanghai-library",
        "sourceUrl": "https://data.library.sh.cn/entity/architecture/hjkm3dltseu00pwt",
        "coordinateSourceTitle": "上海图书馆历史建筑开放数据",
        "sourceAddress": "新场古镇新场大街195号",
        "locationNote": "此为来源目录门牌参考点，未独立测绘或核定建筑轮廓。",
        "wikipediaUrl": "https://zh.wikipedia.org/zh-hans/上海市优秀历史建筑",
        "wikidataId": null,
        "historicalGeometryVerified": false
      }
    },
    {
      "type": "Feature",
      "id": "sh-fgj-5W009-01-address-reference",
      "geometry": {
        "type": "Point",
        "coordinates": [
          121.643121,
          31.022319
        ]
      },
      "properties": {
        "officialId": "sh-fgj-5W009-01",
        "wikipediaId": "wiki-heritage-t16-r0010",
        "batch": 5,
        "officialCodeRaw": "5W009",
        "name": "裕大南货店",
        "articleTitle": "裕大南货店",
        "address": "新场镇新场大街169-173号(单号)",
        "addressComparison": "different-as-listed",
        "coordinateScope": "address-reference-point",
        "coordinateSystem": "WGS84",
        "precisionDegrees": null,
        "origin": "shanghai-library",
        "sourceUrl": "https://data.library.sh.cn/entity/architecture/wrjlsr1j42g6aeg8",
        "coordinateSourceTitle": "上海图书馆历史建筑开放数据",
        "sourceAddress": "新场古镇新场大街171-173号",
        "locationNote": "此为来源目录门牌参考点，未独立测绘或核定建筑轮廓。 来源门址与官方写法有差异，原始门牌和对照理由均保留。",
        "wikipediaUrl": "https://zh.wikipedia.org/zh-hans/上海市优秀历史建筑",
        "wikidataId": null,
        "historicalGeometryVerified": false
      }
    },
    {
      "type": "Feature",
      "id": "sh-fgj-5W010-01-address-reference",
      "geometry": {
        "type": "Point",
        "coordinates": [
          121.733281,
          30.976712
        ]
      },
      "properties": {
        "officialId": "sh-fgj-5W010-01",
        "wikipediaId": "wiki-heritage-t16-r0011",
        "batch": 5,
        "officialCodeRaw": "5W010",
        "name": "住宅",
        "articleTitle": "永春西二路66号 民宅",
        "address": "大团镇永春西二路66-70号(双号)",
        "addressComparison": "different-as-listed",
        "coordinateScope": "address-reference-point",
        "coordinateSystem": "WGS84",
        "precisionDegrees": null,
        "origin": "shanghai-library",
        "sourceUrl": "https://data.library.sh.cn/entity/architecture/rew5ukyaaydv3wti",
        "coordinateSourceTitle": "上海图书馆历史建筑开放数据",
        "sourceAddress": "永春西二路66号",
        "locationNote": "此为来源目录门牌参考点，未独立测绘或核定建筑轮廓。 来源门址与官方写法有差异，原始门牌和对照理由均保留。",
        "wikipediaUrl": "https://zh.wikipedia.org/zh-hans/上海市优秀历史建筑",
        "wikidataId": null,
        "historicalGeometryVerified": false
      }
    },
    {
      "type": "Feature",
      "id": "sh-fgj-5W011-01-address-reference",
      "geometry": {
        "type": "Point",
        "coordinates": [
          121.498296,
          31.140928
        ]
      },
      "properties": {
        "officialId": "sh-fgj-5W011-01",
        "wikipediaId": "wiki-heritage-t16-r0012",
        "batch": 5,
        "officialCodeRaw": "5W011",
        "name": "张氏宅",
        "articleTitle": "张氏宅",
        "address": "三林镇东林街65弄7号",
        "addressComparison": "different-as-listed",
        "coordinateScope": "address-reference-point",
        "coordinateSystem": "WGS84",
        "precisionDegrees": null,
        "origin": "shanghai-library",
        "sourceUrl": "https://data.library.sh.cn/entity/architecture/yvhyqcoewsjtt3j3",
        "coordinateSourceTitle": "上海图书馆历史建筑开放数据",
        "sourceAddress": "三林塘古镇东林街65弄7号",
        "locationNote": "此为来源目录门牌参考点，未独立测绘或核定建筑轮廓。 来源门址与官方写法有差异，原始门牌和对照理由均保留。",
        "wikipediaUrl": "https://zh.wikipedia.org/zh-hans/上海市优秀历史建筑",
        "wikidataId": null,
        "historicalGeometryVerified": false
      }
    },
    {
      "type": "Feature",
      "id": "sh-fgj-5W012-01-address-reference",
      "geometry": {
        "type": "Point",
        "coordinates": [
          121.496559,
          31.140231
        ]
      },
      "properties": {
        "officialId": "sh-fgj-5W012-01",
        "wikipediaId": "wiki-heritage-t16-r0013",
        "batch": 5,
        "officialCodeRaw": "5W012",
        "name": "住宅",
        "articleTitle": "三林塘古镇中林街131弄5号 民宅",
        "address": "三林镇中林街131弄5号",
        "addressComparison": "different-as-listed",
        "coordinateScope": "address-reference-point",
        "coordinateSystem": "WGS84",
        "precisionDegrees": null,
        "origin": "shanghai-library",
        "sourceUrl": "https://data.library.sh.cn/entity/architecture/oa0iiqxthotmc7ff",
        "coordinateSourceTitle": "上海图书馆历史建筑开放数据",
        "sourceAddress": "三林塘古镇中林街131弄5号",
        "locationNote": "此为来源目录门牌参考点，未独立测绘或核定建筑轮廓。 来源门址与官方写法有差异，原始门牌和对照理由均保留。",
        "wikipediaUrl": "https://zh.wikipedia.org/zh-hans/上海市优秀历史建筑",
        "wikidataId": null,
        "historicalGeometryVerified": false
      }
    },
    {
      "type": "Feature",
      "id": "sh-fgj-5W013-01-address-reference",
      "geometry": {
        "type": "Point",
        "coordinates": [
          121.710781,
          31.202457
        ]
      },
      "properties": {
        "officialId": "sh-fgj-5W013-01",
        "wikipediaId": "wiki-heritage-t16-r0014",
        "batch": 5,
        "officialCodeRaw": "5W013",
        "name": "连宏生宅",
        "articleTitle": "连宏生宅",
        "address": "合庆镇华星村连家宅67号",
        "addressComparison": "different-as-listed",
        "coordinateScope": "address-reference-point",
        "coordinateSystem": "WGS84",
        "precisionDegrees": null,
        "origin": "shanghai-library",
        "sourceUrl": "https://data.library.sh.cn/entity/architecture/7xcff1mmhsck4u01",
        "coordinateSourceTitle": "上海图书馆历史建筑开放数据",
        "sourceAddress": "合庆镇华星村七队67号",
        "locationNote": "此为来源目录门牌参考点，未独立测绘或核定建筑轮廓。 来源门址与官方写法有差异，原始门牌和对照理由均保留。",
        "wikipediaUrl": "https://zh.wikipedia.org/zh-hans/上海市优秀历史建筑",
        "wikidataId": null,
        "historicalGeometryVerified": false
      }
    },
    {
      "type": "Feature",
      "id": "sh-fgj-5W015-01-address-reference",
      "geometry": {
        "type": "Point",
        "coordinates": [
          121.643237,
          31.022042
        ]
      },
      "properties": {
        "officialId": "sh-fgj-5W015-01",
        "wikipediaId": "wiki-heritage-t16-r0016",
        "batch": 5,
        "officialCodeRaw": "5W015",
        "name": "郑生官宅",
        "articleTitle": "郑生官宅",
        "address": "新场镇新场大街190号",
        "addressComparison": "exact",
        "coordinateScope": "address-reference-point",
        "coordinateSystem": "WGS84",
        "precisionDegrees": null,
        "origin": "shanghai-library",
        "sourceUrl": "https://data.library.sh.cn/entity/architecture/q0jb5iyvdchvg1n6",
        "coordinateSourceTitle": "上海图书馆历史建筑开放数据",
        "sourceAddress": "新场镇新场大街190号",
        "locationNote": "此为来源目录门牌参考点，未独立测绘或核定建筑轮廓。",
        "wikipediaUrl": "https://zh.wikipedia.org/zh-hans/上海市优秀历史建筑",
        "wikidataId": null,
        "historicalGeometryVerified": false
      }
    },
    {
      "type": "Feature",
      "id": "sh-fgj-5W016-01-address-reference",
      "geometry": {
        "type": "Point",
        "coordinates": [
          121.693486,
          31.195287
        ]
      },
      "properties": {
        "officialId": "sh-fgj-5W016-01",
        "wikipediaId": "wiki-heritage-t16-r0017",
        "batch": 5,
        "officialCodeRaw": "5W016",
        "name": "丁家花园",
        "articleTitle": "丁家花园",
        "address": "川沙镇东泥弄9号、北市街19号",
        "addressComparison": "different-as-listed",
        "coordinateScope": "building-complex-reference-point",
        "coordinateSystem": "WGS84",
        "precisionDegrees": null,
        "origin": "shanghai-library",
        "sourceUrl": "https://data.library.sh.cn/entity/architecture/chhybpc6lz74h63r",
        "coordinateSourceTitle": "上海图书馆历史建筑开放数据",
        "sourceAddress": "川沙北市街东泥弄9号",
        "locationNote": "此为门址所在里弄、院落或建筑群参考点，未逐栋核定位置。 来源门址与官方写法有差异，原始门牌和对照理由均保留。",
        "wikipediaUrl": "https://zh.wikipedia.org/zh-hans/上海市优秀历史建筑",
        "wikidataId": null,
        "historicalGeometryVerified": false
      }
    },
    {
      "type": "Feature",
      "id": "sh-fgj-5W017-01-address-reference",
      "geometry": {
        "type": "Point",
        "coordinates": [
          121.642124,
          31.028373
        ]
      },
      "properties": {
        "officialId": "sh-fgj-5W017-01",
        "wikipediaId": "wiki-heritage-t16-r0018",
        "batch": 5,
        "officialCodeRaw": "5W017",
        "name": "谢氏商铺",
        "articleTitle": "谢氏商铺",
        "address": "新场镇洪西街2弄、新场大街399-401号（单号）",
        "addressComparison": "different-as-listed",
        "coordinateScope": "building-complex-reference-point",
        "coordinateSystem": "WGS84",
        "precisionDegrees": null,
        "origin": "shanghai-library",
        "sourceUrl": "https://data.library.sh.cn/entity/architecture/bfbvtndjuqs5kq7n",
        "coordinateSourceTitle": "上海图书馆历史建筑开放数据",
        "sourceAddress": "新场古镇洪西街2弄、新场大街399-401号",
        "locationNote": "此为门址所在里弄、院落或建筑群参考点，未逐栋核定位置。 来源门址与官方写法有差异，原始门牌和对照理由均保留。",
        "wikipediaUrl": "https://zh.wikipedia.org/zh-hans/上海市优秀历史建筑",
        "wikidataId": null,
        "historicalGeometryVerified": false
      }
    },
    {
      "type": "Feature",
      "id": "sh-fgj-5W018-01-address-reference",
      "geometry": {
        "type": "Point",
        "coordinates": [
          121.698152,
          31.200347
        ]
      },
      "properties": {
        "officialId": "sh-fgj-5W018-01",
        "wikipediaId": "wiki-heritage-t16-r0019",
        "batch": 5,
        "officialCodeRaw": "5W018",
        "name": "三德堂、崇德堂",
        "articleTitle": "三德堂、崇德堂",
        "address": "川沙镇北城壕路64号",
        "addressComparison": "different-as-listed",
        "coordinateScope": "address-reference-point",
        "coordinateSystem": "WGS84",
        "precisionDegrees": null,
        "origin": "shanghai-library",
        "sourceUrl": "https://data.library.sh.cn/entity/architecture/ad8hz5idcf26nmpe",
        "coordinateSourceTitle": "上海图书馆历史建筑开放数据",
        "sourceAddress": "川沙古镇北城壕路64号",
        "locationNote": "此为来源目录门牌参考点，未独立测绘或核定建筑轮廓。 来源门址与官方写法有差异，原始门牌和对照理由均保留。",
        "wikipediaUrl": "https://zh.wikipedia.org/zh-hans/上海市优秀历史建筑",
        "wikidataId": null,
        "historicalGeometryVerified": false
      }
    },
    {
      "type": "Feature",
      "id": "sh-fgj-5W019-01-address-reference",
      "geometry": {
        "type": "Point",
        "coordinates": [
          121.642548,
          31.025023
        ]
      },
      "properties": {
        "officialId": "sh-fgj-5W019-01",
        "wikipediaId": "wiki-heritage-t16-r0020",
        "batch": 5,
        "officialCodeRaw": "5W019",
        "name": "张小乙宅",
        "articleTitle": "张小乙宅",
        "address": "新场镇新场大街283号",
        "addressComparison": "exact",
        "coordinateScope": "address-reference-point",
        "coordinateSystem": "WGS84",
        "precisionDegrees": null,
        "origin": "shanghai-library",
        "sourceUrl": "https://data.library.sh.cn/entity/architecture/bkifie6rwk3aaibd",
        "coordinateSourceTitle": "上海图书馆历史建筑开放数据",
        "sourceAddress": "新场镇新场大街283号",
        "locationNote": "此为来源目录门牌参考点，未独立测绘或核定建筑轮廓。",
        "wikipediaUrl": "https://zh.wikipedia.org/zh-hans/上海市优秀历史建筑",
        "wikidataId": null,
        "historicalGeometryVerified": false
      }
    },
    {
      "type": "Feature",
      "id": "sh-fgj-5W020-01-address-reference",
      "geometry": {
        "type": "Point",
        "coordinates": [
          121.580467,
          31.125182
        ]
      },
      "properties": {
        "officialId": "sh-fgj-5W020-01",
        "wikipediaId": "wiki-heritage-t16-r0021",
        "batch": 5,
        "officialCodeRaw": "5W020",
        "name": "张氏住宅",
        "articleTitle": "张氏住宅",
        "address": "周浦镇川周公路4436号",
        "addressComparison": "different-as-listed",
        "coordinateScope": "address-reference-point",
        "coordinateSystem": "WGS84",
        "precisionDegrees": null,
        "origin": "shanghai-library",
        "sourceUrl": "https://data.library.sh.cn/entity/architecture/0i7y87yrsopbcu5s",
        "coordinateSourceTitle": "上海图书馆历史建筑开放数据",
        "sourceAddress": "川周公路4436号",
        "locationNote": "此为来源目录门牌参考点，未独立测绘或核定建筑轮廓。 来源门址与官方写法有差异，原始门牌和对照理由均保留。",
        "wikipediaUrl": "https://zh.wikipedia.org/zh-hans/上海市优秀历史建筑",
        "wikidataId": null,
        "historicalGeometryVerified": false
      }
    },
    {
      "type": "Feature",
      "id": "sh-fgj-5W021-01-address-reference",
      "geometry": {
        "type": "Point",
        "coordinates": [
          121.500247,
          31.142717
        ]
      },
      "properties": {
        "officialId": "sh-fgj-5W021-01",
        "wikipediaId": "wiki-heritage-t16-r0022",
        "batch": 5,
        "officialCodeRaw": "5W021",
        "name": "三林书院旧址",
        "articleTitle": "三林书院旧址",
        "address": "三林镇三林路658号",
        "addressComparison": "different-as-listed",
        "coordinateScope": "building-complex-reference-point",
        "coordinateSystem": "WGS84",
        "precisionDegrees": null,
        "origin": "shanghai-library",
        "sourceUrl": "https://data.library.sh.cn/entity/architecture/wmmy1kij8dn87cpu",
        "coordinateSourceTitle": "上海图书馆历史建筑开放数据",
        "sourceAddress": "三林塘古镇三林路658号",
        "locationNote": "此为门址所在里弄、院落或建筑群参考点，未逐栋核定位置。 来源门址与官方写法有差异，原始门牌和对照理由均保留。",
        "wikipediaUrl": "https://zh.wikipedia.org/wiki/%E4%B8%8A%E6%B5%B7%E5%B8%82%E4%B8%89%E6%9E%97%E4%B8%AD%E5%AD%A6",
        "wikidataId": null,
        "historicalGeometryVerified": false
      }
    },
    {
      "type": "Feature",
      "id": "sh-fgj-5W022-01-address-reference",
      "geometry": {
        "type": "Point",
        "coordinates": [
          121.495635,
          31.139438
        ]
      },
      "properties": {
        "officialId": "sh-fgj-5W022-01",
        "wikipediaId": "wiki-heritage-t16-r0023",
        "batch": 5,
        "officialCodeRaw": "5W022",
        "name": "庞松舟住宅",
        "articleTitle": "庞松舟住宅",
        "address": "三林镇中林街66号",
        "addressComparison": "different-as-listed",
        "coordinateScope": "address-reference-point",
        "coordinateSystem": "WGS84",
        "precisionDegrees": null,
        "origin": "shanghai-library",
        "sourceUrl": "https://data.library.sh.cn/entity/architecture/8nfjiidyjjtfy7p4",
        "coordinateSourceTitle": "上海图书馆历史建筑开放数据",
        "sourceAddress": "中林街66号",
        "locationNote": "此为来源目录门牌参考点，未独立测绘或核定建筑轮廓。 来源门址与官方写法有差异，原始门牌和对照理由均保留。",
        "wikipediaUrl": "https://zh.wikipedia.org/zh-hans/上海市优秀历史建筑",
        "wikidataId": null,
        "historicalGeometryVerified": false
      }
    },
    {
      "type": "Feature",
      "id": "sh-fgj-5W023-01-address-reference",
      "geometry": {
        "type": "Point",
        "coordinates": [
          121.643267,
          31.021714
        ]
      },
      "properties": {
        "officialId": "sh-fgj-5W023-01",
        "wikipediaId": "wiki-heritage-t16-r0024",
        "batch": 5,
        "officialCodeRaw": "5W023",
        "name": "中华楼",
        "articleTitle": "中华楼",
        "address": "新场镇新场大街141-145号(单号)",
        "addressComparison": "different-as-listed",
        "coordinateScope": "building-complex-reference-point",
        "coordinateSystem": "WGS84",
        "precisionDegrees": null,
        "origin": "shanghai-library",
        "sourceUrl": "https://data.library.sh.cn/entity/architecture/ulggztsvuysmvkrc",
        "coordinateSourceTitle": "上海图书馆历史建筑开放数据",
        "sourceAddress": "新场古镇新场大街145号",
        "locationNote": "此为门址所在里弄、院落或建筑群参考点，未逐栋核定位置。 来源门址与官方写法有差异，原始门牌和对照理由均保留。",
        "wikipediaUrl": "https://zh.wikipedia.org/zh-hans/上海市优秀历史建筑",
        "wikidataId": null,
        "historicalGeometryVerified": false
      }
    },
    {
      "type": "Feature",
      "id": "sh-fgj-5W024-01-address-reference",
      "geometry": {
        "type": "Point",
        "coordinates": [
          121.576668,
          31.345332
        ]
      },
      "properties": {
        "officialId": "sh-fgj-5W024-01",
        "wikipediaId": "wiki-heritage-t16-r0025",
        "batch": 5,
        "officialCodeRaw": "5W024",
        "name": "黄氏民宅",
        "articleTitle": "黄氏民宅",
        "address": "高桥镇西街133弄1、3号，西街135-139号（单号）",
        "addressComparison": "different-as-listed",
        "coordinateScope": "building-complex-reference-point",
        "coordinateSystem": "WGS84",
        "precisionDegrees": null,
        "origin": "shanghai-library",
        "sourceUrl": "https://data.library.sh.cn/entity/architecture/vm4a1ed51ma5sbas",
        "coordinateSourceTitle": "上海图书馆历史建筑开放数据",
        "sourceAddress": "高桥镇西街131号",
        "locationNote": "此为门址所在里弄、院落或建筑群参考点，未逐栋核定位置。 来源门址与官方写法有差异，原始门牌和对照理由均保留。",
        "wikipediaUrl": "https://zh.wikipedia.org/zh-hans/上海市优秀历史建筑",
        "wikidataId": null,
        "historicalGeometryVerified": false
      }
    },
    {
      "type": "Feature",
      "id": "sh-fgj-5W025-01-address-reference",
      "geometry": {
        "type": "Point",
        "coordinates": [
          121.697755,
          31.200292
        ]
      },
      "properties": {
        "officialId": "sh-fgj-5W025-01",
        "wikipediaId": "wiki-heritage-t16-r0026",
        "batch": 5,
        "officialCodeRaw": "5W025",
        "name": "以道堂、以德堂",
        "articleTitle": "以道堂、以德堂",
        "address": "川沙镇北城壕路84-88号（双号）",
        "addressComparison": "different-as-listed",
        "coordinateScope": "building-complex-reference-point",
        "coordinateSystem": "WGS84",
        "precisionDegrees": null,
        "origin": "shanghai-library",
        "sourceUrl": "https://data.library.sh.cn/entity/architecture/6wgs4ul1hwuu7ggh",
        "coordinateSourceTitle": "上海图书馆历史建筑开放数据",
        "sourceAddress": "北城壕路84-86号",
        "locationNote": "此为门址所在里弄、院落或建筑群参考点，未逐栋核定位置。 来源门址与官方写法有差异，原始门牌和对照理由均保留。",
        "wikipediaUrl": "https://zh.wikipedia.org/zh-hans/上海市优秀历史建筑",
        "wikidataId": null,
        "historicalGeometryVerified": false
      }
    },
    {
      "type": "Feature",
      "id": "sh-fgj-5W026-01-address-reference",
      "geometry": {
        "type": "Point",
        "coordinates": [
          121.577415,
          31.347278
        ]
      },
      "properties": {
        "officialId": "sh-fgj-5W026-01",
        "wikipediaId": "wiki-heritage-t16-r0027",
        "batch": 5,
        "officialCodeRaw": "5W026",
        "name": "钟宅",
        "articleTitle": "钟宅",
        "address": "高桥镇石家街29号",
        "addressComparison": "exact",
        "coordinateScope": "address-reference-point",
        "coordinateSystem": "WGS84",
        "precisionDegrees": null,
        "origin": "shanghai-library",
        "sourceUrl": "https://data.library.sh.cn/entity/architecture/anp7fu47gejc74u5",
        "coordinateSourceTitle": "上海图书馆历史建筑开放数据",
        "sourceAddress": "高桥镇石家街29号",
        "locationNote": "此为来源目录门牌参考点，未独立测绘或核定建筑轮廓。",
        "wikipediaUrl": "https://zh.wikipedia.org/zh-hans/上海市优秀历史建筑",
        "wikidataId": null,
        "historicalGeometryVerified": false
      }
    },
    {
      "type": "Feature",
      "id": "sh-fgj-5W027-01-address-reference",
      "geometry": {
        "type": "Point",
        "coordinates": [
          121.577141,
          31.348387
        ]
      },
      "properties": {
        "officialId": "sh-fgj-5W027-01",
        "wikipediaId": "wiki-heritage-t16-r0028",
        "batch": 5,
        "officialCodeRaw": "5W027",
        "name": "蔡宅",
        "articleTitle": "蔡宅",
        "address": "高桥镇季景北路714弄11号",
        "addressComparison": "exact",
        "coordinateScope": "building-complex-reference-point",
        "coordinateSystem": "WGS84",
        "precisionDegrees": null,
        "origin": "shanghai-library",
        "sourceUrl": "https://data.library.sh.cn/entity/architecture/fq4h5vm3w3xy2wtz",
        "coordinateSourceTitle": "上海图书馆历史建筑开放数据",
        "sourceAddress": "高桥镇季景北路714弄11号",
        "locationNote": "此为门址所在里弄、院落或建筑群参考点，未逐栋核定位置。",
        "wikipediaUrl": "https://zh.wikipedia.org/zh-hans/上海市优秀历史建筑",
        "wikidataId": null,
        "historicalGeometryVerified": false
      }
    },
    {
      "type": "Feature",
      "id": "sh-fgj-5W028-01-address-reference",
      "geometry": {
        "type": "Point",
        "coordinates": [
          121.568566,
          31.270465
        ]
      },
      "properties": {
        "officialId": "sh-fgj-5W028-01",
        "wikipediaId": "wiki-heritage-t16-r0029",
        "batch": 5,
        "officialCodeRaw": "5W028",
        "name": "原英商马勒机器造船厂",
        "articleTitle": "原英商马勒机器造船厂",
        "address": "浦东大道2789号",
        "addressComparison": "exact",
        "coordinateScope": "building-complex-reference-point",
        "coordinateSystem": "WGS84",
        "precisionDegrees": null,
        "origin": "shanghai-library",
        "sourceUrl": "https://data.library.sh.cn/entity/architecture/zmyekirxr5kzewo1",
        "coordinateSourceTitle": "上海图书馆历史建筑开放数据",
        "sourceAddress": "浦东大道2789号",
        "locationNote": "此为门址所在里弄、院落或建筑群参考点，未逐栋核定位置。",
        "wikipediaUrl": "https://zh.wikipedia.org/zh-hans/上海市优秀历史建筑",
        "wikidataId": null,
        "historicalGeometryVerified": false
      }
    },
    {
      "type": "Feature",
      "id": "sh-fgj-5W029-01-address-reference",
      "geometry": {
        "type": "Point",
        "coordinates": [
          121.641728,
          31.027479
        ]
      },
      "properties": {
        "officialId": "sh-fgj-5W029-01",
        "wikipediaId": "wiki-heritage-t16-r0030",
        "batch": 5,
        "officialCodeRaw": "5W029",
        "name": "方氏住宅、张贵宾宅",
        "articleTitle": "方氏住宅、张贵宾宅",
        "address": "新场镇新场大街114号南侧",
        "addressComparison": "different-as-listed",
        "coordinateScope": "address-reference-point",
        "coordinateSystem": "WGS84",
        "precisionDegrees": null,
        "origin": "shanghai-library",
        "sourceUrl": "https://data.library.sh.cn/entity/architecture/sqb86nnwdn4u82bl",
        "coordinateSourceTitle": "上海图书馆历史建筑开放数据",
        "sourceAddress": "新场古镇新场大街114号南侧",
        "locationNote": "此为来源目录门牌参考点，未独立测绘或核定建筑轮廓。 来源门址与官方写法有差异，原始门牌和对照理由均保留。",
        "wikipediaUrl": "https://zh.wikipedia.org/zh-hans/上海市优秀历史建筑",
        "wikidataId": null,
        "historicalGeometryVerified": false
      }
    },
    {
      "type": "Feature",
      "id": "sh-fgj-5W030-01-address-reference",
      "geometry": {
        "type": "Point",
        "coordinates": [
          121.576349,
          31.345856
        ]
      },
      "properties": {
        "officialId": "sh-fgj-5W030-01",
        "wikipediaId": "wiki-heritage-t16-r0031",
        "batch": 5,
        "officialCodeRaw": "5W030",
        "name": "沈宅",
        "articleTitle": "沈宅",
        "address": "高桥镇西街124弄1号",
        "addressComparison": "exact",
        "coordinateScope": "building-complex-reference-point",
        "coordinateSystem": "WGS84",
        "precisionDegrees": null,
        "origin": "shanghai-library",
        "sourceUrl": "https://data.library.sh.cn/entity/architecture/t6n4d6bkcu2ychcp",
        "coordinateSourceTitle": "上海图书馆历史建筑开放数据",
        "sourceAddress": "高桥镇西街124弄1号",
        "locationNote": "此为门址所在里弄、院落或建筑群参考点，未逐栋核定位置。",
        "wikipediaUrl": "https://zh.wikipedia.org/zh-hans/上海市优秀历史建筑",
        "wikidataId": null,
        "historicalGeometryVerified": false
      }
    },
    {
      "type": "Feature",
      "id": "sh-fgj-5W031-01-address-reference",
      "geometry": {
        "type": "Point",
        "coordinates": [
          121.588515,
          31.051006
        ]
      },
      "properties": {
        "officialId": "sh-fgj-5W031-01",
        "wikipediaId": "wiki-heritage-t16-r0032",
        "batch": 5,
        "officialCodeRaw": "5W031",
        "name": "住宅",
        "articleTitle": "下沙街221-223号 住宅",
        "address": "航头镇下沙街219-223号（单号）",
        "addressComparison": "different-as-listed",
        "coordinateScope": "address-reference-point",
        "coordinateSystem": "WGS84",
        "precisionDegrees": null,
        "origin": "shanghai-library",
        "sourceUrl": "https://data.library.sh.cn/entity/architecture/bwchnwk7z7bc2rgs",
        "coordinateSourceTitle": "上海图书馆历史建筑开放数据",
        "sourceAddress": "下沙街221-223号",
        "locationNote": "此为来源目录门牌参考点，未独立测绘或核定建筑轮廓。 来源门址与官方写法有差异，原始门牌和对照理由均保留。",
        "wikipediaUrl": "https://zh.wikipedia.org/zh-hans/上海市优秀历史建筑",
        "wikidataId": null,
        "historicalGeometryVerified": false
      }
    },
    {
      "type": "Feature",
      "id": "sh-fgj-5W032-01-address-reference",
      "geometry": {
        "type": "Point",
        "coordinates": [
          121.642648,
          31.024473
        ]
      },
      "properties": {
        "officialId": "sh-fgj-5W032-01",
        "wikipediaId": "wiki-heritage-t16-r0033",
        "batch": 5,
        "officialCodeRaw": "5W032",
        "name": "李氏住宅、李锦章宅",
        "articleTitle": "李氏住宅、李锦章宅",
        "address": "新场镇新场大街265号，267弄1-11号，269号",
        "addressComparison": "different-as-listed",
        "coordinateScope": "building-complex-reference-point",
        "coordinateSystem": "WGS84",
        "precisionDegrees": null,
        "origin": "shanghai-library",
        "sourceUrl": "https://data.library.sh.cn/entity/architecture/nj3hnysq321jmm2p",
        "coordinateSourceTitle": "上海图书馆历史建筑开放数据",
        "sourceAddress": "新场镇新场大街267弄",
        "locationNote": "此为门址所在里弄、院落或建筑群参考点，未逐栋核定位置。 来源门址与官方写法有差异，原始门牌和对照理由均保留。",
        "wikipediaUrl": "https://zh.wikipedia.org/zh-hans/上海市优秀历史建筑",
        "wikidataId": null,
        "historicalGeometryVerified": false
      }
    },
    {
      "type": "Feature",
      "id": "sh-fgj-5W033-01-address-reference",
      "geometry": {
        "type": "Point",
        "coordinates": [
          121.736867,
          30.978497
        ]
      },
      "properties": {
        "officialId": "sh-fgj-5W033-01",
        "wikipediaId": "wiki-heritage-t16-r0034",
        "batch": 5,
        "officialCodeRaw": "5W033",
        "name": "住宅",
        "articleTitle": "永春北路141号 住宅",
        "address": "大团镇永春北路139-143号（单号）",
        "addressComparison": "different-as-listed",
        "coordinateScope": "address-reference-point",
        "coordinateSystem": "WGS84",
        "precisionDegrees": null,
        "origin": "shanghai-library",
        "sourceUrl": "https://data.library.sh.cn/entity/architecture/pl0fnwp7w87c252m",
        "coordinateSourceTitle": "上海图书馆历史建筑开放数据",
        "sourceAddress": "永春北路141号",
        "locationNote": "此为来源目录门牌参考点，未独立测绘或核定建筑轮廓。 来源门址与官方写法有差异，原始门牌和对照理由均保留。",
        "wikipediaUrl": "https://zh.wikipedia.org/zh-hans/上海市优秀历史建筑",
        "wikidataId": null,
        "historicalGeometryVerified": false
      }
    },
    {
      "type": "Feature",
      "id": "sh-fgj-5W034-01-address-reference",
      "geometry": {
        "type": "Point",
        "coordinates": [
          121.638628,
          31.153048
        ]
      },
      "properties": {
        "officialId": "sh-fgj-5W034-01",
        "wikipediaId": "wiki-heritage-t16-r0035",
        "batch": 5,
        "officialCodeRaw": "5W034",
        "name": "住宅",
        "articleTitle": "花园街28弄 住宅",
        "address": "花园街28弄1-8号、30、32、34、36、38、40弄1-18号、48弄1-10号",
        "addressComparison": "different-as-listed",
        "coordinateScope": "building-complex-reference-point",
        "coordinateSystem": "WGS84",
        "precisionDegrees": null,
        "origin": "shanghai-library",
        "sourceUrl": "https://data.library.sh.cn/entity/architecture/qn1twrw2k3tcb1yg",
        "coordinateSourceTitle": "上海图书馆历史建筑开放数据",
        "sourceAddress": "花园街28弄",
        "locationNote": "此为门址所在里弄、院落或建筑群参考点，未逐栋核定位置。 来源门址与官方写法有差异，原始门牌和对照理由均保留。",
        "wikipediaUrl": "https://zh.wikipedia.org/zh-hans/上海市优秀历史建筑",
        "wikidataId": null,
        "historicalGeometryVerified": false
      }
    },
    {
      "type": "Feature",
      "id": "sh-fgj-5W036-01-address-reference",
      "geometry": {
        "type": "Point",
        "coordinates": [
          121.612389,
          31.209138
        ]
      },
      "properties": {
        "officialId": "sh-fgj-5W036-01",
        "wikipediaId": "wiki-heritage-t16-r0037",
        "batch": 5,
        "officialCodeRaw": "5W036",
        "name": "吴宅",
        "articleTitle": "吴宅",
        "address": "张江镇江东路33弄2号",
        "addressComparison": "different-as-listed",
        "coordinateScope": "address-reference-point",
        "coordinateSystem": "WGS84",
        "precisionDegrees": null,
        "origin": "shanghai-library",
        "sourceUrl": "https://data.library.sh.cn/entity/architecture/ii510ak8rlmobrij",
        "coordinateSourceTitle": "上海图书馆历史建筑开放数据",
        "sourceAddress": "江东路33弄2号",
        "locationNote": "此为来源目录门牌参考点，未独立测绘或核定建筑轮廓。 来源门址与官方写法有差异，原始门牌和对照理由均保留。",
        "wikipediaUrl": "https://zh.wikipedia.org/zh-hans/上海市优秀历史建筑",
        "wikidataId": null,
        "historicalGeometryVerified": false
      }
    },
    {
      "type": "Feature",
      "id": "sh-fgj-5W037-01-address-reference",
      "geometry": {
        "type": "Point",
        "coordinates": [
          121.642291,
          31.028833
        ]
      },
      "properties": {
        "officialId": "sh-fgj-5W037-01",
        "wikipediaId": "wiki-heritage-t16-r0038",
        "batch": 5,
        "officialCodeRaw": "5W037",
        "name": "奚家厅",
        "articleTitle": "奚家厅",
        "address": "新场镇洪东街118号-126号（双号），新场大街452弄",
        "addressComparison": "different-as-listed",
        "coordinateScope": "building-complex-reference-point",
        "coordinateSystem": "WGS84",
        "precisionDegrees": null,
        "origin": "shanghai-library",
        "sourceUrl": "https://data.library.sh.cn/entity/architecture/0unnuotm16yiy1zj",
        "coordinateSourceTitle": "上海图书馆历史建筑开放数据",
        "sourceAddress": "新场镇洪东街122弄、新场大街452弄",
        "locationNote": "此为门址所在里弄、院落或建筑群参考点，未逐栋核定位置。 来源门址与官方写法有差异，原始门牌和对照理由均保留。",
        "wikipediaUrl": "https://zh.wikipedia.org/zh-hans/上海市优秀历史建筑",
        "wikidataId": null,
        "historicalGeometryVerified": false
      }
    },
    {
      "type": "Feature",
      "id": "sh-fgj-5W038-01-address-reference",
      "geometry": {
        "type": "Point",
        "coordinates": [
          121.702915,
          31.07772
        ]
      },
      "properties": {
        "officialId": "sh-fgj-5W038-01",
        "wikipediaId": "wiki-heritage-t16-r0040",
        "batch": 5,
        "officialCodeRaw": "5W038",
        "name": "五星天主堂",
        "articleTitle": "五星天主堂",
        "address": "宣桥镇三灶村五星支弄704号",
        "addressComparison": "exact",
        "coordinateScope": "building-complex-reference-point",
        "coordinateSystem": "WGS84",
        "precisionDegrees": null,
        "origin": "shanghai-library",
        "sourceUrl": "https://data.library.sh.cn/entity/architecture/h4h6c7jjxllkar1g",
        "coordinateSourceTitle": "上海图书馆历史建筑开放数据",
        "sourceAddress": "宣桥镇三灶村五星支弄704号",
        "locationNote": "此为门址所在里弄、院落或建筑群参考点，未逐栋核定位置。",
        "wikipediaUrl": "https://zh.wikipedia.org/zh-hans/上海市优秀历史建筑",
        "wikidataId": null,
        "historicalGeometryVerified": false
      }
    },
    {
      "type": "Feature",
      "id": "sh-fgj-5W039-01-address-reference",
      "geometry": {
        "type": "Point",
        "coordinates": [
          121.725363,
          31.190682
        ]
      },
      "properties": {
        "officialId": "sh-fgj-5W039-01",
        "wikipediaId": "wiki-heritage-t16-r0041",
        "batch": 5,
        "officialCodeRaw": "5W039",
        "name": "吴氏民居",
        "articleTitle": "吴氏民居",
        "address": "川沙新镇大洪村吴家宅19号",
        "addressComparison": "different-as-listed",
        "coordinateScope": "address-reference-point",
        "coordinateSystem": "WGS84",
        "precisionDegrees": null,
        "origin": "shanghai-library",
        "sourceUrl": "https://data.library.sh.cn/entity/architecture/edfevqafxeffzozj",
        "coordinateSourceTitle": "上海图书馆历史建筑开放数据",
        "sourceAddress": "川沙新镇大洪村吴家宅19号",
        "locationNote": "此为来源目录门牌参考点，未独立测绘或核定建筑轮廓。",
        "wikipediaUrl": "https://zh.wikipedia.org/zh-hans/上海市优秀历史建筑",
        "wikidataId": null,
        "historicalGeometryVerified": false
      }
    },
    {
      "type": "Feature",
      "id": "sh-fgj-5W040-01-address-reference",
      "geometry": {
        "type": "Point",
        "coordinates": [
          121.696427,
          31.196496
        ]
      },
      "properties": {
        "officialId": "sh-fgj-5W040-01",
        "wikipediaId": "wiki-heritage-t16-r0042",
        "batch": 5,
        "officialCodeRaw": "5W040",
        "name": "川沙私立友仁初级中学",
        "articleTitle": "川沙私立友仁初级中学",
        "address": "川沙新镇新川路324号川沙中学内",
        "addressComparison": "exact",
        "coordinateScope": "building-complex-reference-point",
        "coordinateSystem": "WGS84",
        "precisionDegrees": null,
        "origin": "shanghai-library",
        "sourceUrl": "https://data.library.sh.cn/entity/architecture/6knkuo02lx5iwfou",
        "coordinateSourceTitle": "上海图书馆历史建筑开放数据",
        "sourceAddress": "川沙新镇新川路324号川沙中学内",
        "locationNote": "此为门址所在里弄、院落或建筑群参考点，未逐栋核定位置。",
        "wikipediaUrl": "https://zh.wikipedia.org/wiki/%E4%B8%8A%E6%B5%B7%E5%B8%82%E5%B7%9D%E6%B2%99%E4%B8%AD%E5%AD%A6",
        "wikidataId": null,
        "historicalGeometryVerified": false
      }
    },
    {
      "type": "Feature",
      "id": "sh-fgj-5W041-01-address-reference",
      "geometry": {
        "type": "Point",
        "coordinates": [
          121.577545,
          31.346597
        ]
      },
      "properties": {
        "officialId": "sh-fgj-5W041-01",
        "wikipediaId": "wiki-heritage-t16-r0043",
        "batch": 5,
        "officialCodeRaw": "5W041",
        "name": "住宅",
        "articleTitle": "高桥镇西街46号 养和堂药房",
        "address": "高桥镇西街42-48号（双号）",
        "addressComparison": "different-as-listed",
        "coordinateScope": "building-complex-reference-point",
        "coordinateSystem": "WGS84",
        "precisionDegrees": null,
        "origin": "shanghai-library",
        "sourceUrl": "https://data.library.sh.cn/entity/architecture/vnv0ugm42us7t1u2",
        "coordinateSourceTitle": "上海图书馆历史建筑开放数据",
        "sourceAddress": "高桥镇西街46号",
        "locationNote": "此为门址所在里弄、院落或建筑群参考点，未逐栋核定位置。 来源门址与官方写法有差异，原始门牌和对照理由均保留。",
        "wikipediaUrl": "https://zh.wikipedia.org/zh-hans/上海市优秀历史建筑",
        "wikidataId": null,
        "historicalGeometryVerified": false
      }
    },
    {
      "type": "Feature",
      "id": "sh-fgj-5W042-01-address-reference",
      "geometry": {
        "type": "Point",
        "coordinates": [
          121.567827,
          31.119196
        ]
      },
      "properties": {
        "officialId": "sh-fgj-5W042-01",
        "wikipediaId": "wiki-heritage-t16-r0044",
        "batch": 5,
        "officialCodeRaw": "5W042",
        "name": "住宅",
        "articleTitle": "周浦镇西大街134号 民居",
        "address": "周浦镇西大街134号",
        "addressComparison": "exact",
        "coordinateScope": "address-reference-point",
        "coordinateSystem": "WGS84",
        "precisionDegrees": null,
        "origin": "shanghai-library",
        "sourceUrl": "https://data.library.sh.cn/entity/architecture/rafa7hdm0ior0t4l",
        "coordinateSourceTitle": "上海图书馆历史建筑开放数据",
        "sourceAddress": "周浦镇西大街134号",
        "locationNote": "此为来源目录门牌参考点，未独立测绘或核定建筑轮廓。",
        "wikipediaUrl": "https://zh.wikipedia.org/zh-hans/上海市优秀历史建筑",
        "wikidataId": null,
        "historicalGeometryVerified": false
      }
    },
    {
      "type": "Feature",
      "id": "sh-fgj-5W043-01-address-reference",
      "geometry": {
        "type": "Point",
        "coordinates": [
          121.683398,
          31.143287
        ]
      },
      "properties": {
        "officialId": "sh-fgj-5W043-01",
        "wikipediaId": "wiki-heritage-t16-r0045",
        "batch": 5,
        "officialCodeRaw": "5W043",
        "name": "住宅",
        "articleTitle": "川沙新镇陈桥村1149号 民居",
        "address": "川沙新镇陈桥村1149号",
        "addressComparison": "exact",
        "coordinateScope": "address-reference-point",
        "coordinateSystem": "WGS84",
        "precisionDegrees": null,
        "origin": "shanghai-library",
        "sourceUrl": "https://data.library.sh.cn/entity/architecture/kbxh710umj54jtar",
        "coordinateSourceTitle": "上海图书馆历史建筑开放数据",
        "sourceAddress": "川沙新镇陈桥村1149号",
        "locationNote": "此为来源目录门牌参考点，未独立测绘或核定建筑轮廓。",
        "wikipediaUrl": "https://zh.wikipedia.org/zh-hans/上海市优秀历史建筑",
        "wikidataId": null,
        "historicalGeometryVerified": false
      }
    },
    {
      "type": "Feature",
      "id": "sh-fgj-5W044-01-address-reference",
      "geometry": {
        "type": "Point",
        "coordinates": [
          121.683672,
          31.143413
        ]
      },
      "properties": {
        "officialId": "sh-fgj-5W044-01",
        "wikipediaId": "wiki-heritage-t16-r0046",
        "batch": 5,
        "officialCodeRaw": "5W044",
        "name": "住宅",
        "articleTitle": "川沙新镇陈桥村1156号 民居",
        "address": "川沙新镇陈桥村1156号",
        "addressComparison": "exact",
        "coordinateScope": "address-reference-point",
        "coordinateSystem": "WGS84",
        "precisionDegrees": null,
        "origin": "shanghai-library",
        "sourceUrl": "https://data.library.sh.cn/entity/architecture/z6nyvg3xsf1uxtz5",
        "coordinateSourceTitle": "上海图书馆历史建筑开放数据",
        "sourceAddress": "川沙新镇陈桥村1156号",
        "locationNote": "此为来源目录门牌参考点，未独立测绘或核定建筑轮廓。",
        "wikipediaUrl": "https://zh.wikipedia.org/zh-hans/上海市优秀历史建筑",
        "wikidataId": null,
        "historicalGeometryVerified": false
      }
    },
    {
      "type": "Feature",
      "id": "sh-fgj-5W045-01-address-reference",
      "geometry": {
        "type": "Point",
        "coordinates": [
          121.707638,
          31.195141
        ]
      },
      "properties": {
        "officialId": "sh-fgj-5W045-01",
        "wikipediaId": "wiki-heritage-t16-r0047",
        "batch": 5,
        "officialCodeRaw": "5W045",
        "name": "住宅",
        "articleTitle": "川沙新镇护塘街111号-115号 民居",
        "address": "川沙新镇护塘街111号-115号（单号）",
        "addressComparison": "different-as-listed",
        "coordinateScope": "building-complex-reference-point",
        "coordinateSystem": "WGS84",
        "precisionDegrees": null,
        "origin": "shanghai-library",
        "sourceUrl": "https://data.library.sh.cn/entity/architecture/ve6e3ui7nm6w17x3",
        "coordinateSourceTitle": "上海图书馆历史建筑开放数据",
        "sourceAddress": "川沙新镇护塘街111号-115号",
        "locationNote": "此为门址所在里弄、院落或建筑群参考点，未逐栋核定位置。",
        "wikipediaUrl": "https://zh.wikipedia.org/zh-hans/上海市优秀历史建筑",
        "wikidataId": null,
        "historicalGeometryVerified": false
      }
    },
    {
      "type": "Feature",
      "id": "sh-fgj-5W047-01-address-reference",
      "geometry": {
        "type": "Point",
        "coordinates": [
          121.577924,
          31.347238
        ]
      },
      "properties": {
        "officialId": "sh-fgj-5W047-01",
        "wikipediaId": "wiki-heritage-t16-r0049",
        "batch": 5,
        "officialCodeRaw": "5W047",
        "name": "李元庆民宅、民宅",
        "articleTitle": "李元庆民宅、民宅",
        "address": "高桥镇石家街27弄3号、季景北路608-612号（双号）",
        "addressComparison": "different-as-listed",
        "coordinateScope": "building-complex-reference-point",
        "coordinateSystem": "WGS84",
        "precisionDegrees": null,
        "origin": "shanghai-library",
        "sourceUrl": "https://data.library.sh.cn/entity/architecture/xlpol87oogi3u34b",
        "coordinateSourceTitle": "上海图书馆历史建筑开放数据",
        "sourceAddress": "高桥镇石家街27弄3号、季景北路608-612号",
        "locationNote": "此为门址所在里弄、院落或建筑群参考点，未逐栋核定位置。",
        "wikipediaUrl": "https://zh.wikipedia.org/zh-hans/上海市优秀历史建筑",
        "wikidataId": null,
        "historicalGeometryVerified": false
      }
    },
    {
      "type": "Feature",
      "id": "sh-fgj-5P001-01-address-reference",
      "geometry": {
        "type": "Point",
        "coordinates": [
          121.212344,
          31.007676
        ]
      },
      "properties": {
        "officialId": "sh-fgj-5P001-01",
        "wikipediaId": "wiki-heritage-t18-r0002",
        "batch": 5,
        "officialCodeRaw": "5P001",
        "name": "杜正华旧居",
        "articleTitle": "杜正华旧居",
        "address": "松江区仓城秀南街6、8号",
        "addressComparison": "different-as-listed",
        "coordinateScope": "building-complex-reference-point",
        "coordinateSystem": "WGS84",
        "precisionDegrees": null,
        "origin": "shanghai-library",
        "sourceUrl": "https://data.library.sh.cn/entity/architecture/gdzogunqmiigcvka",
        "coordinateSourceTitle": "上海图书馆历史建筑开放数据",
        "sourceAddress": "仓城秀南街8号",
        "locationNote": "此为门址所在里弄、院落或建筑群参考点，未逐栋核定位置。 来源门址与官方写法有差异，原始门牌和对照理由均保留。",
        "wikipediaUrl": "https://zh.wikipedia.org/zh-hans/上海市优秀历史建筑",
        "wikidataId": null,
        "historicalGeometryVerified": false
      }
    },
    {
      "type": "Feature",
      "id": "sh-fgj-5P002-01-address-reference",
      "geometry": {
        "type": "Point",
        "coordinates": [
          121.206235,
          31.007554
        ]
      },
      "properties": {
        "officialId": "sh-fgj-5P002-01",
        "wikipediaId": "wiki-heritage-t18-r0003",
        "batch": 5,
        "officialCodeRaw": "5P002",
        "name": "康奉吉宅、螃蜞老妪宅、宋士琼宅、侯宅、沈开三宅",
        "articleTitle": "康奉吉宅、螃蜞老妪宅、宋士琼宅、侯宅、沈开三宅",
        "address": "松江区仓城秀南街102号-114号（双号）",
        "addressComparison": "different-as-listed",
        "coordinateScope": "building-complex-reference-point",
        "coordinateSystem": "WGS84",
        "precisionDegrees": null,
        "origin": "shanghai-library",
        "sourceUrl": "https://data.library.sh.cn/entity/architecture/sil1fta70urtswwa",
        "coordinateSourceTitle": "上海图书馆历史建筑开放数据",
        "sourceAddress": "仓城秀南街102号-112号",
        "locationNote": "此为门址所在里弄、院落或建筑群参考点，未逐栋核定位置。 来源门址与官方写法有差异，原始门牌和对照理由均保留。",
        "wikipediaUrl": "https://zh.wikipedia.org/zh-hans/上海市优秀历史建筑",
        "wikidataId": null,
        "historicalGeometryVerified": false
      }
    },
    {
      "type": "Feature",
      "id": "sh-fgj-5P003-01-address-reference",
      "geometry": {
        "type": "Point",
        "coordinates": [
          121.205412,
          31.008228
        ]
      },
      "properties": {
        "officialId": "sh-fgj-5P003-01",
        "wikipediaId": "wiki-heritage-t18-r0004",
        "batch": 5,
        "officialCodeRaw": "5P003",
        "name": "待考",
        "articleTitle": "仓城中山西路317号 陆氏宅",
        "address": "松江区仓城秀中山西路317-323号（单号）",
        "addressComparison": "different-as-listed",
        "coordinateScope": "building-complex-reference-point",
        "coordinateSystem": "WGS84",
        "precisionDegrees": null,
        "origin": "shanghai-library",
        "sourceUrl": "https://data.library.sh.cn/entity/architecture/c1a8h1fvjuogftta",
        "coordinateSourceTitle": "上海图书馆历史建筑开放数据",
        "sourceAddress": "仓城中山西路317号",
        "locationNote": "此为门址所在里弄、院落或建筑群参考点，未逐栋核定位置。 来源门址与官方写法有差异，原始门牌和对照理由均保留。",
        "wikipediaUrl": "https://zh.wikipedia.org/zh-hans/上海市优秀历史建筑",
        "wikidataId": null,
        "historicalGeometryVerified": false
      }
    },
    {
      "type": "Feature",
      "id": "sh-fgj-5K001-01-address-reference",
      "geometry": {
        "type": "Point",
        "coordinates": [
          121.340396,
          31.41787
        ]
      },
      "properties": {
        "officialId": "sh-fgj-5K001-01",
        "wikipediaId": "wiki-heritage-t14-r0002",
        "batch": 5,
        "officialCodeRaw": "5K001",
        "name": "花神堂",
        "articleTitle": "花神堂",
        "address": "罗店赵巷街136号",
        "addressComparison": "exact",
        "coordinateScope": "address-reference-point",
        "coordinateSystem": "WGS84",
        "precisionDegrees": null,
        "origin": "shanghai-library",
        "sourceUrl": "https://data.library.sh.cn/entity/architecture/se6udth8qdak33p2",
        "coordinateSourceTitle": "上海图书馆历史建筑开放数据",
        "sourceAddress": "罗店赵巷街136号",
        "locationNote": "此为来源目录门牌参考点，未独立测绘或核定建筑轮廓。",
        "wikipediaUrl": "https://zh.wikipedia.org/zh-hans/上海市优秀历史建筑",
        "wikidataId": null,
        "historicalGeometryVerified": false
      }
    },
    {
      "type": "Feature",
      "id": "sh-fgj-5R001-01-address-reference",
      "geometry": {
        "type": "Point",
        "coordinates": [
          121.614497,
          31.549655
        ]
      },
      "properties": {
        "officialId": "sh-fgj-5R001-01",
        "wikipediaId": "wiki-heritage-t21-r0002",
        "batch": 5,
        "officialCodeRaw": "5R001",
        "name": "倪葆生住宅、志愿军驻地、粮管所粮仓",
        "articleTitle": "倪葆生住宅、志愿军驻地、粮管所粮仓",
        "address": "崇明区堡镇财贸村石桥834号",
        "addressComparison": "different-as-listed",
        "coordinateScope": "address-reference-point",
        "coordinateSystem": "WGS84",
        "precisionDegrees": null,
        "origin": "shanghai-library",
        "sourceUrl": "https://data.library.sh.cn/entity/architecture/otkpjyy60yqriren",
        "coordinateSourceTitle": "上海图书馆历史建筑开放数据",
        "sourceAddress": "财贸村石桥834号",
        "locationNote": "此为来源目录门牌参考点，未独立测绘或核定建筑轮廓。 来源门址与官方写法有差异，原始门牌和对照理由均保留。",
        "wikipediaUrl": "https://zh.wikipedia.org/zh-hans/上海市优秀历史建筑",
        "wikidataId": null,
        "historicalGeometryVerified": false
      }
    },
    {
      "type": "Feature",
      "id": "sh-fgj-5Y001-01-address-reference",
      "geometry": {
        "type": "Point",
        "coordinates": [
          121.012412,
          30.889861
        ]
      },
      "properties": {
        "officialId": "sh-fgj-5Y001-01",
        "wikipediaId": "wiki-heritage-t17-r0002",
        "batch": 5,
        "officialCodeRaw": "5Y001",
        "name": "住宅",
        "articleTitle": "枫泾生产街70号、2油车弄2号 住宅",
        "address": "枫泾镇生产街70号、油车弄2号",
        "addressComparison": "different-as-listed",
        "coordinateScope": "building-complex-reference-point",
        "coordinateSystem": "WGS84",
        "precisionDegrees": null,
        "origin": "shanghai-library",
        "sourceUrl": "https://data.library.sh.cn/entity/architecture/825464oviuy8tf3c",
        "coordinateSourceTitle": "上海图书馆历史建筑开放数据",
        "sourceAddress": "枫泾生产街70号、2油车弄2号",
        "locationNote": "此为门址所在里弄、院落或建筑群参考点，未逐栋核定位置。 来源门址与官方写法有差异，原始门牌和对照理由均保留。",
        "wikipediaUrl": "https://zh.wikipedia.org/zh-hans/上海市优秀历史建筑",
        "wikidataId": null,
        "historicalGeometryVerified": false
      }
    },
    {
      "type": "Feature",
      "id": "sh-fgj-5Y002-01-address-reference",
      "geometry": {
        "type": "Point",
        "coordinates": [
          121.013622,
          30.890391
        ]
      },
      "properties": {
        "officialId": "sh-fgj-5Y002-01",
        "wikipediaId": "wiki-heritage-t17-r0004",
        "batch": 5,
        "officialCodeRaw": "5Y002",
        "name": "陈舜俞故居、枫泾民俗博物馆",
        "articleTitle": "陈舜俞故居、枫泾民俗博物馆",
        "address": "枫泾镇和平街49号",
        "addressComparison": "different-as-listed",
        "coordinateScope": "address-reference-point",
        "coordinateSystem": "WGS84",
        "precisionDegrees": null,
        "origin": "shanghai-library",
        "sourceUrl": "https://data.library.sh.cn/entity/architecture/y5zinkfx2hnjyup2",
        "coordinateSourceTitle": "上海图书馆历史建筑开放数据",
        "sourceAddress": "枫泾和平街49号",
        "locationNote": "此为来源目录门牌参考点，未独立测绘或核定建筑轮廓。 来源门址与官方写法有差异，原始门牌和对照理由均保留。",
        "wikipediaUrl": "https://zh.wikipedia.org/zh-hans/上海市优秀历史建筑",
        "wikidataId": null,
        "historicalGeometryVerified": false
      }
    },
    {
      "type": "Feature",
      "id": "sh-fgj-5Y003-01-address-reference",
      "geometry": {
        "type": "Point",
        "coordinates": [
          121.008952,
          30.888166
        ]
      },
      "properties": {
        "officialId": "sh-fgj-5Y003-01",
        "wikipediaId": "wiki-heritage-t17-r0005",
        "batch": 5,
        "officialCodeRaw": "5Y003",
        "name": "丁义兴熟食店、丁义兴小酒店",
        "articleTitle": "丁义兴熟食店、丁义兴小酒店",
        "address": "枫泾镇南大街149号",
        "addressComparison": "different-as-listed",
        "coordinateScope": "address-reference-point",
        "coordinateSystem": "WGS84",
        "precisionDegrees": null,
        "origin": "shanghai-library",
        "sourceUrl": "https://data.library.sh.cn/entity/architecture/vtm2lo1fua8hn4o0",
        "coordinateSourceTitle": "上海图书馆历史建筑开放数据",
        "sourceAddress": "枫泾南大街149号",
        "locationNote": "此为来源目录门牌参考点，未独立测绘或核定建筑轮廓。 来源门址与官方写法有差异，原始门牌和对照理由均保留。",
        "wikipediaUrl": "https://zh.wikipedia.org/zh-hans/上海市优秀历史建筑",
        "wikidataId": null,
        "historicalGeometryVerified": false
      }
    },
    {
      "type": "Feature",
      "id": "sh-fgj-5Z001-01-address-reference",
      "geometry": {
        "type": "Point",
        "coordinates": [
          121.392678,
          30.907906
        ]
      },
      "properties": {
        "officialId": "sh-fgj-5Z001-01",
        "wikipediaId": "wiki-heritage-t20-r0002",
        "batch": 5,
        "officialCodeRaw": "5Z001",
        "name": "庄行东街沿街商铺民宅",
        "articleTitle": "庄行东街沿街商铺民宅",
        "address": "庄行镇一新路95-97号（单号）、庄行东街6-50号（双号）、庄行东街17-43号（单号）",
        "addressComparison": "different-as-listed",
        "coordinateScope": "building-complex-reference-point",
        "coordinateSystem": "WGS84",
        "precisionDegrees": null,
        "origin": "shanghai-library",
        "sourceUrl": "https://data.library.sh.cn/entity/architecture/aji41o7jedzsdgrb",
        "coordinateSourceTitle": "上海图书馆历史建筑开放数据",
        "sourceAddress": "庄行东街8-22、26-34、38-50、17-43号",
        "locationNote": "此为门址所在里弄、院落或建筑群参考点，未逐栋核定位置。 来源门址与官方写法有差异，原始门牌和对照理由均保留。",
        "wikipediaUrl": "https://zh.wikipedia.org/zh-hans/上海市优秀历史建筑",
        "wikidataId": null,
        "historicalGeometryVerified": false
      }
    },
    {
      "type": "Feature",
      "id": "sh-fgj-5Z002-01-address-reference",
      "geometry": {
        "type": "Point",
        "coordinates": [
          121.576447,
          30.923018
        ]
      },
      "properties": {
        "officialId": "sh-fgj-5Z002-01",
        "wikipediaId": "wiki-heritage-t20-r0003",
        "batch": 5,
        "officialCodeRaw": "5Z002",
        "name": "住宅",
        "articleTitle": "青村镇中街18弄2-3号、10弄9-12号 住宅",
        "address": "青村镇中街10弄9-12号、18弄1-4号、20-26号（双号）",
        "addressComparison": "different-as-listed",
        "coordinateScope": "building-complex-reference-point",
        "coordinateSystem": "WGS84",
        "precisionDegrees": null,
        "origin": "shanghai-library",
        "sourceUrl": "https://data.library.sh.cn/entity/architecture/v5uww72kt44vqvhu",
        "coordinateSourceTitle": "上海图书馆历史建筑开放数据",
        "sourceAddress": "青村镇中街18弄2-3号、10弄9-12号",
        "locationNote": "此为门址所在里弄、院落或建筑群参考点，未逐栋核定位置。 来源门址与官方写法有差异，原始门牌和对照理由均保留。",
        "wikipediaUrl": "https://zh.wikipedia.org/zh-hans/上海市优秀历史建筑",
        "wikidataId": null,
        "historicalGeometryVerified": false
      }
    },
    {
      "type": "Feature",
      "id": "sh-fgj-5S001-01-address-reference",
      "geometry": {
        "type": "Point",
        "coordinates": [
          121.25081,
          31.382641
        ]
      },
      "properties": {
        "officialId": "sh-fgj-5S001-01",
        "wikipediaId": "wiki-heritage-t15-r0002",
        "batch": 5,
        "officialCodeRaw": "5S001",
        "name": "汇龙潭公园",
        "articleTitle": "汇龙潭公园",
        "address": "嘉定镇沙霞路68号",
        "addressComparison": "different-as-listed",
        "coordinateScope": "building-complex-reference-point",
        "coordinateSystem": "WGS84",
        "precisionDegrees": null,
        "origin": "shanghai-library",
        "sourceUrl": "https://data.library.sh.cn/entity/architecture/nik5x14nco021fb2",
        "coordinateSourceTitle": "上海图书馆历史建筑开放数据",
        "sourceAddress": "州桥沙霞路68号",
        "locationNote": "此为门址所在里弄、院落或建筑群参考点，未逐栋核定位置。 来源门址与官方写法有差异，原始门牌和对照理由均保留。",
        "wikipediaUrl": "https://zh.wikipedia.org/zh-hans/上海市优秀历史建筑",
        "wikidataId": null,
        "historicalGeometryVerified": false
      }
    },
    {
      "type": "Feature",
      "id": "sh-fgj-5S002-01-address-reference",
      "geometry": {
        "type": "Point",
        "coordinates": [
          121.242112,
          31.383552
        ]
      },
      "properties": {
        "officialId": "sh-fgj-5S002-01",
        "wikipediaId": "wiki-heritage-t15-r0003",
        "batch": 5,
        "officialCodeRaw": "5S002",
        "name": "耶稣圣心堂、宫保桥天主堂",
        "articleTitle": "耶稣圣心堂、宫保桥天主堂",
        "address": "嘉定镇中下塘街99号",
        "addressComparison": "different-as-listed",
        "coordinateScope": "address-reference-point",
        "coordinateSystem": "WGS84",
        "precisionDegrees": null,
        "origin": "shanghai-library",
        "sourceUrl": "https://data.library.sh.cn/entity/architecture/ef6y676wcruaz3e7",
        "coordinateSourceTitle": "上海图书馆历史建筑开放数据",
        "sourceAddress": "西门中下塘街99号",
        "locationNote": "此为来源目录门牌参考点，未独立测绘或核定建筑轮廓。 来源门址与官方写法有差异，原始门牌和对照理由均保留。",
        "wikipediaUrl": "https://zh.wikipedia.org/zh-hans/上海市优秀历史建筑",
        "wikidataId": null,
        "historicalGeometryVerified": false
      }
    },
    {
      "type": "Feature",
      "id": "sh-fgj-5S003-01-address-reference",
      "geometry": {
        "type": "Point",
        "coordinates": [
          121.247188,
          31.385291
        ]
      },
      "properties": {
        "officialId": "sh-fgj-5S003-01",
        "wikipediaId": "wiki-heritage-t15-r0004",
        "batch": 5,
        "officialCodeRaw": "5S003",
        "name": "华兴永电气公司职工疗养所、塔前招待所",
        "articleTitle": "华兴永电气公司职工疗养所、塔前招待所",
        "address": "嘉定镇南大街321号",
        "addressComparison": "different-as-listed",
        "coordinateScope": "address-reference-point",
        "coordinateSystem": "WGS84",
        "precisionDegrees": null,
        "origin": "shanghai-library",
        "sourceUrl": "https://data.library.sh.cn/entity/architecture/545jux6n7fwv8y2q",
        "coordinateSourceTitle": "上海图书馆历史建筑开放数据",
        "sourceAddress": "州桥南大街321号",
        "locationNote": "此为来源目录门牌参考点，未独立测绘或核定建筑轮廓。 来源门址与官方写法有差异，原始门牌和对照理由均保留。",
        "wikipediaUrl": "https://zh.wikipedia.org/zh-hans/上海市优秀历史建筑",
        "wikidataId": null,
        "historicalGeometryVerified": false
      }
    },
    {
      "type": "Feature",
      "id": "sh-fgj-5S004-01-address-reference",
      "geometry": {
        "type": "Point",
        "coordinates": [
          121.30366,
          31.293203
        ]
      },
      "properties": {
        "officialId": "sh-fgj-5S004-01",
        "wikipediaId": "wiki-heritage-t15-r0005",
        "batch": 5,
        "officialCodeRaw": "5S004",
        "name": "待考",
        "articleTitle": "双塔解放街222号、237号 南翔双塔周边",
        "address": "南翔镇解放街218、222号、237号，人民街44、46、58、65、67、69、71、73、75号",
        "addressComparison": "different-as-listed",
        "coordinateScope": "building-complex-reference-point",
        "coordinateSystem": "WGS84",
        "precisionDegrees": null,
        "origin": "shanghai-library",
        "sourceUrl": "https://data.library.sh.cn/entity/architecture/wjcr0rupc5ovg8ot",
        "coordinateSourceTitle": "上海图书馆历史建筑开放数据",
        "sourceAddress": "双塔解放街222号、237号",
        "locationNote": "此为门址所在里弄、院落或建筑群参考点，未逐栋核定位置。 来源门址与官方写法有差异，原始门牌和对照理由均保留。",
        "wikipediaUrl": "https://zh.wikipedia.org/zh-hans/上海市优秀历史建筑",
        "wikidataId": null,
        "historicalGeometryVerified": false
      }
    },
    {
      "type": "Feature",
      "id": "sh-fgj-5X001-01-address-reference",
      "geometry": {
        "type": "Point",
        "coordinates": [
          121.051047,
          31.107818
        ]
      },
      "properties": {
        "officialId": "sh-fgj-5X001-01",
        "wikipediaId": "wiki-heritage-t19-r0002",
        "batch": 5,
        "officialCodeRaw": "5X001",
        "name": "仲宅",
        "articleTitle": "仲宅",
        "address": "朱家角镇胜利街239弄7号",
        "addressComparison": "different-as-listed",
        "coordinateScope": "address-reference-point",
        "coordinateSystem": "WGS84",
        "precisionDegrees": null,
        "origin": "shanghai-library",
        "sourceUrl": "https://data.library.sh.cn/entity/architecture/8o1n4z7x6rc6x2eg",
        "coordinateSourceTitle": "上海图书馆历史建筑开放数据",
        "sourceAddress": "朱家角古镇胜利街239弄7号",
        "locationNote": "此为来源目录门牌参考点，未独立测绘或核定建筑轮廓。 来源门址与官方写法有差异，原始门牌和对照理由均保留。",
        "wikipediaUrl": "https://zh.wikipedia.org/zh-hans/上海市优秀历史建筑",
        "wikidataId": null,
        "historicalGeometryVerified": false
      }
    },
    {
      "type": "Feature",
      "id": "sh-fgj-5X002-01-address-reference",
      "geometry": {
        "type": "Point",
        "coordinates": [
          121.047542,
          31.111577
        ]
      },
      "properties": {
        "officialId": "sh-fgj-5X002-01",
        "wikipediaId": "wiki-heritage-t19-r0003",
        "batch": 5,
        "officialCodeRaw": "5X002",
        "name": "朱家角天主堂",
        "articleTitle": "朱家角天主堂",
        "address": "朱家角镇漕河街317弄27号",
        "addressComparison": "different-as-listed",
        "coordinateScope": "building-reference-point",
        "coordinateSystem": "WGS84",
        "precisionDegrees": null,
        "origin": "openstreetmap",
        "sourceUrl": "https://www.openstreetmap.org/node/12624958031",
        "coordinateSourceTitle": "OpenStreetMap",
        "sourceAddress": "漕河街317弄27号",
        "locationNote": "此点为OSM同名同门牌建筑参考点，源未声明测量精度。 © OpenStreetMap contributors · ODbL-1.0",
        "wikipediaUrl": "https://zh.wikipedia.org/zh-hans/上海市优秀历史建筑",
        "wikidataId": null,
        "historicalGeometryVerified": false
      }
    },
    {
      "type": "Feature",
      "id": "sh-fgj-5X006-01-address-reference",
      "geometry": {
        "type": "Point",
        "coordinates": [
          121.036192,
          31.007529
        ]
      },
      "properties": {
        "officialId": "sh-fgj-5X006-01",
        "wikipediaId": "wiki-heritage-t19-r0007",
        "batch": 5,
        "officialCodeRaw": "5X006",
        "name": "陆家米行旧址",
        "articleTitle": "陆家米行旧址",
        "address": "练塘镇前进街77号",
        "addressComparison": "different-as-listed",
        "coordinateScope": "address-reference-point",
        "coordinateSystem": "WGS84",
        "precisionDegrees": null,
        "origin": "shanghai-library",
        "sourceUrl": "https://data.library.sh.cn/entity/architecture/8fcpdrdvw7ffy0y8",
        "coordinateSourceTitle": "上海图书馆历史建筑开放数据",
        "sourceAddress": "练塘古镇前进街77号",
        "locationNote": "此为来源目录门牌参考点，未独立测绘或核定建筑轮廓。 来源门址与官方写法有差异，原始门牌和对照理由均保留。",
        "wikipediaUrl": "https://zh.wikipedia.org/zh-hans/上海市优秀历史建筑",
        "wikidataId": null,
        "historicalGeometryVerified": false
      }
    },
    {
      "type": "Feature",
      "id": "sh-fgj-5X007-01-address-reference",
      "geometry": {
        "type": "Point",
        "coordinates": [
          121.053031,
          31.107808
        ]
      },
      "properties": {
        "officialId": "sh-fgj-5X007-01",
        "wikipediaId": "wiki-heritage-t19-r0008",
        "batch": 5,
        "officialCodeRaw": "5X007",
        "name": "周氏民宅",
        "articleTitle": "周氏民宅",
        "address": "朱家镇东市街157号",
        "addressComparison": "different-as-listed",
        "coordinateScope": "address-reference-point",
        "coordinateSystem": "WGS84",
        "precisionDegrees": null,
        "origin": "shanghai-library",
        "sourceUrl": "https://data.library.sh.cn/entity/architecture/ymn2oordbn6sj00u",
        "coordinateSourceTitle": "上海图书馆历史建筑开放数据",
        "sourceAddress": "朱家角古镇东市街157号",
        "locationNote": "此为来源目录门牌参考点，未独立测绘或核定建筑轮廓。 来源门址与官方写法有差异，原始门牌和对照理由均保留。",
        "wikipediaUrl": "https://zh.wikipedia.org/zh-hans/上海市优秀历史建筑",
        "wikidataId": null,
        "historicalGeometryVerified": false
      }
    },
    {
      "type": "Feature",
      "id": "sh-fgj-5X008-01-address-reference",
      "geometry": {
        "type": "Point",
        "coordinates": [
          121.049282,
          31.114582
        ]
      },
      "properties": {
        "officialId": "sh-fgj-5X008-01",
        "wikipediaId": "wiki-heritage-t19-r0009",
        "batch": 5,
        "officialCodeRaw": "5X008",
        "name": "杨氏民宅",
        "articleTitle": "杨氏民宅",
        "address": "朱家角镇西井街56弄",
        "addressComparison": "different-as-listed",
        "coordinateScope": "building-complex-reference-point",
        "coordinateSystem": "WGS84",
        "precisionDegrees": null,
        "origin": "shanghai-library",
        "sourceUrl": "https://data.library.sh.cn/entity/architecture/kf071nst7yucmv2e",
        "coordinateSourceTitle": "上海图书馆历史建筑开放数据",
        "sourceAddress": "朱家角古镇西井街56弄",
        "locationNote": "此为门址所在里弄、院落或建筑群参考点，未逐栋核定位置。 来源门址与官方写法有差异，原始门牌和对照理由均保留。",
        "wikipediaUrl": "https://zh.wikipedia.org/zh-hans/上海市优秀历史建筑",
        "wikidataId": null,
        "historicalGeometryVerified": false
      }
    },
    {
      "type": "Feature",
      "id": "sh-fgj-5X009-01-address-reference",
      "geometry": {
        "type": "Point",
        "coordinates": [
          121.050805,
          31.11299
        ]
      },
      "properties": {
        "officialId": "sh-fgj-5X009-01",
        "wikipediaId": "wiki-heritage-t19-r0010",
        "batch": 5,
        "officialCodeRaw": "5X009",
        "name": "淼趣楼",
        "articleTitle": "淼趣楼",
        "address": "朱家角镇北大街222号",
        "addressComparison": "exact",
        "coordinateScope": "address-reference-point",
        "coordinateSystem": "WGS84",
        "precisionDegrees": null,
        "origin": "shanghai-library",
        "sourceUrl": "https://data.library.sh.cn/entity/architecture/p0qd83txm2s6bzci",
        "coordinateSourceTitle": "上海图书馆历史建筑开放数据",
        "sourceAddress": "朱家角镇北大街222号",
        "locationNote": "此为来源目录门牌参考点，未独立测绘或核定建筑轮廓。",
        "wikipediaUrl": "https://zh.wikipedia.org/zh-hans/上海市优秀历史建筑",
        "wikidataId": null,
        "historicalGeometryVerified": false
      }
    },
    {
      "type": "Feature",
      "id": "sh-fgj-5X010-01-address-reference",
      "geometry": {
        "type": "Point",
        "coordinates": [
          120.915873,
          31.036492
        ]
      },
      "properties": {
        "officialId": "sh-fgj-5X010-01",
        "wikipediaId": "wiki-heritage-t19-r0011",
        "batch": 5,
        "officialCodeRaw": "5X010",
        "name": "陈家仓库",
        "articleTitle": "陈家仓库",
        "address": "金泽镇下塘街16号",
        "addressComparison": "different-as-listed",
        "coordinateScope": "address-reference-point",
        "coordinateSystem": "WGS84",
        "precisionDegrees": null,
        "origin": "shanghai-library",
        "sourceUrl": "https://data.library.sh.cn/entity/architecture/fu5akx56prgmajot",
        "coordinateSourceTitle": "上海图书馆历史建筑开放数据",
        "sourceAddress": "金泽古镇下塘街16号",
        "locationNote": "此为来源目录门牌参考点，未独立测绘或核定建筑轮廓。 来源门址与官方写法有差异，原始门牌和对照理由均保留。",
        "wikipediaUrl": "https://zh.wikipedia.org/zh-hans/上海市优秀历史建筑",
        "wikidataId": null,
        "historicalGeometryVerified": false
      }
    },
    {
      "type": "Feature",
      "id": "sh-fgj-5X011-01-address-reference",
      "geometry": {
        "type": "Point",
        "coordinates": [
          121.043762,
          31.0921
        ]
      },
      "properties": {
        "officialId": "sh-fgj-5X011-01",
        "wikipediaId": "wiki-heritage-t19-r0012",
        "batch": 5,
        "officialCodeRaw": "5X011",
        "name": "张氏民宅",
        "articleTitle": "张氏民宅",
        "address": "朱家角镇祥凝浜路602号",
        "addressComparison": "different-as-listed",
        "coordinateScope": "address-reference-point",
        "coordinateSystem": "WGS84",
        "precisionDegrees": null,
        "origin": "shanghai-library",
        "sourceUrl": "https://data.library.sh.cn/entity/architecture/htb8ailk17ssbavc",
        "coordinateSourceTitle": "上海图书馆历史建筑开放数据",
        "sourceAddress": "朱家角镇祥凝浜602号",
        "locationNote": "此为来源目录门牌参考点，未独立测绘或核定建筑轮廓。 来源门址与官方写法有差异，原始门牌和对照理由均保留。",
        "wikipediaUrl": "https://zh.wikipedia.org/zh-hans/上海市优秀历史建筑",
        "wikidataId": null,
        "historicalGeometryVerified": false
      }
    },
    {
      "type": "Feature",
      "id": "sh-fgj-5X013-01-address-reference",
      "geometry": {
        "type": "Point",
        "coordinates": [
          121.174249,
          31.207306
        ]
      },
      "properties": {
        "officialId": "sh-fgj-5X013-01",
        "wikipediaId": "wiki-heritage-t19-r0014",
        "batch": 5,
        "officialCodeRaw": "5X013",
        "name": "住宅",
        "articleTitle": "重固古镇通波塘西街53号 住宅",
        "address": "重固镇通波塘西街53号",
        "addressComparison": "different-as-listed",
        "coordinateScope": "address-reference-point",
        "coordinateSystem": "WGS84",
        "precisionDegrees": null,
        "origin": "shanghai-library",
        "sourceUrl": "https://data.library.sh.cn/entity/architecture/hxwrdxbubmwken4e",
        "coordinateSourceTitle": "上海图书馆历史建筑开放数据",
        "sourceAddress": "重固古镇通波塘西街53号",
        "locationNote": "此为来源目录门牌参考点，未独立测绘或核定建筑轮廓。 来源门址与官方写法有差异，原始门牌和对照理由均保留。",
        "wikipediaUrl": "https://zh.wikipedia.org/zh-hans/上海市优秀历史建筑",
        "wikidataId": null,
        "historicalGeometryVerified": false
      }
    }
  ]
}
